[2024-11-11 17:31:35] local.ERROR: SQLSTATE[01000]: Warning: 1265 Data truncated for column 'status_pembayaran' at row 1 (Connection: mysql, SQL: insert into `status_pembayaran` (`status_pembayaran`) values (Ditunda)) {"exception":"[object] (Illuminate\\Database\\QueryException(code: 01000): SQLSTATE[01000]: Warning: 1265 Data truncated for column 'status_pembayaran' at row 1 (Connection: mysql, SQL: insert into `status_pembayaran` (`status_pembayaran`) values (Ditunda)) at C:\\xampp\\htdocs\\final-project-nf\\prelovedcampus\\vendor\\laravel\\framework\\src\\Illuminate\\Database\\Connection.php:825)
[stacktrace]
#0 C:\\xampp\\htdocs\\final-project-nf\\prelovedcampus\\vendor\\laravel\\framework\\src\\Illuminate\\Database\\Connection.php(779): Illuminate\\Database\\Connection->runQueryCallback('insert into `st...', Array, Object(Closure))
#1 C:\\xampp\\htdocs\\final-project-nf\\prelovedcampus\\vendor\\laravel\\framework\\src\\Illuminate\\Database\\MySqlConnection.php(42): Illuminate\\Database\\Connection->run('insert into `st...', Array, Object(Closure))
#2 C:\\xampp\\htdocs\\final-project-nf\\prelovedcampus\\vendor\\laravel\\framework\\src\\Illuminate\\Database\\Query\\Processors\\MySqlProcessor.php(35): Illuminate\\Database\\MySqlConnection->insert('insert into `st...', Array, 'id')
#3 C:\\xampp\\htdocs\\final-project-nf\\prelovedcampus\\vendor\\laravel\\framework\\src\\Illuminate\\Database\\Query\\Builder.php(3798): Illuminate\\Database\\Query\\Processors\\MySqlProcessor->processInsertGetId(Object(Illuminate\\Database\\Query\\Builder), 'insert into `st...', Array, 'id')
#4 C:\\xampp\\htdocs\\final-project-nf\\prelovedcampus\\vendor\\laravel\\framework\\src\\Illuminate\\Database\\Eloquent\\Builder.php(2038): Illuminate\\Database\\Query\\Builder->insertGetId(Array, 'id')
#5 C:\\xampp\\htdocs\\final-project-nf\\prelovedcampus\\vendor\\laravel\\framework\\src\\Illuminate\\Database\\Eloquent\\Model.php(1358): Illuminate\\Database\\Eloquent\\Builder->__call('insertGetId', Array)
#6 C:\\xampp\\htdocs\\final-project-nf\\prelovedcampus\\vendor\\laravel\\framework\\src\\Illuminate\\Database\\Eloquent\\Model.php(1323): Illuminate\\Database\\Eloquent\\Model->insertAndSetId(Object(Illuminate\\Database\\Eloquent\\Builder), Array)
#7 C:\\xampp\\htdocs\\final-project-nf\\prelovedcampus\\vendor\\laravel\\framework\\src\\Illuminate\\Database\\Eloquent\\Model.php(1162): Illuminate\\Database\\Eloquent\\Model->performInsert(Object(Illuminate\\Database\\Eloquent\\Builder))
#8 C:\\xampp\\htdocs\\final-project-nf\\prelovedcampus\\vendor\\laravel\\framework\\src\\Illuminate\\Database\\Eloquent\\Builder.php(1079): Illuminate\\Database\\Eloquent\\Model->save()
#9 C:\\xampp\\htdocs\\final-project-nf\\prelovedcampus\\vendor\\laravel\\framework\\src\\Illuminate\\Support\\helpers.php(380): Illuminate\\Database\\Eloquent\\Builder->Illuminate\\Database\\Eloquent\\{closure}(Object(App\\Models\\StatusPembayaran))
#10 C:\\xampp\\htdocs\\final-project-nf\\prelovedcampus\\vendor\\laravel\\framework\\src\\Illuminate\\Database\\Eloquent\\Builder.php(1078): tap(Object(App\\Models\\StatusPembayaran), Object(Closure))
#11 C:\\xampp\\htdocs\\final-project-nf\\prelovedcampus\\vendor\\laravel\\framework\\src\\Illuminate\\Support\\Traits\\ForwardsCalls.php(23): Illuminate\\Database\\Eloquent\\Builder->create(Array)
#12 C:\\xampp\\htdocs\\final-project-nf\\prelovedcampus\\vendor\\laravel\\framework\\src\\Illuminate\\Database\\Eloquent\\Model.php(2367): Illuminate\\Database\\Eloquent\\Model->forwardCallTo(Object(Illuminate\\Database\\Eloquent\\Builder), 'create', Array)
#13 C:\\xampp\\htdocs\\final-project-nf\\prelovedcampus\\vendor\\laravel\\framework\\src\\Illuminate\\Database\\Eloquent\\Model.php(2379): Illuminate\\Database\\Eloquent\\Model->__call('create', Array)
#14 C:\\xampp\\htdocs\\final-project-nf\\prelovedcampus\\app\\Http\\Controllers\\StatusPembayaranController.php(24): Illuminate\\Database\\Eloquent\\Model::__callStatic('create', Array)
#15 C:\\xampp\\htdocs\\final-project-nf\\prelovedcampus\\vendor\\laravel\\framework\\src\\Illuminate\\Routing\\ControllerDispatcher.php(46): App\\Http\\Controllers\\StatusPembayaranController->store(Object(Illuminate\\Http\\Request))
#16 C:\\xampp\\htdocs\\final-project-nf\\prelovedcampus\\vendor\\laravel\\framework\\src\\Illuminate\\Routing\\Route.php(264): Illuminate\\Routing\\ControllerDispatcher->dispatch(Object(Illuminate\\Routing\\Route), Object(App\\Http\\Controllers\\StatusPembayaranController), 'store')
#17 C:\\xampp\\htdocs\\final-project-nf\\prelovedcampus\\vendor\\laravel\\framework\\src\\Illuminate\\Routing\\Route.php(210): Illuminate\\Routing\\Route->runController()
#18 C:\\xampp\\htdocs\\final-project-nf\\prelovedcampus\\vendor\\laravel\\framework\\src\\Illuminate\\Routing\\Router.php(808): Illuminate\\Routing\\Route->run()
#19 C:\\xampp\\htdocs\\final-project-nf\\prelovedcampus\\vendor\\laravel\\framework\\src\\Illuminate\\Pipeline\\Pipeline.php(144): Illuminate\\Routing\\Router->Illuminate\\Routing\\{closure}(Object(Illuminate\\Http\\Request))
#20 C:\\xampp\\htdocs\\final-project-nf\\prelovedcampus\\vendor\\laravel\\framework\\src\\Illuminate\\Routing\\Middleware\\SubstituteBindings.php(51): Illuminate\\Pipeline\\Pipeline->Illuminate\\Pipeline\\{closure}(Object(Illuminate\\Http\\Request))
#21 C:\\xampp\\htdocs\\final-project-nf\\prelovedcampus\\vendor\\laravel\\framework\\src\\Illuminate\\Pipeline\\Pipeline.php(183): Illuminate\\Routing\\Middleware\\SubstituteBindings->handle(Object(Illuminate\\Http\\Request), Object(Closure))
#22 C:\\xampp\\htdocs\\final-project-nf\\prelovedcampus\\vendor\\laravel\\framework\\src\\Illuminate\\Pipeline\\Pipeline.php(119): Illuminate\\Pipeline\\Pipeline->Illuminate\\Pipeline\\{closure}(Object(Illuminate\\Http\\Request))
#23 C:\\xampp\\htdocs\\final-project-nf\\prelovedcampus\\vendor\\laravel\\framework\\src\\Illuminate\\Routing\\Router.php(807): Illuminate\\Pipeline\\Pipeline->then(Object(Closure))
#24 C:\\xampp\\htdocs\\final-project-nf\\prelovedcampus\\vendor\\laravel\\framework\\src\\Illuminate\\Routing\\Router.php(786): Illuminate\\Routing\\Router->runRouteWithinStack(Object(Illuminate\\Routing\\Route), Object(Illuminate\\Http\\Request))
#25 C:\\xampp\\htdocs\\final-project-nf\\prelovedcampus\\vendor\\laravel\\framework\\src\\Illuminate\\Routing\\Router.php(750): Illuminate\\Routing\\Router->runRoute(Object(Illuminate\\Http\\Request), Object(Illuminate\\Routing\\Route))
#26 C:\\xampp\\htdocs\\final-project-nf\\prelovedcampus\\vendor\\laravel\\framework\\src\\Illuminate\\Routing\\Router.php(739): Illuminate\\Routing\\Router->dispatchToRoute(Object(Illuminate\\Http\\Request))
#27 C:\\xampp\\htdocs\\final-project-nf\\prelovedcampus\\vendor\\laravel\\framework\\src\\Illuminate\\Foundation\\Http\\Kernel.php(201): Illuminate\\Routing\\Router->dispatch(Object(Illuminate\\Http\\Request))
#28 C:\\xampp\\htdocs\\final-project-nf\\prelovedcampus\\vendor\\laravel\\framework\\src\\Illuminate\\Pipeline\\Pipeline.php(144): Illuminate\\Foundation\\Http\\Kernel->Illuminate\\Foundation\\Http\\{closure}(Object(Illuminate\\Http\\Request))
#29 C:\\xampp\\htdocs\\final-project-nf\\prelovedcampus\\vendor\\laravel\\framework\\src\\Illuminate\\Foundation\\Http\\Middleware\\TransformsRequest.php(21): Illuminate\\Pipeline\\Pipeline->Illuminate\\Pipeline\\{closure}(Object(Illuminate\\Http\\Request))
#30 C:\\xampp\\htdocs\\final-project-nf\\prelovedcampus\\vendor\\laravel\\framework\\src\\Illuminate\\Foundation\\Http\\Middleware\\ConvertEmptyStringsToNull.php(31): Illuminate\\Foundation\\Http\\Middleware\\TransformsRequest->handle(Object(Illuminate\\Http\\Request), Object(Closure))
#31 C:\\xampp\\htdocs\\final-project-nf\\prelovedcampus\\vendor\\laravel\\framework\\src\\Illuminate\\Pipeline\\Pipeline.php(183): Illuminate\\Foundation\\Http\\Middleware\\ConvertEmptyStringsToNull->handle(Object(Illuminate\\Http\\Request), Object(Closure))
#32 C:\\xampp\\htdocs\\final-project-nf\\prelovedcampus\\vendor\\laravel\\framework\\src\\Illuminate\\Foundation\\Http\\Middleware\\TransformsRequest.php(21): Illuminate\\Pipeline\\Pipeline->Illuminate\\Pipeline\\{closure}(Object(Illuminate\\Http\\Request))
#33 C:\\xampp\\htdocs\\final-project-nf\\prelovedcampus\\vendor\\laravel\\framework\\src\\Illuminate\\Foundation\\Http\\Middleware\\TrimStrings.php(51): Illuminate\\Foundation\\Http\\Middleware\\TransformsRequest->handle(Object(Illuminate\\Http\\Request), Object(Closure))
#34 C:\\xampp\\htdocs\\final-project-nf\\prelovedcampus\\vendor\\laravel\\framework\\src\\Illuminate\\Pipeline\\Pipeline.php(183): Illuminate\\Foundation\\Http\\Middleware\\TrimStrings->handle(Object(Illuminate\\Http\\Request), Object(Closure))
#35 C:\\xampp\\htdocs\\final-project-nf\\prelovedcampus\\vendor\\laravel\\framework\\src\\Illuminate\\Http\\Middleware\\ValidatePostSize.php(27): Illuminate\\Pipeline\\Pipeline->Illuminate\\Pipeline\\{closure}(Object(Illuminate\\Http\\Request))
#36 C:\\xampp\\htdocs\\final-project-nf\\prelovedcampus\\vendor\\laravel\\framework\\src\\Illuminate\\Pipeline\\Pipeline.php(183): Illuminate\\Http\\Middleware\\ValidatePostSize->handle(Object(Illuminate\\Http\\Request), Object(Closure))
#37 C:\\xampp\\htdocs\\final-project-nf\\prelovedcampus\\vendor\\laravel\\framework\\src\\Illuminate\\Foundation\\Http\\Middleware\\PreventRequestsDuringMaintenance.php(110): Illuminate\\Pipeline\\Pipeline->Illuminate\\Pipeline\\{closure}(Object(Illuminate\\Http\\Request))
#38 C:\\xampp\\htdocs\\final-project-nf\\prelovedcampus\\vendor\\laravel\\framework\\src\\Illuminate\\Pipeline\\Pipeline.php(183): Illuminate\\Foundation\\Http\\Middleware\\PreventRequestsDuringMaintenance->handle(Object(Illuminate\\Http\\Request), Object(Closure))
#39 C:\\xampp\\htdocs\\final-project-nf\\prelovedcampus\\vendor\\laravel\\framework\\src\\Illuminate\\Http\\Middleware\\HandleCors.php(62): Illuminate\\Pipeline\\Pipeline->Illuminate\\Pipeline\\{closure}(Object(Illuminate\\Http\\Request))
#40 C:\\xampp\\htdocs\\final-project-nf\\prelovedcampus\\vendor\\laravel\\framework\\src\\Illuminate\\Pipeline\\Pipeline.php(183): Illuminate\\Http\\Middleware\\HandleCors->handle(Object(Illuminate\\Http\\Request), Object(Closure))
#41 C:\\xampp\\htdocs\\final-project-nf\\prelovedcampus\\vendor\\laravel\\framework\\src\\Illuminate\\Http\\Middleware\\TrustProxies.php(58): Illuminate\\Pipeline\\Pipeline->Illuminate\\Pipeline\\{closure}(Object(Illuminate\\Http\\Request))
#42 C:\\xampp\\htdocs\\final-project-nf\\prelovedcampus\\vendor\\laravel\\framework\\src\\Illuminate\\Pipeline\\Pipeline.php(183): Illuminate\\Http\\Middleware\\TrustProxies->handle(Object(Illuminate\\Http\\Request), Object(Closure))
#43 C:\\xampp\\htdocs\\final-project-nf\\prelovedcampus\\vendor\\laravel\\framework\\src\\Illuminate\\Foundation\\Http\\Middleware\\InvokeDeferredCallbacks.php(22): Illuminate\\Pipeline\\Pipeline->Illuminate\\Pipeline\\{closure}(Object(Illuminate\\Http\\Request))
#44 C:\\xampp\\htdocs\\final-project-nf\\prelovedcampus\\vendor\\laravel\\framework\\src\\Illuminate\\Pipeline\\Pipeline.php(183): Illuminate\\Foundation\\Http\\Middleware\\InvokeDeferredCallbacks->handle(Object(Illuminate\\Http\\Request), Object(Closure))
#45 C:\\xampp\\htdocs\\final-project-nf\\prelovedcampus\\vendor\\laravel\\framework\\src\\Illuminate\\Pipeline\\Pipeline.php(119): Illuminate\\Pipeline\\Pipeline->Illuminate\\Pipeline\\{closure}(Object(Illuminate\\Http\\Request))
#46 C:\\xampp\\htdocs\\final-project-nf\\prelovedcampus\\vendor\\laravel\\framework\\src\\Illuminate\\Foundation\\Http\\Kernel.php(176): Illuminate\\Pipeline\\Pipeline->then(Object(Closure))
#47 C:\\xampp\\htdocs\\final-project-nf\\prelovedcampus\\vendor\\laravel\\framework\\src\\Illuminate\\Foundation\\Http\\Kernel.php(145): Illuminate\\Foundation\\Http\\Kernel->sendRequestThroughRouter(Object(Illuminate\\Http\\Request))
#48 C:\\xampp\\htdocs\\final-project-nf\\prelovedcampus\\vendor\\laravel\\framework\\src\\Illuminate\\Foundation\\Application.php(1188): Illuminate\\Foundation\\Http\\Kernel->handle(Object(Illuminate\\Http\\Request))
#49 C:\\xampp\\htdocs\\final-project-nf\\prelovedcampus\\public\\index.php(17): Illuminate\\Foundation\\Application->handleRequest(Object(Illuminate\\Http\\Request))
#50 C:\\xampp\\htdocs\\final-project-nf\\prelovedcampus\\vendor\\laravel\\framework\\src\\Illuminate\\Foundation\\resources\\server.php(23): require_once('C:\\\\xampp\\\\htdocs...')
#51 {main}

[previous exception] [object] (PDOException(code: 01000): SQLSTATE[01000]: Warning: 1265 Data truncated for column 'status_pembayaran' at row 1 at C:\\xampp\\htdocs\\final-project-nf\\prelovedcampus\\vendor\\laravel\\framework\\src\\Illuminate\\Database\\MySqlConnection.php:53)
[stacktrace]
#0 C:\\xampp\\htdocs\\final-project-nf\\prelovedcampus\\vendor\\laravel\\framework\\src\\Illuminate\\Database\\MySqlConnection.php(53): PDOStatement->execute()
#1 C:\\xampp\\htdocs\\final-project-nf\\prelovedcampus\\vendor\\laravel\\framework\\src\\Illuminate\\Database\\Connection.php(812): Illuminate\\Database\\MySqlConnection->Illuminate\\Database\\{closure}('insert into `st...', Array)
#2 C:\\xampp\\htdocs\\final-project-nf\\prelovedcampus\\vendor\\laravel\\framework\\src\\Illuminate\\Database\\Connection.php(779): Illuminate\\Database\\Connection->runQueryCallback('insert into `st...', Array, Object(Closure))
#3 C:\\xampp\\htdocs\\final-project-nf\\prelovedcampus\\vendor\\laravel\\framework\\src\\Illuminate\\Database\\MySqlConnection.php(42): Illuminate\\Database\\Connection->run('insert into `st...', Array, Object(Closure))
#4 C:\\xampp\\htdocs\\final-project-nf\\prelovedcampus\\vendor\\laravel\\framework\\src\\Illuminate\\Database\\Query\\Processors\\MySqlProcessor.php(35): Illuminate\\Database\\MySqlConnection->insert('insert into `st...', Array, 'id')
#5 C:\\xampp\\htdocs\\final-project-nf\\prelovedcampus\\vendor\\laravel\\framework\\src\\Illuminate\\Database\\Query\\Builder.php(3798): Illuminate\\Database\\Query\\Processors\\MySqlProcessor->processInsertGetId(Object(Illuminate\\Database\\Query\\Builder), 'insert into `st...', Array, 'id')
#6 C:\\xampp\\htdocs\\final-project-nf\\prelovedcampus\\vendor\\laravel\\framework\\src\\Illuminate\\Database\\Eloquent\\Builder.php(2038): Illuminate\\Database\\Query\\Builder->insertGetId(Array, 'id')
#7 C:\\xampp\\htdocs\\final-project-nf\\prelovedcampus\\vendor\\laravel\\framework\\src\\Illuminate\\Database\\Eloquent\\Model.php(1358): Illuminate\\Database\\Eloquent\\Builder->__call('insertGetId', Array)
#8 C:\\xampp\\htdocs\\final-project-nf\\prelovedcampus\\vendor\\laravel\\framework\\src\\Illuminate\\Database\\Eloquent\\Model.php(1323): Illuminate\\Database\\Eloquent\\Model->insertAndSetId(Object(Illuminate\\Database\\Eloquent\\Builder), Array)
#9 C:\\xampp\\htdocs\\final-project-nf\\prelovedcampus\\vendor\\laravel\\framework\\src\\Illuminate\\Database\\Eloquent\\Model.php(1162): Illuminate\\Database\\Eloquent\\Model->performInsert(Object(Illuminate\\Database\\Eloquent\\Builder))
#10 C:\\xampp\\htdocs\\final-project-nf\\prelovedcampus\\vendor\\laravel\\framework\\src\\Illuminate\\Database\\Eloquent\\Builder.php(1079): Illuminate\\Database\\Eloquent\\Model->save()
#11 C:\\xampp\\htdocs\\final-project-nf\\prelovedcampus\\vendor\\laravel\\framework\\src\\Illuminate\\Support\\helpers.php(380): Illuminate\\Database\\Eloquent\\Builder->Illuminate\\Database\\Eloquent\\{closure}(Object(App\\Models\\StatusPembayaran))
#12 C:\\xampp\\htdocs\\final-project-nf\\prelovedcampus\\vendor\\laravel\\framework\\src\\Illuminate\\Database\\Eloquent\\Builder.php(1078): tap(Object(App\\Models\\StatusPembayaran), Object(Closure))
#13 C:\\xampp\\htdocs\\final-project-nf\\prelovedcampus\\vendor\\laravel\\framework\\src\\Illuminate\\Support\\Traits\\ForwardsCalls.php(23): Illuminate\\Database\\Eloquent\\Builder->create(Array)
#14 C:\\xampp\\htdocs\\final-project-nf\\prelovedcampus\\vendor\\laravel\\framework\\src\\Illuminate\\Database\\Eloquent\\Model.php(2367): Illuminate\\Database\\Eloquent\\Model->forwardCallTo(Object(Illuminate\\Database\\Eloquent\\Builder), 'create', Array)
#15 C:\\xampp\\htdocs\\final-project-nf\\prelovedcampus\\vendor\\laravel\\framework\\src\\Illuminate\\Database\\Eloquent\\Model.php(2379): Illuminate\\Database\\Eloquent\\Model->__call('create', Array)
#16 C:\\xampp\\htdocs\\final-project-nf\\prelovedcampus\\app\\Http\\Controllers\\StatusPembayaranController.php(24): Illuminate\\Database\\Eloquent\\Model::__callStatic('create', Array)
#17 C:\\xampp\\htdocs\\final-project-nf\\prelovedcampus\\vendor\\laravel\\framework\\src\\Illuminate\\Routing\\ControllerDispatcher.php(46): App\\Http\\Controllers\\StatusPembayaranController->store(Object(Illuminate\\Http\\Request))
#18 C:\\xampp\\htdocs\\final-project-nf\\prelovedcampus\\vendor\\laravel\\framework\\src\\Illuminate\\Routing\\Route.php(264): Illuminate\\Routing\\ControllerDispatcher->dispatch(Object(Illuminate\\Routing\\Route), Object(App\\Http\\Controllers\\StatusPembayaranController), 'store')
#19 C:\\xampp\\htdocs\\final-project-nf\\prelovedcampus\\vendor\\laravel\\framework\\src\\Illuminate\\Routing\\Route.php(210): Illuminate\\Routing\\Route->runController()
#20 C:\\xampp\\htdocs\\final-project-nf\\prelovedcampus\\vendor\\laravel\\framework\\src\\Illuminate\\Routing\\Router.php(808): Illuminate\\Routing\\Route->run()
#21 C:\\xampp\\htdocs\\final-project-nf\\prelovedcampus\\vendor\\laravel\\framework\\src\\Illuminate\\Pipeline\\Pipeline.php(144): Illuminate\\Routing\\Router->Illuminate\\Routing\\{closure}(Object(Illuminate\\Http\\Request))
#22 C:\\xampp\\htdocs\\final-project-nf\\prelovedcampus\\vendor\\laravel\\framework\\src\\Illuminate\\Routing\\Middleware\\SubstituteBindings.php(51): Illuminate\\Pipeline\\Pipeline->Illuminate\\Pipeline\\{closure}(Object(Illuminate\\Http\\Request))
#23 C:\\xampp\\htdocs\\final-project-nf\\prelovedcampus\\vendor\\laravel\\framework\\src\\Illuminate\\Pipeline\\Pipeline.php(183): Illuminate\\Routing\\Middleware\\SubstituteBindings->handle(Object(Illuminate\\Http\\Request), Object(Closure))
#24 C:\\xampp\\htdocs\\final-project-nf\\prelovedcampus\\vendor\\laravel\\framework\\src\\Illuminate\\Pipeline\\Pipeline.php(119): Illuminate\\Pipeline\\Pipeline->Illuminate\\Pipeline\\{closure}(Object(Illuminate\\Http\\Request))
#25 C:\\xampp\\htdocs\\final-project-nf\\prelovedcampus\\vendor\\laravel\\framework\\src\\Illuminate\\Routing\\Router.php(807): Illuminate\\Pipeline\\Pipeline->then(Object(Closure))
#26 C:\\xampp\\htdocs\\final-project-nf\\prelovedcampus\\vendor\\laravel\\framework\\src\\Illuminate\\Routing\\Router.php(786): Illuminate\\Routing\\Router->runRouteWithinStack(Object(Illuminate\\Routing\\Route), Object(Illuminate\\Http\\Request))
#27 C:\\xampp\\htdocs\\final-project-nf\\prelovedcampus\\vendor\\laravel\\framework\\src\\Illuminate\\Routing\\Router.php(750): Illuminate\\Routing\\Router->runRoute(Object(Illuminate\\Http\\Request), Object(Illuminate\\Routing\\Route))
#28 C:\\xampp\\htdocs\\final-project-nf\\prelovedcampus\\vendor\\laravel\\framework\\src\\Illuminate\\Routing\\Router.php(739): Illuminate\\Routing\\Router->dispatchToRoute(Object(Illuminate\\Http\\Request))
#29 C:\\xampp\\htdocs\\final-project-nf\\prelovedcampus\\vendor\\laravel\\framework\\src\\Illuminate\\Foundation\\Http\\Kernel.php(201): Illuminate\\Routing\\Router->dispatch(Object(Illuminate\\Http\\Request))
#30 C:\\xampp\\htdocs\\final-project-nf\\prelovedcampus\\vendor\\laravel\\framework\\src\\Illuminate\\Pipeline\\Pipeline.php(144): Illuminate\\Foundation\\Http\\Kernel->Illuminate\\Foundation\\Http\\{closure}(Object(Illuminate\\Http\\Request))
#31 C:\\xampp\\htdocs\\final-project-nf\\prelovedcampus\\vendor\\laravel\\framework\\src\\Illuminate\\Foundation\\Http\\Middleware\\TransformsRequest.php(21): Illuminate\\Pipeline\\Pipeline->Illuminate\\Pipeline\\{closure}(Object(Illuminate\\Http\\Request))
#32 C:\\xampp\\htdocs\\final-project-nf\\prelovedcampus\\vendor\\laravel\\framework\\src\\Illuminate\\Foundation\\Http\\Middleware\\ConvertEmptyStringsToNull.php(31): Illuminate\\Foundation\\Http\\Middleware\\TransformsRequest->handle(Object(Illuminate\\Http\\Request), Object(Closure))
#33 C:\\xampp\\htdocs\\final-project-nf\\prelovedcampus\\vendor\\laravel\\framework\\src\\Illuminate\\Pipeline\\Pipeline.php(183): Illuminate\\Foundation\\Http\\Middleware\\ConvertEmptyStringsToNull->handle(Object(Illuminate\\Http\\Request), Object(Closure))
#34 C:\\xampp\\htdocs\\final-project-nf\\prelovedcampus\\vendor\\laravel\\framework\\src\\Illuminate\\Foundation\\Http\\Middleware\\TransformsRequest.php(21): Illuminate\\Pipeline\\Pipeline->Illuminate\\Pipeline\\{closure}(Object(Illuminate\\Http\\Request))
#35 C:\\xampp\\htdocs\\final-project-nf\\prelovedcampus\\vendor\\laravel\\framework\\src\\Illuminate\\Foundation\\Http\\Middleware\\TrimStrings.php(51): Illuminate\\Foundation\\Http\\Middleware\\TransformsRequest->handle(Object(Illuminate\\Http\\Request), Object(Closure))
#36 C:\\xampp\\htdocs\\final-project-nf\\prelovedcampus\\vendor\\laravel\\framework\\src\\Illuminate\\Pipeline\\Pipeline.php(183): Illuminate\\Foundation\\Http\\Middleware\\TrimStrings->handle(Object(Illuminate\\Http\\Request), Object(Closure))
#37 C:\\xampp\\htdocs\\final-project-nf\\prelovedcampus\\vendor\\laravel\\framework\\src\\Illuminate\\Http\\Middleware\\ValidatePostSize.php(27): Illuminate\\Pipeline\\Pipeline->Illuminate\\Pipeline\\{closure}(Object(Illuminate\\Http\\Request))
#38 C:\\xampp\\htdocs\\final-project-nf\\prelovedcampus\\vendor\\laravel\\framework\\src\\Illuminate\\Pipeline\\Pipeline.php(183): Illuminate\\Http\\Middleware\\ValidatePostSize->handle(Object(Illuminate\\Http\\Request), Object(Closure))
#39 C:\\xampp\\htdocs\\final-project-nf\\prelovedcampus\\vendor\\laravel\\framework\\src\\Illuminate\\Foundation\\Http\\Middleware\\PreventRequestsDuringMaintenance.php(110): Illuminate\\Pipeline\\Pipeline->Illuminate\\Pipeline\\{closure}(Object(Illuminate\\Http\\Request))
#40 C:\\xampp\\htdocs\\final-project-nf\\prelovedcampus\\vendor\\laravel\\framework\\src\\Illuminate\\Pipeline\\Pipeline.php(183): Illuminate\\Foundation\\Http\\Middleware\\PreventRequestsDuringMaintenance->handle(Object(Illuminate\\Http\\Request), Object(Closure))
#41 C:\\xampp\\htdocs\\final-project-nf\\prelovedcampus\\vendor\\laravel\\framework\\src\\Illuminate\\Http\\Middleware\\HandleCors.php(62): Illuminate\\Pipeline\\Pipeline->Illuminate\\Pipeline\\{closure}(Object(Illuminate\\Http\\Request))
#42 C:\\xampp\\htdocs\\final-project-nf\\prelovedcampus\\vendor\\laravel\\framework\\src\\Illuminate\\Pipeline\\Pipeline.php(183): Illuminate\\Http\\Middleware\\HandleCors->handle(Object(Illuminate\\Http\\Request), Object(Closure))
#43 C:\\xampp\\htdocs\\final-project-nf\\prelovedcampus\\vendor\\laravel\\framework\\src\\Illuminate\\Http\\Middleware\\TrustProxies.php(58): Illuminate\\Pipeline\\Pipeline->Illuminate\\Pipeline\\{closure}(Object(Illuminate\\Http\\Request))
#44 C:\\xampp\\htdocs\\final-project-nf\\prelovedcampus\\vendor\\laravel\\framework\\src\\Illuminate\\Pipeline\\Pipeline.php(183): Illuminate\\Http\\Middleware\\TrustProxies->handle(Object(Illuminate\\Http\\Request), Object(Closure))
#45 C:\\xampp\\htdocs\\final-project-nf\\prelovedcampus\\vendor\\laravel\\framework\\src\\Illuminate\\Foundation\\Http\\Middleware\\InvokeDeferredCallbacks.php(22): Illuminate\\Pipeline\\Pipeline->Illuminate\\Pipeline\\{closure}(Object(Illuminate\\Http\\Request))
#46 C:\\xampp\\htdocs\\final-project-nf\\prelovedcampus\\vendor\\laravel\\framework\\src\\Illuminate\\Pipeline\\Pipeline.php(183): Illuminate\\Foundation\\Http\\Middleware\\InvokeDeferredCallbacks->handle(Object(Illuminate\\Http\\Request), Object(Closure))
#47 C:\\xampp\\htdocs\\final-project-nf\\prelovedcampus\\vendor\\laravel\\framework\\src\\Illuminate\\Pipeline\\Pipeline.php(119): Illuminate\\Pipeline\\Pipeline->Illuminate\\Pipeline\\{closure}(Object(Illuminate\\Http\\Request))
#48 C:\\xampp\\htdocs\\final-project-nf\\prelovedcampus\\vendor\\laravel\\framework\\src\\Illuminate\\Foundation\\Http\\Kernel.php(176): Illuminate\\Pipeline\\Pipeline->then(Object(Closure))
#49 C:\\xampp\\htdocs\\final-project-nf\\prelovedcampus\\vendor\\laravel\\framework\\src\\Illuminate\\Foundation\\Http\\Kernel.php(145): Illuminate\\Foundation\\Http\\Kernel->sendRequestThroughRouter(Object(Illuminate\\Http\\Request))
#50 C:\\xampp\\htdocs\\final-project-nf\\prelovedcampus\\vendor\\laravel\\framework\\src\\Illuminate\\Foundation\\Application.php(1188): Illuminate\\Foundation\\Http\\Kernel->handle(Object(Illuminate\\Http\\Request))
#51 C:\\xampp\\htdocs\\final-project-nf\\prelovedcampus\\public\\index.php(17): Illuminate\\Foundation\\Application->handleRequest(Object(Illuminate\\Http\\Request))
#52 C:\\xampp\\htdocs\\final-project-nf\\prelovedcampus\\vendor\\laravel\\framework\\src\\Illuminate\\Foundation\\resources\\server.php(23): require_once('C:\\\\xampp\\\\htdocs...')
#53 {main}
"} 
[2024-11-11 17:35:29] local.ERROR: SQLSTATE[01000]: Warning: 1265 Data truncated for column 'status_pembayaran' at row 1 (Connection: mysql, SQL: insert into `status_pembayaran` (`status_pembayaran`) values (Ditunda)) {"exception":"[object] (Illuminate\\Database\\QueryException(code: 01000): SQLSTATE[01000]: Warning: 1265 Data truncated for column 'status_pembayaran' at row 1 (Connection: mysql, SQL: insert into `status_pembayaran` (`status_pembayaran`) values (Ditunda)) at C:\\xampp\\htdocs\\final-project-nf\\prelovedcampus\\vendor\\laravel\\framework\\src\\Illuminate\\Database\\Connection.php:825)
[stacktrace]
#0 C:\\xampp\\htdocs\\final-project-nf\\prelovedcampus\\vendor\\laravel\\framework\\src\\Illuminate\\Database\\Connection.php(779): Illuminate\\Database\\Connection->runQueryCallback('insert into `st...', Array, Object(Closure))
#1 C:\\xampp\\htdocs\\final-project-nf\\prelovedcampus\\vendor\\laravel\\framework\\src\\Illuminate\\Database\\MySqlConnection.php(42): Illuminate\\Database\\Connection->run('insert into `st...', Array, Object(Closure))
#2 C:\\xampp\\htdocs\\final-project-nf\\prelovedcampus\\vendor\\laravel\\framework\\src\\Illuminate\\Database\\Query\\Processors\\MySqlProcessor.php(35): Illuminate\\Database\\MySqlConnection->insert('insert into `st...', Array, 'id')
#3 C:\\xampp\\htdocs\\final-project-nf\\prelovedcampus\\vendor\\laravel\\framework\\src\\Illuminate\\Database\\Query\\Builder.php(3798): Illuminate\\Database\\Query\\Processors\\MySqlProcessor->processInsertGetId(Object(Illuminate\\Database\\Query\\Builder), 'insert into `st...', Array, 'id')
#4 C:\\xampp\\htdocs\\final-project-nf\\prelovedcampus\\vendor\\laravel\\framework\\src\\Illuminate\\Database\\Eloquent\\Builder.php(2038): Illuminate\\Database\\Query\\Builder->insertGetId(Array, 'id')
#5 C:\\xampp\\htdocs\\final-project-nf\\prelovedcampus\\vendor\\laravel\\framework\\src\\Illuminate\\Database\\Eloquent\\Model.php(1358): Illuminate\\Database\\Eloquent\\Builder->__call('insertGetId', Array)
#6 C:\\xampp\\htdocs\\final-project-nf\\prelovedcampus\\vendor\\laravel\\framework\\src\\Illuminate\\Database\\Eloquent\\Model.php(1323): Illuminate\\Database\\Eloquent\\Model->insertAndSetId(Object(Illuminate\\Database\\Eloquent\\Builder), Array)
#7 C:\\xampp\\htdocs\\final-project-nf\\prelovedcampus\\vendor\\laravel\\framework\\src\\Illuminate\\Database\\Eloquent\\Model.php(1162): Illuminate\\Database\\Eloquent\\Model->performInsert(Object(Illuminate\\Database\\Eloquent\\Builder))
#8 C:\\xampp\\htdocs\\final-project-nf\\prelovedcampus\\vendor\\laravel\\framework\\src\\Illuminate\\Database\\Eloquent\\Builder.php(1079): Illuminate\\Database\\Eloquent\\Model->save()
#9 C:\\xampp\\htdocs\\final-project-nf\\prelovedcampus\\vendor\\laravel\\framework\\src\\Illuminate\\Support\\helpers.php(380): Illuminate\\Database\\Eloquent\\Builder->Illuminate\\Database\\Eloquent\\{closure}(Object(App\\Models\\StatusPembayaran))
#10 C:\\xampp\\htdocs\\final-project-nf\\prelovedcampus\\vendor\\laravel\\framework\\src\\Illuminate\\Database\\Eloquent\\Builder.php(1078): tap(Object(App\\Models\\StatusPembayaran), Object(Closure))
#11 C:\\xampp\\htdocs\\final-project-nf\\prelovedcampus\\vendor\\laravel\\framework\\src\\Illuminate\\Support\\Traits\\ForwardsCalls.php(23): Illuminate\\Database\\Eloquent\\Builder->create(Array)
#12 C:\\xampp\\htdocs\\final-project-nf\\prelovedcampus\\vendor\\laravel\\framework\\src\\Illuminate\\Database\\Eloquent\\Model.php(2367): Illuminate\\Database\\Eloquent\\Model->forwardCallTo(Object(Illuminate\\Database\\Eloquent\\Builder), 'create', Array)
#13 C:\\xampp\\htdocs\\final-project-nf\\prelovedcampus\\vendor\\laravel\\framework\\src\\Illuminate\\Database\\Eloquent\\Model.php(2379): Illuminate\\Database\\Eloquent\\Model->__call('create', Array)
#14 C:\\xampp\\htdocs\\final-project-nf\\prelovedcampus\\app\\Http\\Controllers\\StatusPembayaranController.php(24): Illuminate\\Database\\Eloquent\\Model::__callStatic('create', Array)
#15 C:\\xampp\\htdocs\\final-project-nf\\prelovedcampus\\vendor\\laravel\\framework\\src\\Illuminate\\Routing\\ControllerDispatcher.php(46): App\\Http\\Controllers\\StatusPembayaranController->store(Object(Illuminate\\Http\\Request))
#16 C:\\xampp\\htdocs\\final-project-nf\\prelovedcampus\\vendor\\laravel\\framework\\src\\Illuminate\\Routing\\Route.php(264): Illuminate\\Routing\\ControllerDispatcher->dispatch(Object(Illuminate\\Routing\\Route), Object(App\\Http\\Controllers\\StatusPembayaranController), 'store')
#17 C:\\xampp\\htdocs\\final-project-nf\\prelovedcampus\\vendor\\laravel\\framework\\src\\Illuminate\\Routing\\Route.php(210): Illuminate\\Routing\\Route->runController()
#18 C:\\xampp\\htdocs\\final-project-nf\\prelovedcampus\\vendor\\laravel\\framework\\src\\Illuminate\\Routing\\Router.php(808): Illuminate\\Routing\\Route->run()
#19 C:\\xampp\\htdocs\\final-project-nf\\prelovedcampus\\vendor\\laravel\\framework\\src\\Illuminate\\Pipeline\\Pipeline.php(144): Illuminate\\Routing\\Router->Illuminate\\Routing\\{closure}(Object(Illuminate\\Http\\Request))
#20 C:\\xampp\\htdocs\\final-project-nf\\prelovedcampus\\vendor\\laravel\\framework\\src\\Illuminate\\Routing\\Middleware\\SubstituteBindings.php(51): Illuminate\\Pipeline\\Pipeline->Illuminate\\Pipeline\\{closure}(Object(Illuminate\\Http\\Request))
#21 C:\\xampp\\htdocs\\final-project-nf\\prelovedcampus\\vendor\\laravel\\framework\\src\\Illuminate\\Pipeline\\Pipeline.php(183): Illuminate\\Routing\\Middleware\\SubstituteBindings->handle(Object(Illuminate\\Http\\Request), Object(Closure))
#22 C:\\xampp\\htdocs\\final-project-nf\\prelovedcampus\\vendor\\laravel\\framework\\src\\Illuminate\\Pipeline\\Pipeline.php(119): Illuminate\\Pipeline\\Pipeline->Illuminate\\Pipeline\\{closure}(Object(Illuminate\\Http\\Request))
#23 C:\\xampp\\htdocs\\final-project-nf\\prelovedcampus\\vendor\\laravel\\framework\\src\\Illuminate\\Routing\\Router.php(807): Illuminate\\Pipeline\\Pipeline->then(Object(Closure))
#24 C:\\xampp\\htdocs\\final-project-nf\\prelovedcampus\\vendor\\laravel\\framework\\src\\Illuminate\\Routing\\Router.php(786): Illuminate\\Routing\\Router->runRouteWithinStack(Object(Illuminate\\Routing\\Route), Object(Illuminate\\Http\\Request))
#25 C:\\xampp\\htdocs\\final-project-nf\\prelovedcampus\\vendor\\laravel\\framework\\src\\Illuminate\\Routing\\Router.php(750): Illuminate\\Routing\\Router->runRoute(Object(Illuminate\\Http\\Request), Object(Illuminate\\Routing\\Route))
#26 C:\\xampp\\htdocs\\final-project-nf\\prelovedcampus\\vendor\\laravel\\framework\\src\\Illuminate\\Routing\\Router.php(739): Illuminate\\Routing\\Router->dispatchToRoute(Object(Illuminate\\Http\\Request))
#27 C:\\xampp\\htdocs\\final-project-nf\\prelovedcampus\\vendor\\laravel\\framework\\src\\Illuminate\\Foundation\\Http\\Kernel.php(201): Illuminate\\Routing\\Router->dispatch(Object(Illuminate\\Http\\Request))
#28 C:\\xampp\\htdocs\\final-project-nf\\prelovedcampus\\vendor\\laravel\\framework\\src\\Illuminate\\Pipeline\\Pipeline.php(144): Illuminate\\Foundation\\Http\\Kernel->Illuminate\\Foundation\\Http\\{closure}(Object(Illuminate\\Http\\Request))
#29 C:\\xampp\\htdocs\\final-project-nf\\prelovedcampus\\vendor\\laravel\\framework\\src\\Illuminate\\Foundation\\Http\\Middleware\\TransformsRequest.php(21): Illuminate\\Pipeline\\Pipeline->Illuminate\\Pipeline\\{closure}(Object(Illuminate\\Http\\Request))
#30 C:\\xampp\\htdocs\\final-project-nf\\prelovedcampus\\vendor\\laravel\\framework\\src\\Illuminate\\Foundation\\Http\\Middleware\\ConvertEmptyStringsToNull.php(31): Illuminate\\Foundation\\Http\\Middleware\\TransformsRequest->handle(Object(Illuminate\\Http\\Request), Object(Closure))
#31 C:\\xampp\\htdocs\\final-project-nf\\prelovedcampus\\vendor\\laravel\\framework\\src\\Illuminate\\Pipeline\\Pipeline.php(183): Illuminate\\Foundation\\Http\\Middleware\\ConvertEmptyStringsToNull->handle(Object(Illuminate\\Http\\Request), Object(Closure))
#32 C:\\xampp\\htdocs\\final-project-nf\\prelovedcampus\\vendor\\laravel\\framework\\src\\Illuminate\\Foundation\\Http\\Middleware\\TransformsRequest.php(21): Illuminate\\Pipeline\\Pipeline->Illuminate\\Pipeline\\{closure}(Object(Illuminate\\Http\\Request))
#33 C:\\xampp\\htdocs\\final-project-nf\\prelovedcampus\\vendor\\laravel\\framework\\src\\Illuminate\\Foundation\\Http\\Middleware\\TrimStrings.php(51): Illuminate\\Foundation\\Http\\Middleware\\TransformsRequest->handle(Object(Illuminate\\Http\\Request), Object(Closure))
#34 C:\\xampp\\htdocs\\final-project-nf\\prelovedcampus\\vendor\\laravel\\framework\\src\\Illuminate\\Pipeline\\Pipeline.php(183): Illuminate\\Foundation\\Http\\Middleware\\TrimStrings->handle(Object(Illuminate\\Http\\Request), Object(Closure))
#35 C:\\xampp\\htdocs\\final-project-nf\\prelovedcampus\\vendor\\laravel\\framework\\src\\Illuminate\\Http\\Middleware\\ValidatePostSize.php(27): Illuminate\\Pipeline\\Pipeline->Illuminate\\Pipeline\\{closure}(Object(Illuminate\\Http\\Request))
#36 C:\\xampp\\htdocs\\final-project-nf\\prelovedcampus\\vendor\\laravel\\framework\\src\\Illuminate\\Pipeline\\Pipeline.php(183): Illuminate\\Http\\Middleware\\ValidatePostSize->handle(Object(Illuminate\\Http\\Request), Object(Closure))
#37 C:\\xampp\\htdocs\\final-project-nf\\prelovedcampus\\vendor\\laravel\\framework\\src\\Illuminate\\Foundation\\Http\\Middleware\\PreventRequestsDuringMaintenance.php(110): Illuminate\\Pipeline\\Pipeline->Illuminate\\Pipeline\\{closure}(Object(Illuminate\\Http\\Request))
#38 C:\\xampp\\htdocs\\final-project-nf\\prelovedcampus\\vendor\\laravel\\framework\\src\\Illuminate\\Pipeline\\Pipeline.php(183): Illuminate\\Foundation\\Http\\Middleware\\PreventRequestsDuringMaintenance->handle(Object(Illuminate\\Http\\Request), Object(Closure))
#39 C:\\xampp\\htdocs\\final-project-nf\\prelovedcampus\\vendor\\laravel\\framework\\src\\Illuminate\\Http\\Middleware\\HandleCors.php(62): Illuminate\\Pipeline\\Pipeline->Illuminate\\Pipeline\\{closure}(Object(Illuminate\\Http\\Request))
#40 C:\\xampp\\htdocs\\final-project-nf\\prelovedcampus\\vendor\\laravel\\framework\\src\\Illuminate\\Pipeline\\Pipeline.php(183): Illuminate\\Http\\Middleware\\HandleCors->handle(Object(Illuminate\\Http\\Request), Object(Closure))
#41 C:\\xampp\\htdocs\\final-project-nf\\prelovedcampus\\vendor\\laravel\\framework\\src\\Illuminate\\Http\\Middleware\\TrustProxies.php(58): Illuminate\\Pipeline\\Pipeline->Illuminate\\Pipeline\\{closure}(Object(Illuminate\\Http\\Request))
#42 C:\\xampp\\htdocs\\final-project-nf\\prelovedcampus\\vendor\\laravel\\framework\\src\\Illuminate\\Pipeline\\Pipeline.php(183): Illuminate\\Http\\Middleware\\TrustProxies->handle(Object(Illuminate\\Http\\Request), Object(Closure))
#43 C:\\xampp\\htdocs\\final-project-nf\\prelovedcampus\\vendor\\laravel\\framework\\src\\Illuminate\\Foundation\\Http\\Middleware\\InvokeDeferredCallbacks.php(22): Illuminate\\Pipeline\\Pipeline->Illuminate\\Pipeline\\{closure}(Object(Illuminate\\Http\\Request))
#44 C:\\xampp\\htdocs\\final-project-nf\\prelovedcampus\\vendor\\laravel\\framework\\src\\Illuminate\\Pipeline\\Pipeline.php(183): Illuminate\\Foundation\\Http\\Middleware\\InvokeDeferredCallbacks->handle(Object(Illuminate\\Http\\Request), Object(Closure))
#45 C:\\xampp\\htdocs\\final-project-nf\\prelovedcampus\\vendor\\laravel\\framework\\src\\Illuminate\\Pipeline\\Pipeline.php(119): Illuminate\\Pipeline\\Pipeline->Illuminate\\Pipeline\\{closure}(Object(Illuminate\\Http\\Request))
#46 C:\\xampp\\htdocs\\final-project-nf\\prelovedcampus\\vendor\\laravel\\framework\\src\\Illuminate\\Foundation\\Http\\Kernel.php(176): Illuminate\\Pipeline\\Pipeline->then(Object(Closure))
#47 C:\\xampp\\htdocs\\final-project-nf\\prelovedcampus\\vendor\\laravel\\framework\\src\\Illuminate\\Foundation\\Http\\Kernel.php(145): Illuminate\\Foundation\\Http\\Kernel->sendRequestThroughRouter(Object(Illuminate\\Http\\Request))
#48 C:\\xampp\\htdocs\\final-project-nf\\prelovedcampus\\vendor\\laravel\\framework\\src\\Illuminate\\Foundation\\Application.php(1188): Illuminate\\Foundation\\Http\\Kernel->handle(Object(Illuminate\\Http\\Request))
#49 C:\\xampp\\htdocs\\final-project-nf\\prelovedcampus\\public\\index.php(17): Illuminate\\Foundation\\Application->handleRequest(Object(Illuminate\\Http\\Request))
#50 C:\\xampp\\htdocs\\final-project-nf\\prelovedcampus\\vendor\\laravel\\framework\\src\\Illuminate\\Foundation\\resources\\server.php(23): require_once('C:\\\\xampp\\\\htdocs...')
#51 {main}

[previous exception] [object] (PDOException(code: 01000): SQLSTATE[01000]: Warning: 1265 Data truncated for column 'status_pembayaran' at row 1 at C:\\xampp\\htdocs\\final-project-nf\\prelovedcampus\\vendor\\laravel\\framework\\src\\Illuminate\\Database\\MySqlConnection.php:53)
[stacktrace]
#0 C:\\xampp\\htdocs\\final-project-nf\\prelovedcampus\\vendor\\laravel\\framework\\src\\Illuminate\\Database\\MySqlConnection.php(53): PDOStatement->execute()
#1 C:\\xampp\\htdocs\\final-project-nf\\prelovedcampus\\vendor\\laravel\\framework\\src\\Illuminate\\Database\\Connection.php(812): Illuminate\\Database\\MySqlConnection->Illuminate\\Database\\{closure}('insert into `st...', Array)
#2 C:\\xampp\\htdocs\\final-project-nf\\prelovedcampus\\vendor\\laravel\\framework\\src\\Illuminate\\Database\\Connection.php(779): Illuminate\\Database\\Connection->runQueryCallback('insert into `st...', Array, Object(Closure))
#3 C:\\xampp\\htdocs\\final-project-nf\\prelovedcampus\\vendor\\laravel\\framework\\src\\Illuminate\\Database\\MySqlConnection.php(42): Illuminate\\Database\\Connection->run('insert into `st...', Array, Object(Closure))
#4 C:\\xampp\\htdocs\\final-project-nf\\prelovedcampus\\vendor\\laravel\\framework\\src\\Illuminate\\Database\\Query\\Processors\\MySqlProcessor.php(35): Illuminate\\Database\\MySqlConnection->insert('insert into `st...', Array, 'id')
#5 C:\\xampp\\htdocs\\final-project-nf\\prelovedcampus\\vendor\\laravel\\framework\\src\\Illuminate\\Database\\Query\\Builder.php(3798): Illuminate\\Database\\Query\\Processors\\MySqlProcessor->processInsertGetId(Object(Illuminate\\Database\\Query\\Builder), 'insert into `st...', Array, 'id')
#6 C:\\xampp\\htdocs\\final-project-nf\\prelovedcampus\\vendor\\laravel\\framework\\src\\Illuminate\\Database\\Eloquent\\Builder.php(2038): Illuminate\\Database\\Query\\Builder->insertGetId(Array, 'id')
#7 C:\\xampp\\htdocs\\final-project-nf\\prelovedcampus\\vendor\\laravel\\framework\\src\\Illuminate\\Database\\Eloquent\\Model.php(1358): Illuminate\\Database\\Eloquent\\Builder->__call('insertGetId', Array)
#8 C:\\xampp\\htdocs\\final-project-nf\\prelovedcampus\\vendor\\laravel\\framework\\src\\Illuminate\\Database\\Eloquent\\Model.php(1323): Illuminate\\Database\\Eloquent\\Model->insertAndSetId(Object(Illuminate\\Database\\Eloquent\\Builder), Array)
#9 C:\\xampp\\htdocs\\final-project-nf\\prelovedcampus\\vendor\\laravel\\framework\\src\\Illuminate\\Database\\Eloquent\\Model.php(1162): Illuminate\\Database\\Eloquent\\Model->performInsert(Object(Illuminate\\Database\\Eloquent\\Builder))
#10 C:\\xampp\\htdocs\\final-project-nf\\prelovedcampus\\vendor\\laravel\\framework\\src\\Illuminate\\Database\\Eloquent\\Builder.php(1079): Illuminate\\Database\\Eloquent\\Model->save()
#11 C:\\xampp\\htdocs\\final-project-nf\\prelovedcampus\\vendor\\laravel\\framework\\src\\Illuminate\\Support\\helpers.php(380): Illuminate\\Database\\Eloquent\\Builder->Illuminate\\Database\\Eloquent\\{closure}(Object(App\\Models\\StatusPembayaran))
#12 C:\\xampp\\htdocs\\final-project-nf\\prelovedcampus\\vendor\\laravel\\framework\\src\\Illuminate\\Database\\Eloquent\\Builder.php(1078): tap(Object(App\\Models\\StatusPembayaran), Object(Closure))
#13 C:\\xampp\\htdocs\\final-project-nf\\prelovedcampus\\vendor\\laravel\\framework\\src\\Illuminate\\Support\\Traits\\ForwardsCalls.php(23): Illuminate\\Database\\Eloquent\\Builder->create(Array)
#14 C:\\xampp\\htdocs\\final-project-nf\\prelovedcampus\\vendor\\laravel\\framework\\src\\Illuminate\\Database\\Eloquent\\Model.php(2367): Illuminate\\Database\\Eloquent\\Model->forwardCallTo(Object(Illuminate\\Database\\Eloquent\\Builder), 'create', Array)
#15 C:\\xampp\\htdocs\\final-project-nf\\prelovedcampus\\vendor\\laravel\\framework\\src\\Illuminate\\Database\\Eloquent\\Model.php(2379): Illuminate\\Database\\Eloquent\\Model->__call('create', Array)
#16 C:\\xampp\\htdocs\\final-project-nf\\prelovedcampus\\app\\Http\\Controllers\\StatusPembayaranController.php(24): Illuminate\\Database\\Eloquent\\Model::__callStatic('create', Array)
#17 C:\\xampp\\htdocs\\final-project-nf\\prelovedcampus\\vendor\\laravel\\framework\\src\\Illuminate\\Routing\\ControllerDispatcher.php(46): App\\Http\\Controllers\\StatusPembayaranController->store(Object(Illuminate\\Http\\Request))
#18 C:\\xampp\\htdocs\\final-project-nf\\prelovedcampus\\vendor\\laravel\\framework\\src\\Illuminate\\Routing\\Route.php(264): Illuminate\\Routing\\ControllerDispatcher->dispatch(Object(Illuminate\\Routing\\Route), Object(App\\Http\\Controllers\\StatusPembayaranController), 'store')
#19 C:\\xampp\\htdocs\\final-project-nf\\prelovedcampus\\vendor\\laravel\\framework\\src\\Illuminate\\Routing\\Route.php(210): Illuminate\\Routing\\Route->runController()
#20 C:\\xampp\\htdocs\\final-project-nf\\prelovedcampus\\vendor\\laravel\\framework\\src\\Illuminate\\Routing\\Router.php(808): Illuminate\\Routing\\Route->run()
#21 C:\\xampp\\htdocs\\final-project-nf\\prelovedcampus\\vendor\\laravel\\framework\\src\\Illuminate\\Pipeline\\Pipeline.php(144): Illuminate\\Routing\\Router->Illuminate\\Routing\\{closure}(Object(Illuminate\\Http\\Request))
#22 C:\\xampp\\htdocs\\final-project-nf\\prelovedcampus\\vendor\\laravel\\framework\\src\\Illuminate\\Routing\\Middleware\\SubstituteBindings.php(51): Illuminate\\Pipeline\\Pipeline->Illuminate\\Pipeline\\{closure}(Object(Illuminate\\Http\\Request))
#23 C:\\xampp\\htdocs\\final-project-nf\\prelovedcampus\\vendor\\laravel\\framework\\src\\Illuminate\\Pipeline\\Pipeline.php(183): Illuminate\\Routing\\Middleware\\SubstituteBindings->handle(Object(Illuminate\\Http\\Request), Object(Closure))
#24 C:\\xampp\\htdocs\\final-project-nf\\prelovedcampus\\vendor\\laravel\\framework\\src\\Illuminate\\Pipeline\\Pipeline.php(119): Illuminate\\Pipeline\\Pipeline->Illuminate\\Pipeline\\{closure}(Object(Illuminate\\Http\\Request))
#25 C:\\xampp\\htdocs\\final-project-nf\\prelovedcampus\\vendor\\laravel\\framework\\src\\Illuminate\\Routing\\Router.php(807): Illuminate\\Pipeline\\Pipeline->then(Object(Closure))
#26 C:\\xampp\\htdocs\\final-project-nf\\prelovedcampus\\vendor\\laravel\\framework\\src\\Illuminate\\Routing\\Router.php(786): Illuminate\\Routing\\Router->runRouteWithinStack(Object(Illuminate\\Routing\\Route), Object(Illuminate\\Http\\Request))
#27 C:\\xampp\\htdocs\\final-project-nf\\prelovedcampus\\vendor\\laravel\\framework\\src\\Illuminate\\Routing\\Router.php(750): Illuminate\\Routing\\Router->runRoute(Object(Illuminate\\Http\\Request), Object(Illuminate\\Routing\\Route))
#28 C:\\xampp\\htdocs\\final-project-nf\\prelovedcampus\\vendor\\laravel\\framework\\src\\Illuminate\\Routing\\Router.php(739): Illuminate\\Routing\\Router->dispatchToRoute(Object(Illuminate\\Http\\Request))
#29 C:\\xampp\\htdocs\\final-project-nf\\prelovedcampus\\vendor\\laravel\\framework\\src\\Illuminate\\Foundation\\Http\\Kernel.php(201): Illuminate\\Routing\\Router->dispatch(Object(Illuminate\\Http\\Request))
#30 C:\\xampp\\htdocs\\final-project-nf\\prelovedcampus\\vendor\\laravel\\framework\\src\\Illuminate\\Pipeline\\Pipeline.php(144): Illuminate\\Foundation\\Http\\Kernel->Illuminate\\Foundation\\Http\\{closure}(Object(Illuminate\\Http\\Request))
#31 C:\\xampp\\htdocs\\final-project-nf\\prelovedcampus\\vendor\\laravel\\framework\\src\\Illuminate\\Foundation\\Http\\Middleware\\TransformsRequest.php(21): Illuminate\\Pipeline\\Pipeline->Illuminate\\Pipeline\\{closure}(Object(Illuminate\\Http\\Request))
#32 C:\\xampp\\htdocs\\final-project-nf\\prelovedcampus\\vendor\\laravel\\framework\\src\\Illuminate\\Foundation\\Http\\Middleware\\ConvertEmptyStringsToNull.php(31): Illuminate\\Foundation\\Http\\Middleware\\TransformsRequest->handle(Object(Illuminate\\Http\\Request), Object(Closure))
#33 C:\\xampp\\htdocs\\final-project-nf\\prelovedcampus\\vendor\\laravel\\framework\\src\\Illuminate\\Pipeline\\Pipeline.php(183): Illuminate\\Foundation\\Http\\Middleware\\ConvertEmptyStringsToNull->handle(Object(Illuminate\\Http\\Request), Object(Closure))
#34 C:\\xampp\\htdocs\\final-project-nf\\prelovedcampus\\vendor\\laravel\\framework\\src\\Illuminate\\Foundation\\Http\\Middleware\\TransformsRequest.php(21): Illuminate\\Pipeline\\Pipeline->Illuminate\\Pipeline\\{closure}(Object(Illuminate\\Http\\Request))
#35 C:\\xampp\\htdocs\\final-project-nf\\prelovedcampus\\vendor\\laravel\\framework\\src\\Illuminate\\Foundation\\Http\\Middleware\\TrimStrings.php(51): Illuminate\\Foundation\\Http\\Middleware\\TransformsRequest->handle(Object(Illuminate\\Http\\Request), Object(Closure))
#36 C:\\xampp\\htdocs\\final-project-nf\\prelovedcampus\\vendor\\laravel\\framework\\src\\Illuminate\\Pipeline\\Pipeline.php(183): Illuminate\\Foundation\\Http\\Middleware\\TrimStrings->handle(Object(Illuminate\\Http\\Request), Object(Closure))
#37 C:\\xampp\\htdocs\\final-project-nf\\prelovedcampus\\vendor\\laravel\\framework\\src\\Illuminate\\Http\\Middleware\\ValidatePostSize.php(27): Illuminate\\Pipeline\\Pipeline->Illuminate\\Pipeline\\{closure}(Object(Illuminate\\Http\\Request))
#38 C:\\xampp\\htdocs\\final-project-nf\\prelovedcampus\\vendor\\laravel\\framework\\src\\Illuminate\\Pipeline\\Pipeline.php(183): Illuminate\\Http\\Middleware\\ValidatePostSize->handle(Object(Illuminate\\Http\\Request), Object(Closure))
#39 C:\\xampp\\htdocs\\final-project-nf\\prelovedcampus\\vendor\\laravel\\framework\\src\\Illuminate\\Foundation\\Http\\Middleware\\PreventRequestsDuringMaintenance.php(110): Illuminate\\Pipeline\\Pipeline->Illuminate\\Pipeline\\{closure}(Object(Illuminate\\Http\\Request))
#40 C:\\xampp\\htdocs\\final-project-nf\\prelovedcampus\\vendor\\laravel\\framework\\src\\Illuminate\\Pipeline\\Pipeline.php(183): Illuminate\\Foundation\\Http\\Middleware\\PreventRequestsDuringMaintenance->handle(Object(Illuminate\\Http\\Request), Object(Closure))
#41 C:\\xampp\\htdocs\\final-project-nf\\prelovedcampus\\vendor\\laravel\\framework\\src\\Illuminate\\Http\\Middleware\\HandleCors.php(62): Illuminate\\Pipeline\\Pipeline->Illuminate\\Pipeline\\{closure}(Object(Illuminate\\Http\\Request))
#42 C:\\xampp\\htdocs\\final-project-nf\\prelovedcampus\\vendor\\laravel\\framework\\src\\Illuminate\\Pipeline\\Pipeline.php(183): Illuminate\\Http\\Middleware\\HandleCors->handle(Object(Illuminate\\Http\\Request), Object(Closure))
#43 C:\\xampp\\htdocs\\final-project-nf\\prelovedcampus\\vendor\\laravel\\framework\\src\\Illuminate\\Http\\Middleware\\TrustProxies.php(58): Illuminate\\Pipeline\\Pipeline->Illuminate\\Pipeline\\{closure}(Object(Illuminate\\Http\\Request))
#44 C:\\xampp\\htdocs\\final-project-nf\\prelovedcampus\\vendor\\laravel\\framework\\src\\Illuminate\\Pipeline\\Pipeline.php(183): Illuminate\\Http\\Middleware\\TrustProxies->handle(Object(Illuminate\\Http\\Request), Object(Closure))
#45 C:\\xampp\\htdocs\\final-project-nf\\prelovedcampus\\vendor\\laravel\\framework\\src\\Illuminate\\Foundation\\Http\\Middleware\\InvokeDeferredCallbacks.php(22): Illuminate\\Pipeline\\Pipeline->Illuminate\\Pipeline\\{closure}(Object(Illuminate\\Http\\Request))
#46 C:\\xampp\\htdocs\\final-project-nf\\prelovedcampus\\vendor\\laravel\\framework\\src\\Illuminate\\Pipeline\\Pipeline.php(183): Illuminate\\Foundation\\Http\\Middleware\\InvokeDeferredCallbacks->handle(Object(Illuminate\\Http\\Request), Object(Closure))
#47 C:\\xampp\\htdocs\\final-project-nf\\prelovedcampus\\vendor\\laravel\\framework\\src\\Illuminate\\Pipeline\\Pipeline.php(119): Illuminate\\Pipeline\\Pipeline->Illuminate\\Pipeline\\{closure}(Object(Illuminate\\Http\\Request))
#48 C:\\xampp\\htdocs\\final-project-nf\\prelovedcampus\\vendor\\laravel\\framework\\src\\Illuminate\\Foundation\\Http\\Kernel.php(176): Illuminate\\Pipeline\\Pipeline->then(Object(Closure))
#49 C:\\xampp\\htdocs\\final-project-nf\\prelovedcampus\\vendor\\laravel\\framework\\src\\Illuminate\\Foundation\\Http\\Kernel.php(145): Illuminate\\Foundation\\Http\\Kernel->sendRequestThroughRouter(Object(Illuminate\\Http\\Request))
#50 C:\\xampp\\htdocs\\final-project-nf\\prelovedcampus\\vendor\\laravel\\framework\\src\\Illuminate\\Foundation\\Application.php(1188): Illuminate\\Foundation\\Http\\Kernel->handle(Object(Illuminate\\Http\\Request))
#51 C:\\xampp\\htdocs\\final-project-nf\\prelovedcampus\\public\\index.php(17): Illuminate\\Foundation\\Application->handleRequest(Object(Illuminate\\Http\\Request))
#52 C:\\xampp\\htdocs\\final-project-nf\\prelovedcampus\\vendor\\laravel\\framework\\src\\Illuminate\\Foundation\\resources\\server.php(23): require_once('C:\\\\xampp\\\\htdocs...')
#53 {main}
"} 
[2024-11-11 17:38:41] local.ERROR: SQLSTATE[01000]: Warning: 1265 Data truncated for column 'status_pembayaran' at row 1 (Connection: mysql, SQL: insert into `status_pembayaran` (`status_pembayaran`) values (Ditunda)) {"exception":"[object] (Illuminate\\Database\\QueryException(code: 01000): SQLSTATE[01000]: Warning: 1265 Data truncated for column 'status_pembayaran' at row 1 (Connection: mysql, SQL: insert into `status_pembayaran` (`status_pembayaran`) values (Ditunda)) at C:\\xampp\\htdocs\\final-project-nf\\prelovedcampus\\vendor\\laravel\\framework\\src\\Illuminate\\Database\\Connection.php:825)
[stacktrace]
#0 C:\\xampp\\htdocs\\final-project-nf\\prelovedcampus\\vendor\\laravel\\framework\\src\\Illuminate\\Database\\Connection.php(779): Illuminate\\Database\\Connection->runQueryCallback('insert into `st...', Array, Object(Closure))
#1 C:\\xampp\\htdocs\\final-project-nf\\prelovedcampus\\vendor\\laravel\\framework\\src\\Illuminate\\Database\\MySqlConnection.php(42): Illuminate\\Database\\Connection->run('insert into `st...', Array, Object(Closure))
#2 C:\\xampp\\htdocs\\final-project-nf\\prelovedcampus\\vendor\\laravel\\framework\\src\\Illuminate\\Database\\Query\\Processors\\MySqlProcessor.php(35): Illuminate\\Database\\MySqlConnection->insert('insert into `st...', Array, 'id')
#3 C:\\xampp\\htdocs\\final-project-nf\\prelovedcampus\\vendor\\laravel\\framework\\src\\Illuminate\\Database\\Query\\Builder.php(3798): Illuminate\\Database\\Query\\Processors\\MySqlProcessor->processInsertGetId(Object(Illuminate\\Database\\Query\\Builder), 'insert into `st...', Array, 'id')
#4 C:\\xampp\\htdocs\\final-project-nf\\prelovedcampus\\vendor\\laravel\\framework\\src\\Illuminate\\Database\\Eloquent\\Builder.php(2038): Illuminate\\Database\\Query\\Builder->insertGetId(Array, 'id')
#5 C:\\xampp\\htdocs\\final-project-nf\\prelovedcampus\\vendor\\laravel\\framework\\src\\Illuminate\\Database\\Eloquent\\Model.php(1358): Illuminate\\Database\\Eloquent\\Builder->__call('insertGetId', Array)
#6 C:\\xampp\\htdocs\\final-project-nf\\prelovedcampus\\vendor\\laravel\\framework\\src\\Illuminate\\Database\\Eloquent\\Model.php(1323): Illuminate\\Database\\Eloquent\\Model->insertAndSetId(Object(Illuminate\\Database\\Eloquent\\Builder), Array)
#7 C:\\xampp\\htdocs\\final-project-nf\\prelovedcampus\\vendor\\laravel\\framework\\src\\Illuminate\\Database\\Eloquent\\Model.php(1162): Illuminate\\Database\\Eloquent\\Model->performInsert(Object(Illuminate\\Database\\Eloquent\\Builder))
#8 C:\\xampp\\htdocs\\final-project-nf\\prelovedcampus\\vendor\\laravel\\framework\\src\\Illuminate\\Database\\Eloquent\\Builder.php(1079): Illuminate\\Database\\Eloquent\\Model->save()
#9 C:\\xampp\\htdocs\\final-project-nf\\prelovedcampus\\vendor\\laravel\\framework\\src\\Illuminate\\Support\\helpers.php(380): Illuminate\\Database\\Eloquent\\Builder->Illuminate\\Database\\Eloquent\\{closure}(Object(App\\Models\\StatusPembayaran))
#10 C:\\xampp\\htdocs\\final-project-nf\\prelovedcampus\\vendor\\laravel\\framework\\src\\Illuminate\\Database\\Eloquent\\Builder.php(1078): tap(Object(App\\Models\\StatusPembayaran), Object(Closure))
#11 C:\\xampp\\htdocs\\final-project-nf\\prelovedcampus\\vendor\\laravel\\framework\\src\\Illuminate\\Support\\Traits\\ForwardsCalls.php(23): Illuminate\\Database\\Eloquent\\Builder->create(Array)
#12 C:\\xampp\\htdocs\\final-project-nf\\prelovedcampus\\vendor\\laravel\\framework\\src\\Illuminate\\Database\\Eloquent\\Model.php(2367): Illuminate\\Database\\Eloquent\\Model->forwardCallTo(Object(Illuminate\\Database\\Eloquent\\Builder), 'create', Array)
#13 C:\\xampp\\htdocs\\final-project-nf\\prelovedcampus\\vendor\\laravel\\framework\\src\\Illuminate\\Database\\Eloquent\\Model.php(2379): Illuminate\\Database\\Eloquent\\Model->__call('create', Array)
#14 C:\\xampp\\htdocs\\final-project-nf\\prelovedcampus\\app\\Http\\Controllers\\StatusPembayaranController.php(24): Illuminate\\Database\\Eloquent\\Model::__callStatic('create', Array)
#15 C:\\xampp\\htdocs\\final-project-nf\\prelovedcampus\\vendor\\laravel\\framework\\src\\Illuminate\\Routing\\ControllerDispatcher.php(46): App\\Http\\Controllers\\StatusPembayaranController->store(Object(Illuminate\\Http\\Request))
#16 C:\\xampp\\htdocs\\final-project-nf\\prelovedcampus\\vendor\\laravel\\framework\\src\\Illuminate\\Routing\\Route.php(264): Illuminate\\Routing\\ControllerDispatcher->dispatch(Object(Illuminate\\Routing\\Route), Object(App\\Http\\Controllers\\StatusPembayaranController), 'store')
#17 C:\\xampp\\htdocs\\final-project-nf\\prelovedcampus\\vendor\\laravel\\framework\\src\\Illuminate\\Routing\\Route.php(210): Illuminate\\Routing\\Route->runController()
#18 C:\\xampp\\htdocs\\final-project-nf\\prelovedcampus\\vendor\\laravel\\framework\\src\\Illuminate\\Routing\\Router.php(808): Illuminate\\Routing\\Route->run()
#19 C:\\xampp\\htdocs\\final-project-nf\\prelovedcampus\\vendor\\laravel\\framework\\src\\Illuminate\\Pipeline\\Pipeline.php(144): Illuminate\\Routing\\Router->Illuminate\\Routing\\{closure}(Object(Illuminate\\Http\\Request))
#20 C:\\xampp\\htdocs\\final-project-nf\\prelovedcampus\\vendor\\laravel\\framework\\src\\Illuminate\\Routing\\Middleware\\SubstituteBindings.php(51): Illuminate\\Pipeline\\Pipeline->Illuminate\\Pipeline\\{closure}(Object(Illuminate\\Http\\Request))
#21 C:\\xampp\\htdocs\\final-project-nf\\prelovedcampus\\vendor\\laravel\\framework\\src\\Illuminate\\Pipeline\\Pipeline.php(183): Illuminate\\Routing\\Middleware\\SubstituteBindings->handle(Object(Illuminate\\Http\\Request), Object(Closure))
#22 C:\\xampp\\htdocs\\final-project-nf\\prelovedcampus\\vendor\\laravel\\framework\\src\\Illuminate\\Pipeline\\Pipeline.php(119): Illuminate\\Pipeline\\Pipeline->Illuminate\\Pipeline\\{closure}(Object(Illuminate\\Http\\Request))
#23 C:\\xampp\\htdocs\\final-project-nf\\prelovedcampus\\vendor\\laravel\\framework\\src\\Illuminate\\Routing\\Router.php(807): Illuminate\\Pipeline\\Pipeline->then(Object(Closure))
#24 C:\\xampp\\htdocs\\final-project-nf\\prelovedcampus\\vendor\\laravel\\framework\\src\\Illuminate\\Routing\\Router.php(786): Illuminate\\Routing\\Router->runRouteWithinStack(Object(Illuminate\\Routing\\Route), Object(Illuminate\\Http\\Request))
#25 C:\\xampp\\htdocs\\final-project-nf\\prelovedcampus\\vendor\\laravel\\framework\\src\\Illuminate\\Routing\\Router.php(750): Illuminate\\Routing\\Router->runRoute(Object(Illuminate\\Http\\Request), Object(Illuminate\\Routing\\Route))
#26 C:\\xampp\\htdocs\\final-project-nf\\prelovedcampus\\vendor\\laravel\\framework\\src\\Illuminate\\Routing\\Router.php(739): Illuminate\\Routing\\Router->dispatchToRoute(Object(Illuminate\\Http\\Request))
#27 C:\\xampp\\htdocs\\final-project-nf\\prelovedcampus\\vendor\\laravel\\framework\\src\\Illuminate\\Foundation\\Http\\Kernel.php(201): Illuminate\\Routing\\Router->dispatch(Object(Illuminate\\Http\\Request))
#28 C:\\xampp\\htdocs\\final-project-nf\\prelovedcampus\\vendor\\laravel\\framework\\src\\Illuminate\\Pipeline\\Pipeline.php(144): Illuminate\\Foundation\\Http\\Kernel->Illuminate\\Foundation\\Http\\{closure}(Object(Illuminate\\Http\\Request))
#29 C:\\xampp\\htdocs\\final-project-nf\\prelovedcampus\\vendor\\laravel\\framework\\src\\Illuminate\\Foundation\\Http\\Middleware\\TransformsRequest.php(21): Illuminate\\Pipeline\\Pipeline->Illuminate\\Pipeline\\{closure}(Object(Illuminate\\Http\\Request))
#30 C:\\xampp\\htdocs\\final-project-nf\\prelovedcampus\\vendor\\laravel\\framework\\src\\Illuminate\\Foundation\\Http\\Middleware\\ConvertEmptyStringsToNull.php(31): Illuminate\\Foundation\\Http\\Middleware\\TransformsRequest->handle(Object(Illuminate\\Http\\Request), Object(Closure))
#31 C:\\xampp\\htdocs\\final-project-nf\\prelovedcampus\\vendor\\laravel\\framework\\src\\Illuminate\\Pipeline\\Pipeline.php(183): Illuminate\\Foundation\\Http\\Middleware\\ConvertEmptyStringsToNull->handle(Object(Illuminate\\Http\\Request), Object(Closure))
#32 C:\\xampp\\htdocs\\final-project-nf\\prelovedcampus\\vendor\\laravel\\framework\\src\\Illuminate\\Foundation\\Http\\Middleware\\TransformsRequest.php(21): Illuminate\\Pipeline\\Pipeline->Illuminate\\Pipeline\\{closure}(Object(Illuminate\\Http\\Request))
#33 C:\\xampp\\htdocs\\final-project-nf\\prelovedcampus\\vendor\\laravel\\framework\\src\\Illuminate\\Foundation\\Http\\Middleware\\TrimStrings.php(51): Illuminate\\Foundation\\Http\\Middleware\\TransformsRequest->handle(Object(Illuminate\\Http\\Request), Object(Closure))
#34 C:\\xampp\\htdocs\\final-project-nf\\prelovedcampus\\vendor\\laravel\\framework\\src\\Illuminate\\Pipeline\\Pipeline.php(183): Illuminate\\Foundation\\Http\\Middleware\\TrimStrings->handle(Object(Illuminate\\Http\\Request), Object(Closure))
#35 C:\\xampp\\htdocs\\final-project-nf\\prelovedcampus\\vendor\\laravel\\framework\\src\\Illuminate\\Http\\Middleware\\ValidatePostSize.php(27): Illuminate\\Pipeline\\Pipeline->Illuminate\\Pipeline\\{closure}(Object(Illuminate\\Http\\Request))
#36 C:\\xampp\\htdocs\\final-project-nf\\prelovedcampus\\vendor\\laravel\\framework\\src\\Illuminate\\Pipeline\\Pipeline.php(183): Illuminate\\Http\\Middleware\\ValidatePostSize->handle(Object(Illuminate\\Http\\Request), Object(Closure))
#37 C:\\xampp\\htdocs\\final-project-nf\\prelovedcampus\\vendor\\laravel\\framework\\src\\Illuminate\\Foundation\\Http\\Middleware\\PreventRequestsDuringMaintenance.php(110): Illuminate\\Pipeline\\Pipeline->Illuminate\\Pipeline\\{closure}(Object(Illuminate\\Http\\Request))
#38 C:\\xampp\\htdocs\\final-project-nf\\prelovedcampus\\vendor\\laravel\\framework\\src\\Illuminate\\Pipeline\\Pipeline.php(183): Illuminate\\Foundation\\Http\\Middleware\\PreventRequestsDuringMaintenance->handle(Object(Illuminate\\Http\\Request), Object(Closure))
#39 C:\\xampp\\htdocs\\final-project-nf\\prelovedcampus\\vendor\\laravel\\framework\\src\\Illuminate\\Http\\Middleware\\HandleCors.php(62): Illuminate\\Pipeline\\Pipeline->Illuminate\\Pipeline\\{closure}(Object(Illuminate\\Http\\Request))
#40 C:\\xampp\\htdocs\\final-project-nf\\prelovedcampus\\vendor\\laravel\\framework\\src\\Illuminate\\Pipeline\\Pipeline.php(183): Illuminate\\Http\\Middleware\\HandleCors->handle(Object(Illuminate\\Http\\Request), Object(Closure))
#41 C:\\xampp\\htdocs\\final-project-nf\\prelovedcampus\\vendor\\laravel\\framework\\src\\Illuminate\\Http\\Middleware\\TrustProxies.php(58): Illuminate\\Pipeline\\Pipeline->Illuminate\\Pipeline\\{closure}(Object(Illuminate\\Http\\Request))
#42 C:\\xampp\\htdocs\\final-project-nf\\prelovedcampus\\vendor\\laravel\\framework\\src\\Illuminate\\Pipeline\\Pipeline.php(183): Illuminate\\Http\\Middleware\\TrustProxies->handle(Object(Illuminate\\Http\\Request), Object(Closure))
#43 C:\\xampp\\htdocs\\final-project-nf\\prelovedcampus\\vendor\\laravel\\framework\\src\\Illuminate\\Foundation\\Http\\Middleware\\InvokeDeferredCallbacks.php(22): Illuminate\\Pipeline\\Pipeline->Illuminate\\Pipeline\\{closure}(Object(Illuminate\\Http\\Request))
#44 C:\\xampp\\htdocs\\final-project-nf\\prelovedcampus\\vendor\\laravel\\framework\\src\\Illuminate\\Pipeline\\Pipeline.php(183): Illuminate\\Foundation\\Http\\Middleware\\InvokeDeferredCallbacks->handle(Object(Illuminate\\Http\\Request), Object(Closure))
#45 C:\\xampp\\htdocs\\final-project-nf\\prelovedcampus\\vendor\\laravel\\framework\\src\\Illuminate\\Pipeline\\Pipeline.php(119): Illuminate\\Pipeline\\Pipeline->Illuminate\\Pipeline\\{closure}(Object(Illuminate\\Http\\Request))
#46 C:\\xampp\\htdocs\\final-project-nf\\prelovedcampus\\vendor\\laravel\\framework\\src\\Illuminate\\Foundation\\Http\\Kernel.php(176): Illuminate\\Pipeline\\Pipeline->then(Object(Closure))
#47 C:\\xampp\\htdocs\\final-project-nf\\prelovedcampus\\vendor\\laravel\\framework\\src\\Illuminate\\Foundation\\Http\\Kernel.php(145): Illuminate\\Foundation\\Http\\Kernel->sendRequestThroughRouter(Object(Illuminate\\Http\\Request))
#48 C:\\xampp\\htdocs\\final-project-nf\\prelovedcampus\\vendor\\laravel\\framework\\src\\Illuminate\\Foundation\\Application.php(1188): Illuminate\\Foundation\\Http\\Kernel->handle(Object(Illuminate\\Http\\Request))
#49 C:\\xampp\\htdocs\\final-project-nf\\prelovedcampus\\public\\index.php(17): Illuminate\\Foundation\\Application->handleRequest(Object(Illuminate\\Http\\Request))
#50 C:\\xampp\\htdocs\\final-project-nf\\prelovedcampus\\vendor\\laravel\\framework\\src\\Illuminate\\Foundation\\resources\\server.php(23): require_once('C:\\\\xampp\\\\htdocs...')
#51 {main}

[previous exception] [object] (PDOException(code: 01000): SQLSTATE[01000]: Warning: 1265 Data truncated for column 'status_pembayaran' at row 1 at C:\\xampp\\htdocs\\final-project-nf\\prelovedcampus\\vendor\\laravel\\framework\\src\\Illuminate\\Database\\MySqlConnection.php:53)
[stacktrace]
#0 C:\\xampp\\htdocs\\final-project-nf\\prelovedcampus\\vendor\\laravel\\framework\\src\\Illuminate\\Database\\MySqlConnection.php(53): PDOStatement->execute()
#1 C:\\xampp\\htdocs\\final-project-nf\\prelovedcampus\\vendor\\laravel\\framework\\src\\Illuminate\\Database\\Connection.php(812): Illuminate\\Database\\MySqlConnection->Illuminate\\Database\\{closure}('insert into `st...', Array)
#2 C:\\xampp\\htdocs\\final-project-nf\\prelovedcampus\\vendor\\laravel\\framework\\src\\Illuminate\\Database\\Connection.php(779): Illuminate\\Database\\Connection->runQueryCallback('insert into `st...', Array, Object(Closure))
#3 C:\\xampp\\htdocs\\final-project-nf\\prelovedcampus\\vendor\\laravel\\framework\\src\\Illuminate\\Database\\MySqlConnection.php(42): Illuminate\\Database\\Connection->run('insert into `st...', Array, Object(Closure))
#4 C:\\xampp\\htdocs\\final-project-nf\\prelovedcampus\\vendor\\laravel\\framework\\src\\Illuminate\\Database\\Query\\Processors\\MySqlProcessor.php(35): Illuminate\\Database\\MySqlConnection->insert('insert into `st...', Array, 'id')
#5 C:\\xampp\\htdocs\\final-project-nf\\prelovedcampus\\vendor\\laravel\\framework\\src\\Illuminate\\Database\\Query\\Builder.php(3798): Illuminate\\Database\\Query\\Processors\\MySqlProcessor->processInsertGetId(Object(Illuminate\\Database\\Query\\Builder), 'insert into `st...', Array, 'id')
#6 C:\\xampp\\htdocs\\final-project-nf\\prelovedcampus\\vendor\\laravel\\framework\\src\\Illuminate\\Database\\Eloquent\\Builder.php(2038): Illuminate\\Database\\Query\\Builder->insertGetId(Array, 'id')
#7 C:\\xampp\\htdocs\\final-project-nf\\prelovedcampus\\vendor\\laravel\\framework\\src\\Illuminate\\Database\\Eloquent\\Model.php(1358): Illuminate\\Database\\Eloquent\\Builder->__call('insertGetId', Array)
#8 C:\\xampp\\htdocs\\final-project-nf\\prelovedcampus\\vendor\\laravel\\framework\\src\\Illuminate\\Database\\Eloquent\\Model.php(1323): Illuminate\\Database\\Eloquent\\Model->insertAndSetId(Object(Illuminate\\Database\\Eloquent\\Builder), Array)
#9 C:\\xampp\\htdocs\\final-project-nf\\prelovedcampus\\vendor\\laravel\\framework\\src\\Illuminate\\Database\\Eloquent\\Model.php(1162): Illuminate\\Database\\Eloquent\\Model->performInsert(Object(Illuminate\\Database\\Eloquent\\Builder))
#10 C:\\xampp\\htdocs\\final-project-nf\\prelovedcampus\\vendor\\laravel\\framework\\src\\Illuminate\\Database\\Eloquent\\Builder.php(1079): Illuminate\\Database\\Eloquent\\Model->save()
#11 C:\\xampp\\htdocs\\final-project-nf\\prelovedcampus\\vendor\\laravel\\framework\\src\\Illuminate\\Support\\helpers.php(380): Illuminate\\Database\\Eloquent\\Builder->Illuminate\\Database\\Eloquent\\{closure}(Object(App\\Models\\StatusPembayaran))
#12 C:\\xampp\\htdocs\\final-project-nf\\prelovedcampus\\vendor\\laravel\\framework\\src\\Illuminate\\Database\\Eloquent\\Builder.php(1078): tap(Object(App\\Models\\StatusPembayaran), Object(Closure))
#13 C:\\xampp\\htdocs\\final-project-nf\\prelovedcampus\\vendor\\laravel\\framework\\src\\Illuminate\\Support\\Traits\\ForwardsCalls.php(23): Illuminate\\Database\\Eloquent\\Builder->create(Array)
#14 C:\\xampp\\htdocs\\final-project-nf\\prelovedcampus\\vendor\\laravel\\framework\\src\\Illuminate\\Database\\Eloquent\\Model.php(2367): Illuminate\\Database\\Eloquent\\Model->forwardCallTo(Object(Illuminate\\Database\\Eloquent\\Builder), 'create', Array)
#15 C:\\xampp\\htdocs\\final-project-nf\\prelovedcampus\\vendor\\laravel\\framework\\src\\Illuminate\\Database\\Eloquent\\Model.php(2379): Illuminate\\Database\\Eloquent\\Model->__call('create', Array)
#16 C:\\xampp\\htdocs\\final-project-nf\\prelovedcampus\\app\\Http\\Controllers\\StatusPembayaranController.php(24): Illuminate\\Database\\Eloquent\\Model::__callStatic('create', Array)
#17 C:\\xampp\\htdocs\\final-project-nf\\prelovedcampus\\vendor\\laravel\\framework\\src\\Illuminate\\Routing\\ControllerDispatcher.php(46): App\\Http\\Controllers\\StatusPembayaranController->store(Object(Illuminate\\Http\\Request))
#18 C:\\xampp\\htdocs\\final-project-nf\\prelovedcampus\\vendor\\laravel\\framework\\src\\Illuminate\\Routing\\Route.php(264): Illuminate\\Routing\\ControllerDispatcher->dispatch(Object(Illuminate\\Routing\\Route), Object(App\\Http\\Controllers\\StatusPembayaranController), 'store')
#19 C:\\xampp\\htdocs\\final-project-nf\\prelovedcampus\\vendor\\laravel\\framework\\src\\Illuminate\\Routing\\Route.php(210): Illuminate\\Routing\\Route->runController()
#20 C:\\xampp\\htdocs\\final-project-nf\\prelovedcampus\\vendor\\laravel\\framework\\src\\Illuminate\\Routing\\Router.php(808): Illuminate\\Routing\\Route->run()
#21 C:\\xampp\\htdocs\\final-project-nf\\prelovedcampus\\vendor\\laravel\\framework\\src\\Illuminate\\Pipeline\\Pipeline.php(144): Illuminate\\Routing\\Router->Illuminate\\Routing\\{closure}(Object(Illuminate\\Http\\Request))
#22 C:\\xampp\\htdocs\\final-project-nf\\prelovedcampus\\vendor\\laravel\\framework\\src\\Illuminate\\Routing\\Middleware\\SubstituteBindings.php(51): Illuminate\\Pipeline\\Pipeline->Illuminate\\Pipeline\\{closure}(Object(Illuminate\\Http\\Request))
#23 C:\\xampp\\htdocs\\final-project-nf\\prelovedcampus\\vendor\\laravel\\framework\\src\\Illuminate\\Pipeline\\Pipeline.php(183): Illuminate\\Routing\\Middleware\\SubstituteBindings->handle(Object(Illuminate\\Http\\Request), Object(Closure))
#24 C:\\xampp\\htdocs\\final-project-nf\\prelovedcampus\\vendor\\laravel\\framework\\src\\Illuminate\\Pipeline\\Pipeline.php(119): Illuminate\\Pipeline\\Pipeline->Illuminate\\Pipeline\\{closure}(Object(Illuminate\\Http\\Request))
#25 C:\\xampp\\htdocs\\final-project-nf\\prelovedcampus\\vendor\\laravel\\framework\\src\\Illuminate\\Routing\\Router.php(807): Illuminate\\Pipeline\\Pipeline->then(Object(Closure))
#26 C:\\xampp\\htdocs\\final-project-nf\\prelovedcampus\\vendor\\laravel\\framework\\src\\Illuminate\\Routing\\Router.php(786): Illuminate\\Routing\\Router->runRouteWithinStack(Object(Illuminate\\Routing\\Route), Object(Illuminate\\Http\\Request))
#27 C:\\xampp\\htdocs\\final-project-nf\\prelovedcampus\\vendor\\laravel\\framework\\src\\Illuminate\\Routing\\Router.php(750): Illuminate\\Routing\\Router->runRoute(Object(Illuminate\\Http\\Request), Object(Illuminate\\Routing\\Route))
#28 C:\\xampp\\htdocs\\final-project-nf\\prelovedcampus\\vendor\\laravel\\framework\\src\\Illuminate\\Routing\\Router.php(739): Illuminate\\Routing\\Router->dispatchToRoute(Object(Illuminate\\Http\\Request))
#29 C:\\xampp\\htdocs\\final-project-nf\\prelovedcampus\\vendor\\laravel\\framework\\src\\Illuminate\\Foundation\\Http\\Kernel.php(201): Illuminate\\Routing\\Router->dispatch(Object(Illuminate\\Http\\Request))
#30 C:\\xampp\\htdocs\\final-project-nf\\prelovedcampus\\vendor\\laravel\\framework\\src\\Illuminate\\Pipeline\\Pipeline.php(144): Illuminate\\Foundation\\Http\\Kernel->Illuminate\\Foundation\\Http\\{closure}(Object(Illuminate\\Http\\Request))
#31 C:\\xampp\\htdocs\\final-project-nf\\prelovedcampus\\vendor\\laravel\\framework\\src\\Illuminate\\Foundation\\Http\\Middleware\\TransformsRequest.php(21): Illuminate\\Pipeline\\Pipeline->Illuminate\\Pipeline\\{closure}(Object(Illuminate\\Http\\Request))
#32 C:\\xampp\\htdocs\\final-project-nf\\prelovedcampus\\vendor\\laravel\\framework\\src\\Illuminate\\Foundation\\Http\\Middleware\\ConvertEmptyStringsToNull.php(31): Illuminate\\Foundation\\Http\\Middleware\\TransformsRequest->handle(Object(Illuminate\\Http\\Request), Object(Closure))
#33 C:\\xampp\\htdocs\\final-project-nf\\prelovedcampus\\vendor\\laravel\\framework\\src\\Illuminate\\Pipeline\\Pipeline.php(183): Illuminate\\Foundation\\Http\\Middleware\\ConvertEmptyStringsToNull->handle(Object(Illuminate\\Http\\Request), Object(Closure))
#34 C:\\xampp\\htdocs\\final-project-nf\\prelovedcampus\\vendor\\laravel\\framework\\src\\Illuminate\\Foundation\\Http\\Middleware\\TransformsRequest.php(21): Illuminate\\Pipeline\\Pipeline->Illuminate\\Pipeline\\{closure}(Object(Illuminate\\Http\\Request))
#35 C:\\xampp\\htdocs\\final-project-nf\\prelovedcampus\\vendor\\laravel\\framework\\src\\Illuminate\\Foundation\\Http\\Middleware\\TrimStrings.php(51): Illuminate\\Foundation\\Http\\Middleware\\TransformsRequest->handle(Object(Illuminate\\Http\\Request), Object(Closure))
#36 C:\\xampp\\htdocs\\final-project-nf\\prelovedcampus\\vendor\\laravel\\framework\\src\\Illuminate\\Pipeline\\Pipeline.php(183): Illuminate\\Foundation\\Http\\Middleware\\TrimStrings->handle(Object(Illuminate\\Http\\Request), Object(Closure))
#37 C:\\xampp\\htdocs\\final-project-nf\\prelovedcampus\\vendor\\laravel\\framework\\src\\Illuminate\\Http\\Middleware\\ValidatePostSize.php(27): Illuminate\\Pipeline\\Pipeline->Illuminate\\Pipeline\\{closure}(Object(Illuminate\\Http\\Request))
#38 C:\\xampp\\htdocs\\final-project-nf\\prelovedcampus\\vendor\\laravel\\framework\\src\\Illuminate\\Pipeline\\Pipeline.php(183): Illuminate\\Http\\Middleware\\ValidatePostSize->handle(Object(Illuminate\\Http\\Request), Object(Closure))
#39 C:\\xampp\\htdocs\\final-project-nf\\prelovedcampus\\vendor\\laravel\\framework\\src\\Illuminate\\Foundation\\Http\\Middleware\\PreventRequestsDuringMaintenance.php(110): Illuminate\\Pipeline\\Pipeline->Illuminate\\Pipeline\\{closure}(Object(Illuminate\\Http\\Request))
#40 C:\\xampp\\htdocs\\final-project-nf\\prelovedcampus\\vendor\\laravel\\framework\\src\\Illuminate\\Pipeline\\Pipeline.php(183): Illuminate\\Foundation\\Http\\Middleware\\PreventRequestsDuringMaintenance->handle(Object(Illuminate\\Http\\Request), Object(Closure))
#41 C:\\xampp\\htdocs\\final-project-nf\\prelovedcampus\\vendor\\laravel\\framework\\src\\Illuminate\\Http\\Middleware\\HandleCors.php(62): Illuminate\\Pipeline\\Pipeline->Illuminate\\Pipeline\\{closure}(Object(Illuminate\\Http\\Request))
#42 C:\\xampp\\htdocs\\final-project-nf\\prelovedcampus\\vendor\\laravel\\framework\\src\\Illuminate\\Pipeline\\Pipeline.php(183): Illuminate\\Http\\Middleware\\HandleCors->handle(Object(Illuminate\\Http\\Request), Object(Closure))
#43 C:\\xampp\\htdocs\\final-project-nf\\prelovedcampus\\vendor\\laravel\\framework\\src\\Illuminate\\Http\\Middleware\\TrustProxies.php(58): Illuminate\\Pipeline\\Pipeline->Illuminate\\Pipeline\\{closure}(Object(Illuminate\\Http\\Request))
#44 C:\\xampp\\htdocs\\final-project-nf\\prelovedcampus\\vendor\\laravel\\framework\\src\\Illuminate\\Pipeline\\Pipeline.php(183): Illuminate\\Http\\Middleware\\TrustProxies->handle(Object(Illuminate\\Http\\Request), Object(Closure))
#45 C:\\xampp\\htdocs\\final-project-nf\\prelovedcampus\\vendor\\laravel\\framework\\src\\Illuminate\\Foundation\\Http\\Middleware\\InvokeDeferredCallbacks.php(22): Illuminate\\Pipeline\\Pipeline->Illuminate\\Pipeline\\{closure}(Object(Illuminate\\Http\\Request))
#46 C:\\xampp\\htdocs\\final-project-nf\\prelovedcampus\\vendor\\laravel\\framework\\src\\Illuminate\\Pipeline\\Pipeline.php(183): Illuminate\\Foundation\\Http\\Middleware\\InvokeDeferredCallbacks->handle(Object(Illuminate\\Http\\Request), Object(Closure))
#47 C:\\xampp\\htdocs\\final-project-nf\\prelovedcampus\\vendor\\laravel\\framework\\src\\Illuminate\\Pipeline\\Pipeline.php(119): Illuminate\\Pipeline\\Pipeline->Illuminate\\Pipeline\\{closure}(Object(Illuminate\\Http\\Request))
#48 C:\\xampp\\htdocs\\final-project-nf\\prelovedcampus\\vendor\\laravel\\framework\\src\\Illuminate\\Foundation\\Http\\Kernel.php(176): Illuminate\\Pipeline\\Pipeline->then(Object(Closure))
#49 C:\\xampp\\htdocs\\final-project-nf\\prelovedcampus\\vendor\\laravel\\framework\\src\\Illuminate\\Foundation\\Http\\Kernel.php(145): Illuminate\\Foundation\\Http\\Kernel->sendRequestThroughRouter(Object(Illuminate\\Http\\Request))
#50 C:\\xampp\\htdocs\\final-project-nf\\prelovedcampus\\vendor\\laravel\\framework\\src\\Illuminate\\Foundation\\Application.php(1188): Illuminate\\Foundation\\Http\\Kernel->handle(Object(Illuminate\\Http\\Request))
#51 C:\\xampp\\htdocs\\final-project-nf\\prelovedcampus\\public\\index.php(17): Illuminate\\Foundation\\Application->handleRequest(Object(Illuminate\\Http\\Request))
#52 C:\\xampp\\htdocs\\final-project-nf\\prelovedcampus\\vendor\\laravel\\framework\\src\\Illuminate\\Foundation\\resources\\server.php(23): require_once('C:\\\\xampp\\\\htdocs...')
#53 {main}
"} 
[2024-11-11 17:48:52] local.ERROR: SQLSTATE[23000]: Integrity constraint violation: 1048 Column 'status_pembayaran' cannot be null (Connection: mysql, SQL: insert into `status_pembayaran` (`status_pembayaran`) values (?)) {"exception":"[object] (Illuminate\\Database\\QueryException(code: 23000): SQLSTATE[23000]: Integrity constraint violation: 1048 Column 'status_pembayaran' cannot be null (Connection: mysql, SQL: insert into `status_pembayaran` (`status_pembayaran`) values (?)) at C:\\xampp\\htdocs\\final-project-nf\\prelovedcampus\\vendor\\laravel\\framework\\src\\Illuminate\\Database\\Connection.php:825)
[stacktrace]
#0 C:\\xampp\\htdocs\\final-project-nf\\prelovedcampus\\vendor\\laravel\\framework\\src\\Illuminate\\Database\\Connection.php(779): Illuminate\\Database\\Connection->runQueryCallback('insert into `st...', Array, Object(Closure))
#1 C:\\xampp\\htdocs\\final-project-nf\\prelovedcampus\\vendor\\laravel\\framework\\src\\Illuminate\\Database\\MySqlConnection.php(42): Illuminate\\Database\\Connection->run('insert into `st...', Array, Object(Closure))
#2 C:\\xampp\\htdocs\\final-project-nf\\prelovedcampus\\vendor\\laravel\\framework\\src\\Illuminate\\Database\\Query\\Processors\\MySqlProcessor.php(35): Illuminate\\Database\\MySqlConnection->insert('insert into `st...', Array, 'id')
#3 C:\\xampp\\htdocs\\final-project-nf\\prelovedcampus\\vendor\\laravel\\framework\\src\\Illuminate\\Database\\Query\\Builder.php(3798): Illuminate\\Database\\Query\\Processors\\MySqlProcessor->processInsertGetId(Object(Illuminate\\Database\\Query\\Builder), 'insert into `st...', Array, 'id')
#4 C:\\xampp\\htdocs\\final-project-nf\\prelovedcampus\\vendor\\laravel\\framework\\src\\Illuminate\\Database\\Eloquent\\Builder.php(2038): Illuminate\\Database\\Query\\Builder->insertGetId(Array, 'id')
#5 C:\\xampp\\htdocs\\final-project-nf\\prelovedcampus\\vendor\\laravel\\framework\\src\\Illuminate\\Database\\Eloquent\\Model.php(1358): Illuminate\\Database\\Eloquent\\Builder->__call('insertGetId', Array)
#6 C:\\xampp\\htdocs\\final-project-nf\\prelovedcampus\\vendor\\laravel\\framework\\src\\Illuminate\\Database\\Eloquent\\Model.php(1323): Illuminate\\Database\\Eloquent\\Model->insertAndSetId(Object(Illuminate\\Database\\Eloquent\\Builder), Array)
#7 C:\\xampp\\htdocs\\final-project-nf\\prelovedcampus\\vendor\\laravel\\framework\\src\\Illuminate\\Database\\Eloquent\\Model.php(1162): Illuminate\\Database\\Eloquent\\Model->performInsert(Object(Illuminate\\Database\\Eloquent\\Builder))
#8 C:\\xampp\\htdocs\\final-project-nf\\prelovedcampus\\vendor\\laravel\\framework\\src\\Illuminate\\Database\\Eloquent\\Builder.php(1079): Illuminate\\Database\\Eloquent\\Model->save()
#9 C:\\xampp\\htdocs\\final-project-nf\\prelovedcampus\\vendor\\laravel\\framework\\src\\Illuminate\\Support\\helpers.php(380): Illuminate\\Database\\Eloquent\\Builder->Illuminate\\Database\\Eloquent\\{closure}(Object(App\\Models\\StatusPembayaran))
#10 C:\\xampp\\htdocs\\final-project-nf\\prelovedcampus\\vendor\\laravel\\framework\\src\\Illuminate\\Database\\Eloquent\\Builder.php(1078): tap(Object(App\\Models\\StatusPembayaran), Object(Closure))
#11 C:\\xampp\\htdocs\\final-project-nf\\prelovedcampus\\vendor\\laravel\\framework\\src\\Illuminate\\Support\\Traits\\ForwardsCalls.php(23): Illuminate\\Database\\Eloquent\\Builder->create(Array)
#12 C:\\xampp\\htdocs\\final-project-nf\\prelovedcampus\\vendor\\laravel\\framework\\src\\Illuminate\\Database\\Eloquent\\Model.php(2367): Illuminate\\Database\\Eloquent\\Model->forwardCallTo(Object(Illuminate\\Database\\Eloquent\\Builder), 'create', Array)
#13 C:\\xampp\\htdocs\\final-project-nf\\prelovedcampus\\vendor\\laravel\\framework\\src\\Illuminate\\Database\\Eloquent\\Model.php(2379): Illuminate\\Database\\Eloquent\\Model->__call('create', Array)
#14 C:\\xampp\\htdocs\\final-project-nf\\prelovedcampus\\app\\Http\\Controllers\\StatusPembayaranController.php(27): Illuminate\\Database\\Eloquent\\Model::__callStatic('create', Array)
#15 C:\\xampp\\htdocs\\final-project-nf\\prelovedcampus\\vendor\\laravel\\framework\\src\\Illuminate\\Routing\\ControllerDispatcher.php(46): App\\Http\\Controllers\\StatusPembayaranController->store(Object(Illuminate\\Http\\Request))
#16 C:\\xampp\\htdocs\\final-project-nf\\prelovedcampus\\vendor\\laravel\\framework\\src\\Illuminate\\Routing\\Route.php(264): Illuminate\\Routing\\ControllerDispatcher->dispatch(Object(Illuminate\\Routing\\Route), Object(App\\Http\\Controllers\\StatusPembayaranController), 'store')
#17 C:\\xampp\\htdocs\\final-project-nf\\prelovedcampus\\vendor\\laravel\\framework\\src\\Illuminate\\Routing\\Route.php(210): Illuminate\\Routing\\Route->runController()
#18 C:\\xampp\\htdocs\\final-project-nf\\prelovedcampus\\vendor\\laravel\\framework\\src\\Illuminate\\Routing\\Router.php(808): Illuminate\\Routing\\Route->run()
#19 C:\\xampp\\htdocs\\final-project-nf\\prelovedcampus\\vendor\\laravel\\framework\\src\\Illuminate\\Pipeline\\Pipeline.php(144): Illuminate\\Routing\\Router->Illuminate\\Routing\\{closure}(Object(Illuminate\\Http\\Request))
#20 C:\\xampp\\htdocs\\final-project-nf\\prelovedcampus\\vendor\\laravel\\framework\\src\\Illuminate\\Routing\\Middleware\\SubstituteBindings.php(51): Illuminate\\Pipeline\\Pipeline->Illuminate\\Pipeline\\{closure}(Object(Illuminate\\Http\\Request))
#21 C:\\xampp\\htdocs\\final-project-nf\\prelovedcampus\\vendor\\laravel\\framework\\src\\Illuminate\\Pipeline\\Pipeline.php(183): Illuminate\\Routing\\Middleware\\SubstituteBindings->handle(Object(Illuminate\\Http\\Request), Object(Closure))
#22 C:\\xampp\\htdocs\\final-project-nf\\prelovedcampus\\vendor\\laravel\\framework\\src\\Illuminate\\Pipeline\\Pipeline.php(119): Illuminate\\Pipeline\\Pipeline->Illuminate\\Pipeline\\{closure}(Object(Illuminate\\Http\\Request))
#23 C:\\xampp\\htdocs\\final-project-nf\\prelovedcampus\\vendor\\laravel\\framework\\src\\Illuminate\\Routing\\Router.php(807): Illuminate\\Pipeline\\Pipeline->then(Object(Closure))
#24 C:\\xampp\\htdocs\\final-project-nf\\prelovedcampus\\vendor\\laravel\\framework\\src\\Illuminate\\Routing\\Router.php(786): Illuminate\\Routing\\Router->runRouteWithinStack(Object(Illuminate\\Routing\\Route), Object(Illuminate\\Http\\Request))
#25 C:\\xampp\\htdocs\\final-project-nf\\prelovedcampus\\vendor\\laravel\\framework\\src\\Illuminate\\Routing\\Router.php(750): Illuminate\\Routing\\Router->runRoute(Object(Illuminate\\Http\\Request), Object(Illuminate\\Routing\\Route))
#26 C:\\xampp\\htdocs\\final-project-nf\\prelovedcampus\\vendor\\laravel\\framework\\src\\Illuminate\\Routing\\Router.php(739): Illuminate\\Routing\\Router->dispatchToRoute(Object(Illuminate\\Http\\Request))
#27 C:\\xampp\\htdocs\\final-project-nf\\prelovedcampus\\vendor\\laravel\\framework\\src\\Illuminate\\Foundation\\Http\\Kernel.php(201): Illuminate\\Routing\\Router->dispatch(Object(Illuminate\\Http\\Request))
#28 C:\\xampp\\htdocs\\final-project-nf\\prelovedcampus\\vendor\\laravel\\framework\\src\\Illuminate\\Pipeline\\Pipeline.php(144): Illuminate\\Foundation\\Http\\Kernel->Illuminate\\Foundation\\Http\\{closure}(Object(Illuminate\\Http\\Request))
#29 C:\\xampp\\htdocs\\final-project-nf\\prelovedcampus\\vendor\\laravel\\framework\\src\\Illuminate\\Foundation\\Http\\Middleware\\TransformsRequest.php(21): Illuminate\\Pipeline\\Pipeline->Illuminate\\Pipeline\\{closure}(Object(Illuminate\\Http\\Request))
#30 C:\\xampp\\htdocs\\final-project-nf\\prelovedcampus\\vendor\\laravel\\framework\\src\\Illuminate\\Foundation\\Http\\Middleware\\ConvertEmptyStringsToNull.php(31): Illuminate\\Foundation\\Http\\Middleware\\TransformsRequest->handle(Object(Illuminate\\Http\\Request), Object(Closure))
#31 C:\\xampp\\htdocs\\final-project-nf\\prelovedcampus\\vendor\\laravel\\framework\\src\\Illuminate\\Pipeline\\Pipeline.php(183): Illuminate\\Foundation\\Http\\Middleware\\ConvertEmptyStringsToNull->handle(Object(Illuminate\\Http\\Request), Object(Closure))
#32 C:\\xampp\\htdocs\\final-project-nf\\prelovedcampus\\vendor\\laravel\\framework\\src\\Illuminate\\Foundation\\Http\\Middleware\\TransformsRequest.php(21): Illuminate\\Pipeline\\Pipeline->Illuminate\\Pipeline\\{closure}(Object(Illuminate\\Http\\Request))
#33 C:\\xampp\\htdocs\\final-project-nf\\prelovedcampus\\vendor\\laravel\\framework\\src\\Illuminate\\Foundation\\Http\\Middleware\\TrimStrings.php(51): Illuminate\\Foundation\\Http\\Middleware\\TransformsRequest->handle(Object(Illuminate\\Http\\Request), Object(Closure))
#34 C:\\xampp\\htdocs\\final-project-nf\\prelovedcampus\\vendor\\laravel\\framework\\src\\Illuminate\\Pipeline\\Pipeline.php(183): Illuminate\\Foundation\\Http\\Middleware\\TrimStrings->handle(Object(Illuminate\\Http\\Request), Object(Closure))
#35 C:\\xampp\\htdocs\\final-project-nf\\prelovedcampus\\vendor\\laravel\\framework\\src\\Illuminate\\Http\\Middleware\\ValidatePostSize.php(27): Illuminate\\Pipeline\\Pipeline->Illuminate\\Pipeline\\{closure}(Object(Illuminate\\Http\\Request))
#36 C:\\xampp\\htdocs\\final-project-nf\\prelovedcampus\\vendor\\laravel\\framework\\src\\Illuminate\\Pipeline\\Pipeline.php(183): Illuminate\\Http\\Middleware\\ValidatePostSize->handle(Object(Illuminate\\Http\\Request), Object(Closure))
#37 C:\\xampp\\htdocs\\final-project-nf\\prelovedcampus\\vendor\\laravel\\framework\\src\\Illuminate\\Foundation\\Http\\Middleware\\PreventRequestsDuringMaintenance.php(110): Illuminate\\Pipeline\\Pipeline->Illuminate\\Pipeline\\{closure}(Object(Illuminate\\Http\\Request))
#38 C:\\xampp\\htdocs\\final-project-nf\\prelovedcampus\\vendor\\laravel\\framework\\src\\Illuminate\\Pipeline\\Pipeline.php(183): Illuminate\\Foundation\\Http\\Middleware\\PreventRequestsDuringMaintenance->handle(Object(Illuminate\\Http\\Request), Object(Closure))
#39 C:\\xampp\\htdocs\\final-project-nf\\prelovedcampus\\vendor\\laravel\\framework\\src\\Illuminate\\Http\\Middleware\\HandleCors.php(62): Illuminate\\Pipeline\\Pipeline->Illuminate\\Pipeline\\{closure}(Object(Illuminate\\Http\\Request))
#40 C:\\xampp\\htdocs\\final-project-nf\\prelovedcampus\\vendor\\laravel\\framework\\src\\Illuminate\\Pipeline\\Pipeline.php(183): Illuminate\\Http\\Middleware\\HandleCors->handle(Object(Illuminate\\Http\\Request), Object(Closure))
#41 C:\\xampp\\htdocs\\final-project-nf\\prelovedcampus\\vendor\\laravel\\framework\\src\\Illuminate\\Http\\Middleware\\TrustProxies.php(58): Illuminate\\Pipeline\\Pipeline->Illuminate\\Pipeline\\{closure}(Object(Illuminate\\Http\\Request))
#42 C:\\xampp\\htdocs\\final-project-nf\\prelovedcampus\\vendor\\laravel\\framework\\src\\Illuminate\\Pipeline\\Pipeline.php(183): Illuminate\\Http\\Middleware\\TrustProxies->handle(Object(Illuminate\\Http\\Request), Object(Closure))
#43 C:\\xampp\\htdocs\\final-project-nf\\prelovedcampus\\vendor\\laravel\\framework\\src\\Illuminate\\Foundation\\Http\\Middleware\\InvokeDeferredCallbacks.php(22): Illuminate\\Pipeline\\Pipeline->Illuminate\\Pipeline\\{closure}(Object(Illuminate\\Http\\Request))
#44 C:\\xampp\\htdocs\\final-project-nf\\prelovedcampus\\vendor\\laravel\\framework\\src\\Illuminate\\Pipeline\\Pipeline.php(183): Illuminate\\Foundation\\Http\\Middleware\\InvokeDeferredCallbacks->handle(Object(Illuminate\\Http\\Request), Object(Closure))
#45 C:\\xampp\\htdocs\\final-project-nf\\prelovedcampus\\vendor\\laravel\\framework\\src\\Illuminate\\Pipeline\\Pipeline.php(119): Illuminate\\Pipeline\\Pipeline->Illuminate\\Pipeline\\{closure}(Object(Illuminate\\Http\\Request))
#46 C:\\xampp\\htdocs\\final-project-nf\\prelovedcampus\\vendor\\laravel\\framework\\src\\Illuminate\\Foundation\\Http\\Kernel.php(176): Illuminate\\Pipeline\\Pipeline->then(Object(Closure))
#47 C:\\xampp\\htdocs\\final-project-nf\\prelovedcampus\\vendor\\laravel\\framework\\src\\Illuminate\\Foundation\\Http\\Kernel.php(145): Illuminate\\Foundation\\Http\\Kernel->sendRequestThroughRouter(Object(Illuminate\\Http\\Request))
#48 C:\\xampp\\htdocs\\final-project-nf\\prelovedcampus\\vendor\\laravel\\framework\\src\\Illuminate\\Foundation\\Application.php(1188): Illuminate\\Foundation\\Http\\Kernel->handle(Object(Illuminate\\Http\\Request))
#49 C:\\xampp\\htdocs\\final-project-nf\\prelovedcampus\\public\\index.php(17): Illuminate\\Foundation\\Application->handleRequest(Object(Illuminate\\Http\\Request))
#50 C:\\xampp\\htdocs\\final-project-nf\\prelovedcampus\\vendor\\laravel\\framework\\src\\Illuminate\\Foundation\\resources\\server.php(23): require_once('C:\\\\xampp\\\\htdocs...')
#51 {main}

[previous exception] [object] (PDOException(code: 23000): SQLSTATE[23000]: Integrity constraint violation: 1048 Column 'status_pembayaran' cannot be null at C:\\xampp\\htdocs\\final-project-nf\\prelovedcampus\\vendor\\laravel\\framework\\src\\Illuminate\\Database\\MySqlConnection.php:53)
[stacktrace]
#0 C:\\xampp\\htdocs\\final-project-nf\\prelovedcampus\\vendor\\laravel\\framework\\src\\Illuminate\\Database\\MySqlConnection.php(53): PDOStatement->execute()
#1 C:\\xampp\\htdocs\\final-project-nf\\prelovedcampus\\vendor\\laravel\\framework\\src\\Illuminate\\Database\\Connection.php(812): Illuminate\\Database\\MySqlConnection->Illuminate\\Database\\{closure}('insert into `st...', Array)
#2 C:\\xampp\\htdocs\\final-project-nf\\prelovedcampus\\vendor\\laravel\\framework\\src\\Illuminate\\Database\\Connection.php(779): Illuminate\\Database\\Connection->runQueryCallback('insert into `st...', Array, Object(Closure))
#3 C:\\xampp\\htdocs\\final-project-nf\\prelovedcampus\\vendor\\laravel\\framework\\src\\Illuminate\\Database\\MySqlConnection.php(42): Illuminate\\Database\\Connection->run('insert into `st...', Array, Object(Closure))
#4 C:\\xampp\\htdocs\\final-project-nf\\prelovedcampus\\vendor\\laravel\\framework\\src\\Illuminate\\Database\\Query\\Processors\\MySqlProcessor.php(35): Illuminate\\Database\\MySqlConnection->insert('insert into `st...', Array, 'id')
#5 C:\\xampp\\htdocs\\final-project-nf\\prelovedcampus\\vendor\\laravel\\framework\\src\\Illuminate\\Database\\Query\\Builder.php(3798): Illuminate\\Database\\Query\\Processors\\MySqlProcessor->processInsertGetId(Object(Illuminate\\Database\\Query\\Builder), 'insert into `st...', Array, 'id')
#6 C:\\xampp\\htdocs\\final-project-nf\\prelovedcampus\\vendor\\laravel\\framework\\src\\Illuminate\\Database\\Eloquent\\Builder.php(2038): Illuminate\\Database\\Query\\Builder->insertGetId(Array, 'id')
#7 C:\\xampp\\htdocs\\final-project-nf\\prelovedcampus\\vendor\\laravel\\framework\\src\\Illuminate\\Database\\Eloquent\\Model.php(1358): Illuminate\\Database\\Eloquent\\Builder->__call('insertGetId', Array)
#8 C:\\xampp\\htdocs\\final-project-nf\\prelovedcampus\\vendor\\laravel\\framework\\src\\Illuminate\\Database\\Eloquent\\Model.php(1323): Illuminate\\Database\\Eloquent\\Model->insertAndSetId(Object(Illuminate\\Database\\Eloquent\\Builder), Array)
#9 C:\\xampp\\htdocs\\final-project-nf\\prelovedcampus\\vendor\\laravel\\framework\\src\\Illuminate\\Database\\Eloquent\\Model.php(1162): Illuminate\\Database\\Eloquent\\Model->performInsert(Object(Illuminate\\Database\\Eloquent\\Builder))
#10 C:\\xampp\\htdocs\\final-project-nf\\prelovedcampus\\vendor\\laravel\\framework\\src\\Illuminate\\Database\\Eloquent\\Builder.php(1079): Illuminate\\Database\\Eloquent\\Model->save()
#11 C:\\xampp\\htdocs\\final-project-nf\\prelovedcampus\\vendor\\laravel\\framework\\src\\Illuminate\\Support\\helpers.php(380): Illuminate\\Database\\Eloquent\\Builder->Illuminate\\Database\\Eloquent\\{closure}(Object(App\\Models\\StatusPembayaran))
#12 C:\\xampp\\htdocs\\final-project-nf\\prelovedcampus\\vendor\\laravel\\framework\\src\\Illuminate\\Database\\Eloquent\\Builder.php(1078): tap(Object(App\\Models\\StatusPembayaran), Object(Closure))
#13 C:\\xampp\\htdocs\\final-project-nf\\prelovedcampus\\vendor\\laravel\\framework\\src\\Illuminate\\Support\\Traits\\ForwardsCalls.php(23): Illuminate\\Database\\Eloquent\\Builder->create(Array)
#14 C:\\xampp\\htdocs\\final-project-nf\\prelovedcampus\\vendor\\laravel\\framework\\src\\Illuminate\\Database\\Eloquent\\Model.php(2367): Illuminate\\Database\\Eloquent\\Model->forwardCallTo(Object(Illuminate\\Database\\Eloquent\\Builder), 'create', Array)
#15 C:\\xampp\\htdocs\\final-project-nf\\prelovedcampus\\vendor\\laravel\\framework\\src\\Illuminate\\Database\\Eloquent\\Model.php(2379): Illuminate\\Database\\Eloquent\\Model->__call('create', Array)
#16 C:\\xampp\\htdocs\\final-project-nf\\prelovedcampus\\app\\Http\\Controllers\\StatusPembayaranController.php(27): Illuminate\\Database\\Eloquent\\Model::__callStatic('create', Array)
#17 C:\\xampp\\htdocs\\final-project-nf\\prelovedcampus\\vendor\\laravel\\framework\\src\\Illuminate\\Routing\\ControllerDispatcher.php(46): App\\Http\\Controllers\\StatusPembayaranController->store(Object(Illuminate\\Http\\Request))
#18 C:\\xampp\\htdocs\\final-project-nf\\prelovedcampus\\vendor\\laravel\\framework\\src\\Illuminate\\Routing\\Route.php(264): Illuminate\\Routing\\ControllerDispatcher->dispatch(Object(Illuminate\\Routing\\Route), Object(App\\Http\\Controllers\\StatusPembayaranController), 'store')
#19 C:\\xampp\\htdocs\\final-project-nf\\prelovedcampus\\vendor\\laravel\\framework\\src\\Illuminate\\Routing\\Route.php(210): Illuminate\\Routing\\Route->runController()
#20 C:\\xampp\\htdocs\\final-project-nf\\prelovedcampus\\vendor\\laravel\\framework\\src\\Illuminate\\Routing\\Router.php(808): Illuminate\\Routing\\Route->run()
#21 C:\\xampp\\htdocs\\final-project-nf\\prelovedcampus\\vendor\\laravel\\framework\\src\\Illuminate\\Pipeline\\Pipeline.php(144): Illuminate\\Routing\\Router->Illuminate\\Routing\\{closure}(Object(Illuminate\\Http\\Request))
#22 C:\\xampp\\htdocs\\final-project-nf\\prelovedcampus\\vendor\\laravel\\framework\\src\\Illuminate\\Routing\\Middleware\\SubstituteBindings.php(51): Illuminate\\Pipeline\\Pipeline->Illuminate\\Pipeline\\{closure}(Object(Illuminate\\Http\\Request))
#23 C:\\xampp\\htdocs\\final-project-nf\\prelovedcampus\\vendor\\laravel\\framework\\src\\Illuminate\\Pipeline\\Pipeline.php(183): Illuminate\\Routing\\Middleware\\SubstituteBindings->handle(Object(Illuminate\\Http\\Request), Object(Closure))
#24 C:\\xampp\\htdocs\\final-project-nf\\prelovedcampus\\vendor\\laravel\\framework\\src\\Illuminate\\Pipeline\\Pipeline.php(119): Illuminate\\Pipeline\\Pipeline->Illuminate\\Pipeline\\{closure}(Object(Illuminate\\Http\\Request))
#25 C:\\xampp\\htdocs\\final-project-nf\\prelovedcampus\\vendor\\laravel\\framework\\src\\Illuminate\\Routing\\Router.php(807): Illuminate\\Pipeline\\Pipeline->then(Object(Closure))
#26 C:\\xampp\\htdocs\\final-project-nf\\prelovedcampus\\vendor\\laravel\\framework\\src\\Illuminate\\Routing\\Router.php(786): Illuminate\\Routing\\Router->runRouteWithinStack(Object(Illuminate\\Routing\\Route), Object(Illuminate\\Http\\Request))
#27 C:\\xampp\\htdocs\\final-project-nf\\prelovedcampus\\vendor\\laravel\\framework\\src\\Illuminate\\Routing\\Router.php(750): Illuminate\\Routing\\Router->runRoute(Object(Illuminate\\Http\\Request), Object(Illuminate\\Routing\\Route))
#28 C:\\xampp\\htdocs\\final-project-nf\\prelovedcampus\\vendor\\laravel\\framework\\src\\Illuminate\\Routing\\Router.php(739): Illuminate\\Routing\\Router->dispatchToRoute(Object(Illuminate\\Http\\Request))
#29 C:\\xampp\\htdocs\\final-project-nf\\prelovedcampus\\vendor\\laravel\\framework\\src\\Illuminate\\Foundation\\Http\\Kernel.php(201): Illuminate\\Routing\\Router->dispatch(Object(Illuminate\\Http\\Request))
#30 C:\\xampp\\htdocs\\final-project-nf\\prelovedcampus\\vendor\\laravel\\framework\\src\\Illuminate\\Pipeline\\Pipeline.php(144): Illuminate\\Foundation\\Http\\Kernel->Illuminate\\Foundation\\Http\\{closure}(Object(Illuminate\\Http\\Request))
#31 C:\\xampp\\htdocs\\final-project-nf\\prelovedcampus\\vendor\\laravel\\framework\\src\\Illuminate\\Foundation\\Http\\Middleware\\TransformsRequest.php(21): Illuminate\\Pipeline\\Pipeline->Illuminate\\Pipeline\\{closure}(Object(Illuminate\\Http\\Request))
#32 C:\\xampp\\htdocs\\final-project-nf\\prelovedcampus\\vendor\\laravel\\framework\\src\\Illuminate\\Foundation\\Http\\Middleware\\ConvertEmptyStringsToNull.php(31): Illuminate\\Foundation\\Http\\Middleware\\TransformsRequest->handle(Object(Illuminate\\Http\\Request), Object(Closure))
#33 C:\\xampp\\htdocs\\final-project-nf\\prelovedcampus\\vendor\\laravel\\framework\\src\\Illuminate\\Pipeline\\Pipeline.php(183): Illuminate\\Foundation\\Http\\Middleware\\ConvertEmptyStringsToNull->handle(Object(Illuminate\\Http\\Request), Object(Closure))
#34 C:\\xampp\\htdocs\\final-project-nf\\prelovedcampus\\vendor\\laravel\\framework\\src\\Illuminate\\Foundation\\Http\\Middleware\\TransformsRequest.php(21): Illuminate\\Pipeline\\Pipeline->Illuminate\\Pipeline\\{closure}(Object(Illuminate\\Http\\Request))
#35 C:\\xampp\\htdocs\\final-project-nf\\prelovedcampus\\vendor\\laravel\\framework\\src\\Illuminate\\Foundation\\Http\\Middleware\\TrimStrings.php(51): Illuminate\\Foundation\\Http\\Middleware\\TransformsRequest->handle(Object(Illuminate\\Http\\Request), Object(Closure))
#36 C:\\xampp\\htdocs\\final-project-nf\\prelovedcampus\\vendor\\laravel\\framework\\src\\Illuminate\\Pipeline\\Pipeline.php(183): Illuminate\\Foundation\\Http\\Middleware\\TrimStrings->handle(Object(Illuminate\\Http\\Request), Object(Closure))
#37 C:\\xampp\\htdocs\\final-project-nf\\prelovedcampus\\vendor\\laravel\\framework\\src\\Illuminate\\Http\\Middleware\\ValidatePostSize.php(27): Illuminate\\Pipeline\\Pipeline->Illuminate\\Pipeline\\{closure}(Object(Illuminate\\Http\\Request))
#38 C:\\xampp\\htdocs\\final-project-nf\\prelovedcampus\\vendor\\laravel\\framework\\src\\Illuminate\\Pipeline\\Pipeline.php(183): Illuminate\\Http\\Middleware\\ValidatePostSize->handle(Object(Illuminate\\Http\\Request), Object(Closure))
#39 C:\\xampp\\htdocs\\final-project-nf\\prelovedcampus\\vendor\\laravel\\framework\\src\\Illuminate\\Foundation\\Http\\Middleware\\PreventRequestsDuringMaintenance.php(110): Illuminate\\Pipeline\\Pipeline->Illuminate\\Pipeline\\{closure}(Object(Illuminate\\Http\\Request))
#40 C:\\xampp\\htdocs\\final-project-nf\\prelovedcampus\\vendor\\laravel\\framework\\src\\Illuminate\\Pipeline\\Pipeline.php(183): Illuminate\\Foundation\\Http\\Middleware\\PreventRequestsDuringMaintenance->handle(Object(Illuminate\\Http\\Request), Object(Closure))
#41 C:\\xampp\\htdocs\\final-project-nf\\prelovedcampus\\vendor\\laravel\\framework\\src\\Illuminate\\Http\\Middleware\\HandleCors.php(62): Illuminate\\Pipeline\\Pipeline->Illuminate\\Pipeline\\{closure}(Object(Illuminate\\Http\\Request))
#42 C:\\xampp\\htdocs\\final-project-nf\\prelovedcampus\\vendor\\laravel\\framework\\src\\Illuminate\\Pipeline\\Pipeline.php(183): Illuminate\\Http\\Middleware\\HandleCors->handle(Object(Illuminate\\Http\\Request), Object(Closure))
#43 C:\\xampp\\htdocs\\final-project-nf\\prelovedcampus\\vendor\\laravel\\framework\\src\\Illuminate\\Http\\Middleware\\TrustProxies.php(58): Illuminate\\Pipeline\\Pipeline->Illuminate\\Pipeline\\{closure}(Object(Illuminate\\Http\\Request))
#44 C:\\xampp\\htdocs\\final-project-nf\\prelovedcampus\\vendor\\laravel\\framework\\src\\Illuminate\\Pipeline\\Pipeline.php(183): Illuminate\\Http\\Middleware\\TrustProxies->handle(Object(Illuminate\\Http\\Request), Object(Closure))
#45 C:\\xampp\\htdocs\\final-project-nf\\prelovedcampus\\vendor\\laravel\\framework\\src\\Illuminate\\Foundation\\Http\\Middleware\\InvokeDeferredCallbacks.php(22): Illuminate\\Pipeline\\Pipeline->Illuminate\\Pipeline\\{closure}(Object(Illuminate\\Http\\Request))
#46 C:\\xampp\\htdocs\\final-project-nf\\prelovedcampus\\vendor\\laravel\\framework\\src\\Illuminate\\Pipeline\\Pipeline.php(183): Illuminate\\Foundation\\Http\\Middleware\\InvokeDeferredCallbacks->handle(Object(Illuminate\\Http\\Request), Object(Closure))
#47 C:\\xampp\\htdocs\\final-project-nf\\prelovedcampus\\vendor\\laravel\\framework\\src\\Illuminate\\Pipeline\\Pipeline.php(119): Illuminate\\Pipeline\\Pipeline->Illuminate\\Pipeline\\{closure}(Object(Illuminate\\Http\\Request))
#48 C:\\xampp\\htdocs\\final-project-nf\\prelovedcampus\\vendor\\laravel\\framework\\src\\Illuminate\\Foundation\\Http\\Kernel.php(176): Illuminate\\Pipeline\\Pipeline->then(Object(Closure))
#49 C:\\xampp\\htdocs\\final-project-nf\\prelovedcampus\\vendor\\laravel\\framework\\src\\Illuminate\\Foundation\\Http\\Kernel.php(145): Illuminate\\Foundation\\Http\\Kernel->sendRequestThroughRouter(Object(Illuminate\\Http\\Request))
#50 C:\\xampp\\htdocs\\final-project-nf\\prelovedcampus\\vendor\\laravel\\framework\\src\\Illuminate\\Foundation\\Application.php(1188): Illuminate\\Foundation\\Http\\Kernel->handle(Object(Illuminate\\Http\\Request))
#51 C:\\xampp\\htdocs\\final-project-nf\\prelovedcampus\\public\\index.php(17): Illuminate\\Foundation\\Application->handleRequest(Object(Illuminate\\Http\\Request))
#52 C:\\xampp\\htdocs\\final-project-nf\\prelovedcampus\\vendor\\laravel\\framework\\src\\Illuminate\\Foundation\\resources\\server.php(23): require_once('C:\\\\xampp\\\\htdocs...')
#53 {main}
"} 
[2024-11-11 17:51:06] local.ERROR: SQLSTATE[23000]: Integrity constraint violation: 1048 Column 'status_pembayaran' cannot be null (Connection: mysql, SQL: insert into `status_pembayaran` (`status_pembayaran`) values (?)) {"exception":"[object] (Illuminate\\Database\\QueryException(code: 23000): SQLSTATE[23000]: Integrity constraint violation: 1048 Column 'status_pembayaran' cannot be null (Connection: mysql, SQL: insert into `status_pembayaran` (`status_pembayaran`) values (?)) at C:\\xampp\\htdocs\\final-project-nf\\prelovedcampus\\vendor\\laravel\\framework\\src\\Illuminate\\Database\\Connection.php:825)
[stacktrace]
#0 C:\\xampp\\htdocs\\final-project-nf\\prelovedcampus\\vendor\\laravel\\framework\\src\\Illuminate\\Database\\Connection.php(779): Illuminate\\Database\\Connection->runQueryCallback('insert into `st...', Array, Object(Closure))
#1 C:\\xampp\\htdocs\\final-project-nf\\prelovedcampus\\vendor\\laravel\\framework\\src\\Illuminate\\Database\\MySqlConnection.php(42): Illuminate\\Database\\Connection->run('insert into `st...', Array, Object(Closure))
#2 C:\\xampp\\htdocs\\final-project-nf\\prelovedcampus\\vendor\\laravel\\framework\\src\\Illuminate\\Database\\Query\\Processors\\MySqlProcessor.php(35): Illuminate\\Database\\MySqlConnection->insert('insert into `st...', Array, 'id')
#3 C:\\xampp\\htdocs\\final-project-nf\\prelovedcampus\\vendor\\laravel\\framework\\src\\Illuminate\\Database\\Query\\Builder.php(3798): Illuminate\\Database\\Query\\Processors\\MySqlProcessor->processInsertGetId(Object(Illuminate\\Database\\Query\\Builder), 'insert into `st...', Array, 'id')
#4 C:\\xampp\\htdocs\\final-project-nf\\prelovedcampus\\vendor\\laravel\\framework\\src\\Illuminate\\Database\\Eloquent\\Builder.php(2038): Illuminate\\Database\\Query\\Builder->insertGetId(Array, 'id')
#5 C:\\xampp\\htdocs\\final-project-nf\\prelovedcampus\\vendor\\laravel\\framework\\src\\Illuminate\\Database\\Eloquent\\Model.php(1358): Illuminate\\Database\\Eloquent\\Builder->__call('insertGetId', Array)
#6 C:\\xampp\\htdocs\\final-project-nf\\prelovedcampus\\vendor\\laravel\\framework\\src\\Illuminate\\Database\\Eloquent\\Model.php(1323): Illuminate\\Database\\Eloquent\\Model->insertAndSetId(Object(Illuminate\\Database\\Eloquent\\Builder), Array)
#7 C:\\xampp\\htdocs\\final-project-nf\\prelovedcampus\\vendor\\laravel\\framework\\src\\Illuminate\\Database\\Eloquent\\Model.php(1162): Illuminate\\Database\\Eloquent\\Model->performInsert(Object(Illuminate\\Database\\Eloquent\\Builder))
#8 C:\\xampp\\htdocs\\final-project-nf\\prelovedcampus\\vendor\\laravel\\framework\\src\\Illuminate\\Database\\Eloquent\\Builder.php(1079): Illuminate\\Database\\Eloquent\\Model->save()
#9 C:\\xampp\\htdocs\\final-project-nf\\prelovedcampus\\vendor\\laravel\\framework\\src\\Illuminate\\Support\\helpers.php(380): Illuminate\\Database\\Eloquent\\Builder->Illuminate\\Database\\Eloquent\\{closure}(Object(App\\Models\\StatusPembayaran))
#10 C:\\xampp\\htdocs\\final-project-nf\\prelovedcampus\\vendor\\laravel\\framework\\src\\Illuminate\\Database\\Eloquent\\Builder.php(1078): tap(Object(App\\Models\\StatusPembayaran), Object(Closure))
#11 C:\\xampp\\htdocs\\final-project-nf\\prelovedcampus\\vendor\\laravel\\framework\\src\\Illuminate\\Support\\Traits\\ForwardsCalls.php(23): Illuminate\\Database\\Eloquent\\Builder->create(Array)
#12 C:\\xampp\\htdocs\\final-project-nf\\prelovedcampus\\vendor\\laravel\\framework\\src\\Illuminate\\Database\\Eloquent\\Model.php(2367): Illuminate\\Database\\Eloquent\\Model->forwardCallTo(Object(Illuminate\\Database\\Eloquent\\Builder), 'create', Array)
#13 C:\\xampp\\htdocs\\final-project-nf\\prelovedcampus\\vendor\\laravel\\framework\\src\\Illuminate\\Database\\Eloquent\\Model.php(2379): Illuminate\\Database\\Eloquent\\Model->__call('create', Array)
#14 C:\\xampp\\htdocs\\final-project-nf\\prelovedcampus\\app\\Http\\Controllers\\StatusPembayaranController.php(27): Illuminate\\Database\\Eloquent\\Model::__callStatic('create', Array)
#15 C:\\xampp\\htdocs\\final-project-nf\\prelovedcampus\\vendor\\laravel\\framework\\src\\Illuminate\\Routing\\ControllerDispatcher.php(46): App\\Http\\Controllers\\StatusPembayaranController->store(Object(Illuminate\\Http\\Request))
#16 C:\\xampp\\htdocs\\final-project-nf\\prelovedcampus\\vendor\\laravel\\framework\\src\\Illuminate\\Routing\\Route.php(264): Illuminate\\Routing\\ControllerDispatcher->dispatch(Object(Illuminate\\Routing\\Route), Object(App\\Http\\Controllers\\StatusPembayaranController), 'store')
#17 C:\\xampp\\htdocs\\final-project-nf\\prelovedcampus\\vendor\\laravel\\framework\\src\\Illuminate\\Routing\\Route.php(210): Illuminate\\Routing\\Route->runController()
#18 C:\\xampp\\htdocs\\final-project-nf\\prelovedcampus\\vendor\\laravel\\framework\\src\\Illuminate\\Routing\\Router.php(808): Illuminate\\Routing\\Route->run()
#19 C:\\xampp\\htdocs\\final-project-nf\\prelovedcampus\\vendor\\laravel\\framework\\src\\Illuminate\\Pipeline\\Pipeline.php(144): Illuminate\\Routing\\Router->Illuminate\\Routing\\{closure}(Object(Illuminate\\Http\\Request))
#20 C:\\xampp\\htdocs\\final-project-nf\\prelovedcampus\\vendor\\laravel\\framework\\src\\Illuminate\\Routing\\Middleware\\SubstituteBindings.php(51): Illuminate\\Pipeline\\Pipeline->Illuminate\\Pipeline\\{closure}(Object(Illuminate\\Http\\Request))
#21 C:\\xampp\\htdocs\\final-project-nf\\prelovedcampus\\vendor\\laravel\\framework\\src\\Illuminate\\Pipeline\\Pipeline.php(183): Illuminate\\Routing\\Middleware\\SubstituteBindings->handle(Object(Illuminate\\Http\\Request), Object(Closure))
#22 C:\\xampp\\htdocs\\final-project-nf\\prelovedcampus\\vendor\\laravel\\framework\\src\\Illuminate\\Pipeline\\Pipeline.php(119): Illuminate\\Pipeline\\Pipeline->Illuminate\\Pipeline\\{closure}(Object(Illuminate\\Http\\Request))
#23 C:\\xampp\\htdocs\\final-project-nf\\prelovedcampus\\vendor\\laravel\\framework\\src\\Illuminate\\Routing\\Router.php(807): Illuminate\\Pipeline\\Pipeline->then(Object(Closure))
#24 C:\\xampp\\htdocs\\final-project-nf\\prelovedcampus\\vendor\\laravel\\framework\\src\\Illuminate\\Routing\\Router.php(786): Illuminate\\Routing\\Router->runRouteWithinStack(Object(Illuminate\\Routing\\Route), Object(Illuminate\\Http\\Request))
#25 C:\\xampp\\htdocs\\final-project-nf\\prelovedcampus\\vendor\\laravel\\framework\\src\\Illuminate\\Routing\\Router.php(750): Illuminate\\Routing\\Router->runRoute(Object(Illuminate\\Http\\Request), Object(Illuminate\\Routing\\Route))
#26 C:\\xampp\\htdocs\\final-project-nf\\prelovedcampus\\vendor\\laravel\\framework\\src\\Illuminate\\Routing\\Router.php(739): Illuminate\\Routing\\Router->dispatchToRoute(Object(Illuminate\\Http\\Request))
#27 C:\\xampp\\htdocs\\final-project-nf\\prelovedcampus\\vendor\\laravel\\framework\\src\\Illuminate\\Foundation\\Http\\Kernel.php(201): Illuminate\\Routing\\Router->dispatch(Object(Illuminate\\Http\\Request))
#28 C:\\xampp\\htdocs\\final-project-nf\\prelovedcampus\\vendor\\laravel\\framework\\src\\Illuminate\\Pipeline\\Pipeline.php(144): Illuminate\\Foundation\\Http\\Kernel->Illuminate\\Foundation\\Http\\{closure}(Object(Illuminate\\Http\\Request))
#29 C:\\xampp\\htdocs\\final-project-nf\\prelovedcampus\\vendor\\laravel\\framework\\src\\Illuminate\\Foundation\\Http\\Middleware\\TransformsRequest.php(21): Illuminate\\Pipeline\\Pipeline->Illuminate\\Pipeline\\{closure}(Object(Illuminate\\Http\\Request))
#30 C:\\xampp\\htdocs\\final-project-nf\\prelovedcampus\\vendor\\laravel\\framework\\src\\Illuminate\\Foundation\\Http\\Middleware\\ConvertEmptyStringsToNull.php(31): Illuminate\\Foundation\\Http\\Middleware\\TransformsRequest->handle(Object(Illuminate\\Http\\Request), Object(Closure))
#31 C:\\xampp\\htdocs\\final-project-nf\\prelovedcampus\\vendor\\laravel\\framework\\src\\Illuminate\\Pipeline\\Pipeline.php(183): Illuminate\\Foundation\\Http\\Middleware\\ConvertEmptyStringsToNull->handle(Object(Illuminate\\Http\\Request), Object(Closure))
#32 C:\\xampp\\htdocs\\final-project-nf\\prelovedcampus\\vendor\\laravel\\framework\\src\\Illuminate\\Foundation\\Http\\Middleware\\TransformsRequest.php(21): Illuminate\\Pipeline\\Pipeline->Illuminate\\Pipeline\\{closure}(Object(Illuminate\\Http\\Request))
#33 C:\\xampp\\htdocs\\final-project-nf\\prelovedcampus\\vendor\\laravel\\framework\\src\\Illuminate\\Foundation\\Http\\Middleware\\TrimStrings.php(51): Illuminate\\Foundation\\Http\\Middleware\\TransformsRequest->handle(Object(Illuminate\\Http\\Request), Object(Closure))
#34 C:\\xampp\\htdocs\\final-project-nf\\prelovedcampus\\vendor\\laravel\\framework\\src\\Illuminate\\Pipeline\\Pipeline.php(183): Illuminate\\Foundation\\Http\\Middleware\\TrimStrings->handle(Object(Illuminate\\Http\\Request), Object(Closure))
#35 C:\\xampp\\htdocs\\final-project-nf\\prelovedcampus\\vendor\\laravel\\framework\\src\\Illuminate\\Http\\Middleware\\ValidatePostSize.php(27): Illuminate\\Pipeline\\Pipeline->Illuminate\\Pipeline\\{closure}(Object(Illuminate\\Http\\Request))
#36 C:\\xampp\\htdocs\\final-project-nf\\prelovedcampus\\vendor\\laravel\\framework\\src\\Illuminate\\Pipeline\\Pipeline.php(183): Illuminate\\Http\\Middleware\\ValidatePostSize->handle(Object(Illuminate\\Http\\Request), Object(Closure))
#37 C:\\xampp\\htdocs\\final-project-nf\\prelovedcampus\\vendor\\laravel\\framework\\src\\Illuminate\\Foundation\\Http\\Middleware\\PreventRequestsDuringMaintenance.php(110): Illuminate\\Pipeline\\Pipeline->Illuminate\\Pipeline\\{closure}(Object(Illuminate\\Http\\Request))
#38 C:\\xampp\\htdocs\\final-project-nf\\prelovedcampus\\vendor\\laravel\\framework\\src\\Illuminate\\Pipeline\\Pipeline.php(183): Illuminate\\Foundation\\Http\\Middleware\\PreventRequestsDuringMaintenance->handle(Object(Illuminate\\Http\\Request), Object(Closure))
#39 C:\\xampp\\htdocs\\final-project-nf\\prelovedcampus\\vendor\\laravel\\framework\\src\\Illuminate\\Http\\Middleware\\HandleCors.php(62): Illuminate\\Pipeline\\Pipeline->Illuminate\\Pipeline\\{closure}(Object(Illuminate\\Http\\Request))
#40 C:\\xampp\\htdocs\\final-project-nf\\prelovedcampus\\vendor\\laravel\\framework\\src\\Illuminate\\Pipeline\\Pipeline.php(183): Illuminate\\Http\\Middleware\\HandleCors->handle(Object(Illuminate\\Http\\Request), Object(Closure))
#41 C:\\xampp\\htdocs\\final-project-nf\\prelovedcampus\\vendor\\laravel\\framework\\src\\Illuminate\\Http\\Middleware\\TrustProxies.php(58): Illuminate\\Pipeline\\Pipeline->Illuminate\\Pipeline\\{closure}(Object(Illuminate\\Http\\Request))
#42 C:\\xampp\\htdocs\\final-project-nf\\prelovedcampus\\vendor\\laravel\\framework\\src\\Illuminate\\Pipeline\\Pipeline.php(183): Illuminate\\Http\\Middleware\\TrustProxies->handle(Object(Illuminate\\Http\\Request), Object(Closure))
#43 C:\\xampp\\htdocs\\final-project-nf\\prelovedcampus\\vendor\\laravel\\framework\\src\\Illuminate\\Foundation\\Http\\Middleware\\InvokeDeferredCallbacks.php(22): Illuminate\\Pipeline\\Pipeline->Illuminate\\Pipeline\\{closure}(Object(Illuminate\\Http\\Request))
#44 C:\\xampp\\htdocs\\final-project-nf\\prelovedcampus\\vendor\\laravel\\framework\\src\\Illuminate\\Pipeline\\Pipeline.php(183): Illuminate\\Foundation\\Http\\Middleware\\InvokeDeferredCallbacks->handle(Object(Illuminate\\Http\\Request), Object(Closure))
#45 C:\\xampp\\htdocs\\final-project-nf\\prelovedcampus\\vendor\\laravel\\framework\\src\\Illuminate\\Pipeline\\Pipeline.php(119): Illuminate\\Pipeline\\Pipeline->Illuminate\\Pipeline\\{closure}(Object(Illuminate\\Http\\Request))
#46 C:\\xampp\\htdocs\\final-project-nf\\prelovedcampus\\vendor\\laravel\\framework\\src\\Illuminate\\Foundation\\Http\\Kernel.php(176): Illuminate\\Pipeline\\Pipeline->then(Object(Closure))
#47 C:\\xampp\\htdocs\\final-project-nf\\prelovedcampus\\vendor\\laravel\\framework\\src\\Illuminate\\Foundation\\Http\\Kernel.php(145): Illuminate\\Foundation\\Http\\Kernel->sendRequestThroughRouter(Object(Illuminate\\Http\\Request))
#48 C:\\xampp\\htdocs\\final-project-nf\\prelovedcampus\\vendor\\laravel\\framework\\src\\Illuminate\\Foundation\\Application.php(1188): Illuminate\\Foundation\\Http\\Kernel->handle(Object(Illuminate\\Http\\Request))
#49 C:\\xampp\\htdocs\\final-project-nf\\prelovedcampus\\public\\index.php(17): Illuminate\\Foundation\\Application->handleRequest(Object(Illuminate\\Http\\Request))
#50 C:\\xampp\\htdocs\\final-project-nf\\prelovedcampus\\vendor\\laravel\\framework\\src\\Illuminate\\Foundation\\resources\\server.php(23): require_once('C:\\\\xampp\\\\htdocs...')
#51 {main}

[previous exception] [object] (PDOException(code: 23000): SQLSTATE[23000]: Integrity constraint violation: 1048 Column 'status_pembayaran' cannot be null at C:\\xampp\\htdocs\\final-project-nf\\prelovedcampus\\vendor\\laravel\\framework\\src\\Illuminate\\Database\\MySqlConnection.php:53)
[stacktrace]
#0 C:\\xampp\\htdocs\\final-project-nf\\prelovedcampus\\vendor\\laravel\\framework\\src\\Illuminate\\Database\\MySqlConnection.php(53): PDOStatement->execute()
#1 C:\\xampp\\htdocs\\final-project-nf\\prelovedcampus\\vendor\\laravel\\framework\\src\\Illuminate\\Database\\Connection.php(812): Illuminate\\Database\\MySqlConnection->Illuminate\\Database\\{closure}('insert into `st...', Array)
#2 C:\\xampp\\htdocs\\final-project-nf\\prelovedcampus\\vendor\\laravel\\framework\\src\\Illuminate\\Database\\Connection.php(779): Illuminate\\Database\\Connection->runQueryCallback('insert into `st...', Array, Object(Closure))
#3 C:\\xampp\\htdocs\\final-project-nf\\prelovedcampus\\vendor\\laravel\\framework\\src\\Illuminate\\Database\\MySqlConnection.php(42): Illuminate\\Database\\Connection->run('insert into `st...', Array, Object(Closure))
#4 C:\\xampp\\htdocs\\final-project-nf\\prelovedcampus\\vendor\\laravel\\framework\\src\\Illuminate\\Database\\Query\\Processors\\MySqlProcessor.php(35): Illuminate\\Database\\MySqlConnection->insert('insert into `st...', Array, 'id')
#5 C:\\xampp\\htdocs\\final-project-nf\\prelovedcampus\\vendor\\laravel\\framework\\src\\Illuminate\\Database\\Query\\Builder.php(3798): Illuminate\\Database\\Query\\Processors\\MySqlProcessor->processInsertGetId(Object(Illuminate\\Database\\Query\\Builder), 'insert into `st...', Array, 'id')
#6 C:\\xampp\\htdocs\\final-project-nf\\prelovedcampus\\vendor\\laravel\\framework\\src\\Illuminate\\Database\\Eloquent\\Builder.php(2038): Illuminate\\Database\\Query\\Builder->insertGetId(Array, 'id')
#7 C:\\xampp\\htdocs\\final-project-nf\\prelovedcampus\\vendor\\laravel\\framework\\src\\Illuminate\\Database\\Eloquent\\Model.php(1358): Illuminate\\Database\\Eloquent\\Builder->__call('insertGetId', Array)
#8 C:\\xampp\\htdocs\\final-project-nf\\prelovedcampus\\vendor\\laravel\\framework\\src\\Illuminate\\Database\\Eloquent\\Model.php(1323): Illuminate\\Database\\Eloquent\\Model->insertAndSetId(Object(Illuminate\\Database\\Eloquent\\Builder), Array)
#9 C:\\xampp\\htdocs\\final-project-nf\\prelovedcampus\\vendor\\laravel\\framework\\src\\Illuminate\\Database\\Eloquent\\Model.php(1162): Illuminate\\Database\\Eloquent\\Model->performInsert(Object(Illuminate\\Database\\Eloquent\\Builder))
#10 C:\\xampp\\htdocs\\final-project-nf\\prelovedcampus\\vendor\\laravel\\framework\\src\\Illuminate\\Database\\Eloquent\\Builder.php(1079): Illuminate\\Database\\Eloquent\\Model->save()
#11 C:\\xampp\\htdocs\\final-project-nf\\prelovedcampus\\vendor\\laravel\\framework\\src\\Illuminate\\Support\\helpers.php(380): Illuminate\\Database\\Eloquent\\Builder->Illuminate\\Database\\Eloquent\\{closure}(Object(App\\Models\\StatusPembayaran))
#12 C:\\xampp\\htdocs\\final-project-nf\\prelovedcampus\\vendor\\laravel\\framework\\src\\Illuminate\\Database\\Eloquent\\Builder.php(1078): tap(Object(App\\Models\\StatusPembayaran), Object(Closure))
#13 C:\\xampp\\htdocs\\final-project-nf\\prelovedcampus\\vendor\\laravel\\framework\\src\\Illuminate\\Support\\Traits\\ForwardsCalls.php(23): Illuminate\\Database\\Eloquent\\Builder->create(Array)
#14 C:\\xampp\\htdocs\\final-project-nf\\prelovedcampus\\vendor\\laravel\\framework\\src\\Illuminate\\Database\\Eloquent\\Model.php(2367): Illuminate\\Database\\Eloquent\\Model->forwardCallTo(Object(Illuminate\\Database\\Eloquent\\Builder), 'create', Array)
#15 C:\\xampp\\htdocs\\final-project-nf\\prelovedcampus\\vendor\\laravel\\framework\\src\\Illuminate\\Database\\Eloquent\\Model.php(2379): Illuminate\\Database\\Eloquent\\Model->__call('create', Array)
#16 C:\\xampp\\htdocs\\final-project-nf\\prelovedcampus\\app\\Http\\Controllers\\StatusPembayaranController.php(27): Illuminate\\Database\\Eloquent\\Model::__callStatic('create', Array)
#17 C:\\xampp\\htdocs\\final-project-nf\\prelovedcampus\\vendor\\laravel\\framework\\src\\Illuminate\\Routing\\ControllerDispatcher.php(46): App\\Http\\Controllers\\StatusPembayaranController->store(Object(Illuminate\\Http\\Request))
#18 C:\\xampp\\htdocs\\final-project-nf\\prelovedcampus\\vendor\\laravel\\framework\\src\\Illuminate\\Routing\\Route.php(264): Illuminate\\Routing\\ControllerDispatcher->dispatch(Object(Illuminate\\Routing\\Route), Object(App\\Http\\Controllers\\StatusPembayaranController), 'store')
#19 C:\\xampp\\htdocs\\final-project-nf\\prelovedcampus\\vendor\\laravel\\framework\\src\\Illuminate\\Routing\\Route.php(210): Illuminate\\Routing\\Route->runController()
#20 C:\\xampp\\htdocs\\final-project-nf\\prelovedcampus\\vendor\\laravel\\framework\\src\\Illuminate\\Routing\\Router.php(808): Illuminate\\Routing\\Route->run()
#21 C:\\xampp\\htdocs\\final-project-nf\\prelovedcampus\\vendor\\laravel\\framework\\src\\Illuminate\\Pipeline\\Pipeline.php(144): Illuminate\\Routing\\Router->Illuminate\\Routing\\{closure}(Object(Illuminate\\Http\\Request))
#22 C:\\xampp\\htdocs\\final-project-nf\\prelovedcampus\\vendor\\laravel\\framework\\src\\Illuminate\\Routing\\Middleware\\SubstituteBindings.php(51): Illuminate\\Pipeline\\Pipeline->Illuminate\\Pipeline\\{closure}(Object(Illuminate\\Http\\Request))
#23 C:\\xampp\\htdocs\\final-project-nf\\prelovedcampus\\vendor\\laravel\\framework\\src\\Illuminate\\Pipeline\\Pipeline.php(183): Illuminate\\Routing\\Middleware\\SubstituteBindings->handle(Object(Illuminate\\Http\\Request), Object(Closure))
#24 C:\\xampp\\htdocs\\final-project-nf\\prelovedcampus\\vendor\\laravel\\framework\\src\\Illuminate\\Pipeline\\Pipeline.php(119): Illuminate\\Pipeline\\Pipeline->Illuminate\\Pipeline\\{closure}(Object(Illuminate\\Http\\Request))
#25 C:\\xampp\\htdocs\\final-project-nf\\prelovedcampus\\vendor\\laravel\\framework\\src\\Illuminate\\Routing\\Router.php(807): Illuminate\\Pipeline\\Pipeline->then(Object(Closure))
#26 C:\\xampp\\htdocs\\final-project-nf\\prelovedcampus\\vendor\\laravel\\framework\\src\\Illuminate\\Routing\\Router.php(786): Illuminate\\Routing\\Router->runRouteWithinStack(Object(Illuminate\\Routing\\Route), Object(Illuminate\\Http\\Request))
#27 C:\\xampp\\htdocs\\final-project-nf\\prelovedcampus\\vendor\\laravel\\framework\\src\\Illuminate\\Routing\\Router.php(750): Illuminate\\Routing\\Router->runRoute(Object(Illuminate\\Http\\Request), Object(Illuminate\\Routing\\Route))
#28 C:\\xampp\\htdocs\\final-project-nf\\prelovedcampus\\vendor\\laravel\\framework\\src\\Illuminate\\Routing\\Router.php(739): Illuminate\\Routing\\Router->dispatchToRoute(Object(Illuminate\\Http\\Request))
#29 C:\\xampp\\htdocs\\final-project-nf\\prelovedcampus\\vendor\\laravel\\framework\\src\\Illuminate\\Foundation\\Http\\Kernel.php(201): Illuminate\\Routing\\Router->dispatch(Object(Illuminate\\Http\\Request))
#30 C:\\xampp\\htdocs\\final-project-nf\\prelovedcampus\\vendor\\laravel\\framework\\src\\Illuminate\\Pipeline\\Pipeline.php(144): Illuminate\\Foundation\\Http\\Kernel->Illuminate\\Foundation\\Http\\{closure}(Object(Illuminate\\Http\\Request))
#31 C:\\xampp\\htdocs\\final-project-nf\\prelovedcampus\\vendor\\laravel\\framework\\src\\Illuminate\\Foundation\\Http\\Middleware\\TransformsRequest.php(21): Illuminate\\Pipeline\\Pipeline->Illuminate\\Pipeline\\{closure}(Object(Illuminate\\Http\\Request))
#32 C:\\xampp\\htdocs\\final-project-nf\\prelovedcampus\\vendor\\laravel\\framework\\src\\Illuminate\\Foundation\\Http\\Middleware\\ConvertEmptyStringsToNull.php(31): Illuminate\\Foundation\\Http\\Middleware\\TransformsRequest->handle(Object(Illuminate\\Http\\Request), Object(Closure))
#33 C:\\xampp\\htdocs\\final-project-nf\\prelovedcampus\\vendor\\laravel\\framework\\src\\Illuminate\\Pipeline\\Pipeline.php(183): Illuminate\\Foundation\\Http\\Middleware\\ConvertEmptyStringsToNull->handle(Object(Illuminate\\Http\\Request), Object(Closure))
#34 C:\\xampp\\htdocs\\final-project-nf\\prelovedcampus\\vendor\\laravel\\framework\\src\\Illuminate\\Foundation\\Http\\Middleware\\TransformsRequest.php(21): Illuminate\\Pipeline\\Pipeline->Illuminate\\Pipeline\\{closure}(Object(Illuminate\\Http\\Request))
#35 C:\\xampp\\htdocs\\final-project-nf\\prelovedcampus\\vendor\\laravel\\framework\\src\\Illuminate\\Foundation\\Http\\Middleware\\TrimStrings.php(51): Illuminate\\Foundation\\Http\\Middleware\\TransformsRequest->handle(Object(Illuminate\\Http\\Request), Object(Closure))
#36 C:\\xampp\\htdocs\\final-project-nf\\prelovedcampus\\vendor\\laravel\\framework\\src\\Illuminate\\Pipeline\\Pipeline.php(183): Illuminate\\Foundation\\Http\\Middleware\\TrimStrings->handle(Object(Illuminate\\Http\\Request), Object(Closure))
#37 C:\\xampp\\htdocs\\final-project-nf\\prelovedcampus\\vendor\\laravel\\framework\\src\\Illuminate\\Http\\Middleware\\ValidatePostSize.php(27): Illuminate\\Pipeline\\Pipeline->Illuminate\\Pipeline\\{closure}(Object(Illuminate\\Http\\Request))
#38 C:\\xampp\\htdocs\\final-project-nf\\prelovedcampus\\vendor\\laravel\\framework\\src\\Illuminate\\Pipeline\\Pipeline.php(183): Illuminate\\Http\\Middleware\\ValidatePostSize->handle(Object(Illuminate\\Http\\Request), Object(Closure))
#39 C:\\xampp\\htdocs\\final-project-nf\\prelovedcampus\\vendor\\laravel\\framework\\src\\Illuminate\\Foundation\\Http\\Middleware\\PreventRequestsDuringMaintenance.php(110): Illuminate\\Pipeline\\Pipeline->Illuminate\\Pipeline\\{closure}(Object(Illuminate\\Http\\Request))
#40 C:\\xampp\\htdocs\\final-project-nf\\prelovedcampus\\vendor\\laravel\\framework\\src\\Illuminate\\Pipeline\\Pipeline.php(183): Illuminate\\Foundation\\Http\\Middleware\\PreventRequestsDuringMaintenance->handle(Object(Illuminate\\Http\\Request), Object(Closure))
#41 C:\\xampp\\htdocs\\final-project-nf\\prelovedcampus\\vendor\\laravel\\framework\\src\\Illuminate\\Http\\Middleware\\HandleCors.php(62): Illuminate\\Pipeline\\Pipeline->Illuminate\\Pipeline\\{closure}(Object(Illuminate\\Http\\Request))
#42 C:\\xampp\\htdocs\\final-project-nf\\prelovedcampus\\vendor\\laravel\\framework\\src\\Illuminate\\Pipeline\\Pipeline.php(183): Illuminate\\Http\\Middleware\\HandleCors->handle(Object(Illuminate\\Http\\Request), Object(Closure))
#43 C:\\xampp\\htdocs\\final-project-nf\\prelovedcampus\\vendor\\laravel\\framework\\src\\Illuminate\\Http\\Middleware\\TrustProxies.php(58): Illuminate\\Pipeline\\Pipeline->Illuminate\\Pipeline\\{closure}(Object(Illuminate\\Http\\Request))
#44 C:\\xampp\\htdocs\\final-project-nf\\prelovedcampus\\vendor\\laravel\\framework\\src\\Illuminate\\Pipeline\\Pipeline.php(183): Illuminate\\Http\\Middleware\\TrustProxies->handle(Object(Illuminate\\Http\\Request), Object(Closure))
#45 C:\\xampp\\htdocs\\final-project-nf\\prelovedcampus\\vendor\\laravel\\framework\\src\\Illuminate\\Foundation\\Http\\Middleware\\InvokeDeferredCallbacks.php(22): Illuminate\\Pipeline\\Pipeline->Illuminate\\Pipeline\\{closure}(Object(Illuminate\\Http\\Request))
#46 C:\\xampp\\htdocs\\final-project-nf\\prelovedcampus\\vendor\\laravel\\framework\\src\\Illuminate\\Pipeline\\Pipeline.php(183): Illuminate\\Foundation\\Http\\Middleware\\InvokeDeferredCallbacks->handle(Object(Illuminate\\Http\\Request), Object(Closure))
#47 C:\\xampp\\htdocs\\final-project-nf\\prelovedcampus\\vendor\\laravel\\framework\\src\\Illuminate\\Pipeline\\Pipeline.php(119): Illuminate\\Pipeline\\Pipeline->Illuminate\\Pipeline\\{closure}(Object(Illuminate\\Http\\Request))
#48 C:\\xampp\\htdocs\\final-project-nf\\prelovedcampus\\vendor\\laravel\\framework\\src\\Illuminate\\Foundation\\Http\\Kernel.php(176): Illuminate\\Pipeline\\Pipeline->then(Object(Closure))
#49 C:\\xampp\\htdocs\\final-project-nf\\prelovedcampus\\vendor\\laravel\\framework\\src\\Illuminate\\Foundation\\Http\\Kernel.php(145): Illuminate\\Foundation\\Http\\Kernel->sendRequestThroughRouter(Object(Illuminate\\Http\\Request))
#50 C:\\xampp\\htdocs\\final-project-nf\\prelovedcampus\\vendor\\laravel\\framework\\src\\Illuminate\\Foundation\\Application.php(1188): Illuminate\\Foundation\\Http\\Kernel->handle(Object(Illuminate\\Http\\Request))
#51 C:\\xampp\\htdocs\\final-project-nf\\prelovedcampus\\public\\index.php(17): Illuminate\\Foundation\\Application->handleRequest(Object(Illuminate\\Http\\Request))
#52 C:\\xampp\\htdocs\\final-project-nf\\prelovedcampus\\vendor\\laravel\\framework\\src\\Illuminate\\Foundation\\resources\\server.php(23): require_once('C:\\\\xampp\\\\htdocs...')
#53 {main}
"} 
[2024-11-11 17:59:41] local.ERROR: SQLSTATE[42S22]: Column not found: 1054 Unknown column 'nama' in 'field list' (Connection: mysql, SQL: insert into `users` (`nama`, `email`, `password`, `foto`, `no_hp`, `alamat`, `role_id`, `updated_at`, `created_at`) values (Franky Delphi, franky@gmail.com, $2y$12$VGh2MUqH0J0TgsSA08yrOOXQ6/z3/lqit1LsHXghMLbvqMIIkiLpy, franky.jpg, 43654365, Jl. Haji Rusdi No. 21, 2, 2024-11-11 17:59:41, 2024-11-11 17:59:41)) {"exception":"[object] (Illuminate\\Database\\QueryException(code: 42S22): SQLSTATE[42S22]: Column not found: 1054 Unknown column 'nama' in 'field list' (Connection: mysql, SQL: insert into `users` (`nama`, `email`, `password`, `foto`, `no_hp`, `alamat`, `role_id`, `updated_at`, `created_at`) values (Franky Delphi, franky@gmail.com, $2y$12$VGh2MUqH0J0TgsSA08yrOOXQ6/z3/lqit1LsHXghMLbvqMIIkiLpy, franky.jpg, 43654365, Jl. Haji Rusdi No. 21, 2, 2024-11-11 17:59:41, 2024-11-11 17:59:41)) at C:\\xampp\\htdocs\\final-project-nf\\prelovedcampus\\vendor\\laravel\\framework\\src\\Illuminate\\Database\\Connection.php:825)
[stacktrace]
#0 C:\\xampp\\htdocs\\final-project-nf\\prelovedcampus\\vendor\\laravel\\framework\\src\\Illuminate\\Database\\Connection.php(779): Illuminate\\Database\\Connection->runQueryCallback('insert into `us...', Array, Object(Closure))
#1 C:\\xampp\\htdocs\\final-project-nf\\prelovedcampus\\vendor\\laravel\\framework\\src\\Illuminate\\Database\\MySqlConnection.php(42): Illuminate\\Database\\Connection->run('insert into `us...', Array, Object(Closure))
#2 C:\\xampp\\htdocs\\final-project-nf\\prelovedcampus\\vendor\\laravel\\framework\\src\\Illuminate\\Database\\Query\\Processors\\MySqlProcessor.php(35): Illuminate\\Database\\MySqlConnection->insert('insert into `us...', Array, 'id')
#3 C:\\xampp\\htdocs\\final-project-nf\\prelovedcampus\\vendor\\laravel\\framework\\src\\Illuminate\\Database\\Query\\Builder.php(3798): Illuminate\\Database\\Query\\Processors\\MySqlProcessor->processInsertGetId(Object(Illuminate\\Database\\Query\\Builder), 'insert into `us...', Array, 'id')
#4 C:\\xampp\\htdocs\\final-project-nf\\prelovedcampus\\vendor\\laravel\\framework\\src\\Illuminate\\Database\\Eloquent\\Builder.php(2038): Illuminate\\Database\\Query\\Builder->insertGetId(Array, 'id')
#5 C:\\xampp\\htdocs\\final-project-nf\\prelovedcampus\\vendor\\laravel\\framework\\src\\Illuminate\\Database\\Eloquent\\Model.php(1358): Illuminate\\Database\\Eloquent\\Builder->__call('insertGetId', Array)
#6 C:\\xampp\\htdocs\\final-project-nf\\prelovedcampus\\vendor\\laravel\\framework\\src\\Illuminate\\Database\\Eloquent\\Model.php(1323): Illuminate\\Database\\Eloquent\\Model->insertAndSetId(Object(Illuminate\\Database\\Eloquent\\Builder), Array)
#7 C:\\xampp\\htdocs\\final-project-nf\\prelovedcampus\\vendor\\laravel\\framework\\src\\Illuminate\\Database\\Eloquent\\Model.php(1162): Illuminate\\Database\\Eloquent\\Model->performInsert(Object(Illuminate\\Database\\Eloquent\\Builder))
#8 C:\\xampp\\htdocs\\final-project-nf\\prelovedcampus\\vendor\\laravel\\framework\\src\\Illuminate\\Database\\Eloquent\\Builder.php(1079): Illuminate\\Database\\Eloquent\\Model->save()
#9 C:\\xampp\\htdocs\\final-project-nf\\prelovedcampus\\vendor\\laravel\\framework\\src\\Illuminate\\Support\\helpers.php(380): Illuminate\\Database\\Eloquent\\Builder->Illuminate\\Database\\Eloquent\\{closure}(Object(App\\Models\\User))
#10 C:\\xampp\\htdocs\\final-project-nf\\prelovedcampus\\vendor\\laravel\\framework\\src\\Illuminate\\Database\\Eloquent\\Builder.php(1078): tap(Object(App\\Models\\User), Object(Closure))
#11 C:\\xampp\\htdocs\\final-project-nf\\prelovedcampus\\vendor\\laravel\\framework\\src\\Illuminate\\Support\\Traits\\ForwardsCalls.php(23): Illuminate\\Database\\Eloquent\\Builder->create(Array)
#12 C:\\xampp\\htdocs\\final-project-nf\\prelovedcampus\\vendor\\laravel\\framework\\src\\Illuminate\\Database\\Eloquent\\Model.php(2367): Illuminate\\Database\\Eloquent\\Model->forwardCallTo(Object(Illuminate\\Database\\Eloquent\\Builder), 'create', Array)
#13 C:\\xampp\\htdocs\\final-project-nf\\prelovedcampus\\vendor\\laravel\\framework\\src\\Illuminate\\Database\\Eloquent\\Model.php(2379): Illuminate\\Database\\Eloquent\\Model->__call('create', Array)
#14 C:\\xampp\\htdocs\\final-project-nf\\prelovedcampus\\app\\Http\\Controllers\\UserController.php(51): Illuminate\\Database\\Eloquent\\Model::__callStatic('create', Array)
#15 C:\\xampp\\htdocs\\final-project-nf\\prelovedcampus\\vendor\\laravel\\framework\\src\\Illuminate\\Routing\\ControllerDispatcher.php(46): App\\Http\\Controllers\\UserController->store(Object(Illuminate\\Http\\Request))
#16 C:\\xampp\\htdocs\\final-project-nf\\prelovedcampus\\vendor\\laravel\\framework\\src\\Illuminate\\Routing\\Route.php(264): Illuminate\\Routing\\ControllerDispatcher->dispatch(Object(Illuminate\\Routing\\Route), Object(App\\Http\\Controllers\\UserController), 'store')
#17 C:\\xampp\\htdocs\\final-project-nf\\prelovedcampus\\vendor\\laravel\\framework\\src\\Illuminate\\Routing\\Route.php(210): Illuminate\\Routing\\Route->runController()
#18 C:\\xampp\\htdocs\\final-project-nf\\prelovedcampus\\vendor\\laravel\\framework\\src\\Illuminate\\Routing\\Router.php(808): Illuminate\\Routing\\Route->run()
#19 C:\\xampp\\htdocs\\final-project-nf\\prelovedcampus\\vendor\\laravel\\framework\\src\\Illuminate\\Pipeline\\Pipeline.php(144): Illuminate\\Routing\\Router->Illuminate\\Routing\\{closure}(Object(Illuminate\\Http\\Request))
#20 C:\\xampp\\htdocs\\final-project-nf\\prelovedcampus\\vendor\\laravel\\framework\\src\\Illuminate\\Routing\\Middleware\\SubstituteBindings.php(51): Illuminate\\Pipeline\\Pipeline->Illuminate\\Pipeline\\{closure}(Object(Illuminate\\Http\\Request))
#21 C:\\xampp\\htdocs\\final-project-nf\\prelovedcampus\\vendor\\laravel\\framework\\src\\Illuminate\\Pipeline\\Pipeline.php(183): Illuminate\\Routing\\Middleware\\SubstituteBindings->handle(Object(Illuminate\\Http\\Request), Object(Closure))
#22 C:\\xampp\\htdocs\\final-project-nf\\prelovedcampus\\vendor\\laravel\\framework\\src\\Illuminate\\Pipeline\\Pipeline.php(119): Illuminate\\Pipeline\\Pipeline->Illuminate\\Pipeline\\{closure}(Object(Illuminate\\Http\\Request))
#23 C:\\xampp\\htdocs\\final-project-nf\\prelovedcampus\\vendor\\laravel\\framework\\src\\Illuminate\\Routing\\Router.php(807): Illuminate\\Pipeline\\Pipeline->then(Object(Closure))
#24 C:\\xampp\\htdocs\\final-project-nf\\prelovedcampus\\vendor\\laravel\\framework\\src\\Illuminate\\Routing\\Router.php(786): Illuminate\\Routing\\Router->runRouteWithinStack(Object(Illuminate\\Routing\\Route), Object(Illuminate\\Http\\Request))
#25 C:\\xampp\\htdocs\\final-project-nf\\prelovedcampus\\vendor\\laravel\\framework\\src\\Illuminate\\Routing\\Router.php(750): Illuminate\\Routing\\Router->runRoute(Object(Illuminate\\Http\\Request), Object(Illuminate\\Routing\\Route))
#26 C:\\xampp\\htdocs\\final-project-nf\\prelovedcampus\\vendor\\laravel\\framework\\src\\Illuminate\\Routing\\Router.php(739): Illuminate\\Routing\\Router->dispatchToRoute(Object(Illuminate\\Http\\Request))
#27 C:\\xampp\\htdocs\\final-project-nf\\prelovedcampus\\vendor\\laravel\\framework\\src\\Illuminate\\Foundation\\Http\\Kernel.php(201): Illuminate\\Routing\\Router->dispatch(Object(Illuminate\\Http\\Request))
#28 C:\\xampp\\htdocs\\final-project-nf\\prelovedcampus\\vendor\\laravel\\framework\\src\\Illuminate\\Pipeline\\Pipeline.php(144): Illuminate\\Foundation\\Http\\Kernel->Illuminate\\Foundation\\Http\\{closure}(Object(Illuminate\\Http\\Request))
#29 C:\\xampp\\htdocs\\final-project-nf\\prelovedcampus\\vendor\\laravel\\framework\\src\\Illuminate\\Foundation\\Http\\Middleware\\TransformsRequest.php(21): Illuminate\\Pipeline\\Pipeline->Illuminate\\Pipeline\\{closure}(Object(Illuminate\\Http\\Request))
#30 C:\\xampp\\htdocs\\final-project-nf\\prelovedcampus\\vendor\\laravel\\framework\\src\\Illuminate\\Foundation\\Http\\Middleware\\ConvertEmptyStringsToNull.php(31): Illuminate\\Foundation\\Http\\Middleware\\TransformsRequest->handle(Object(Illuminate\\Http\\Request), Object(Closure))
#31 C:\\xampp\\htdocs\\final-project-nf\\prelovedcampus\\vendor\\laravel\\framework\\src\\Illuminate\\Pipeline\\Pipeline.php(183): Illuminate\\Foundation\\Http\\Middleware\\ConvertEmptyStringsToNull->handle(Object(Illuminate\\Http\\Request), Object(Closure))
#32 C:\\xampp\\htdocs\\final-project-nf\\prelovedcampus\\vendor\\laravel\\framework\\src\\Illuminate\\Foundation\\Http\\Middleware\\TransformsRequest.php(21): Illuminate\\Pipeline\\Pipeline->Illuminate\\Pipeline\\{closure}(Object(Illuminate\\Http\\Request))
#33 C:\\xampp\\htdocs\\final-project-nf\\prelovedcampus\\vendor\\laravel\\framework\\src\\Illuminate\\Foundation\\Http\\Middleware\\TrimStrings.php(51): Illuminate\\Foundation\\Http\\Middleware\\TransformsRequest->handle(Object(Illuminate\\Http\\Request), Object(Closure))
#34 C:\\xampp\\htdocs\\final-project-nf\\prelovedcampus\\vendor\\laravel\\framework\\src\\Illuminate\\Pipeline\\Pipeline.php(183): Illuminate\\Foundation\\Http\\Middleware\\TrimStrings->handle(Object(Illuminate\\Http\\Request), Object(Closure))
#35 C:\\xampp\\htdocs\\final-project-nf\\prelovedcampus\\vendor\\laravel\\framework\\src\\Illuminate\\Http\\Middleware\\ValidatePostSize.php(27): Illuminate\\Pipeline\\Pipeline->Illuminate\\Pipeline\\{closure}(Object(Illuminate\\Http\\Request))
#36 C:\\xampp\\htdocs\\final-project-nf\\prelovedcampus\\vendor\\laravel\\framework\\src\\Illuminate\\Pipeline\\Pipeline.php(183): Illuminate\\Http\\Middleware\\ValidatePostSize->handle(Object(Illuminate\\Http\\Request), Object(Closure))
#37 C:\\xampp\\htdocs\\final-project-nf\\prelovedcampus\\vendor\\laravel\\framework\\src\\Illuminate\\Foundation\\Http\\Middleware\\PreventRequestsDuringMaintenance.php(110): Illuminate\\Pipeline\\Pipeline->Illuminate\\Pipeline\\{closure}(Object(Illuminate\\Http\\Request))
#38 C:\\xampp\\htdocs\\final-project-nf\\prelovedcampus\\vendor\\laravel\\framework\\src\\Illuminate\\Pipeline\\Pipeline.php(183): Illuminate\\Foundation\\Http\\Middleware\\PreventRequestsDuringMaintenance->handle(Object(Illuminate\\Http\\Request), Object(Closure))
#39 C:\\xampp\\htdocs\\final-project-nf\\prelovedcampus\\vendor\\laravel\\framework\\src\\Illuminate\\Http\\Middleware\\HandleCors.php(62): Illuminate\\Pipeline\\Pipeline->Illuminate\\Pipeline\\{closure}(Object(Illuminate\\Http\\Request))
#40 C:\\xampp\\htdocs\\final-project-nf\\prelovedcampus\\vendor\\laravel\\framework\\src\\Illuminate\\Pipeline\\Pipeline.php(183): Illuminate\\Http\\Middleware\\HandleCors->handle(Object(Illuminate\\Http\\Request), Object(Closure))
#41 C:\\xampp\\htdocs\\final-project-nf\\prelovedcampus\\vendor\\laravel\\framework\\src\\Illuminate\\Http\\Middleware\\TrustProxies.php(58): Illuminate\\Pipeline\\Pipeline->Illuminate\\Pipeline\\{closure}(Object(Illuminate\\Http\\Request))
#42 C:\\xampp\\htdocs\\final-project-nf\\prelovedcampus\\vendor\\laravel\\framework\\src\\Illuminate\\Pipeline\\Pipeline.php(183): Illuminate\\Http\\Middleware\\TrustProxies->handle(Object(Illuminate\\Http\\Request), Object(Closure))
#43 C:\\xampp\\htdocs\\final-project-nf\\prelovedcampus\\vendor\\laravel\\framework\\src\\Illuminate\\Foundation\\Http\\Middleware\\InvokeDeferredCallbacks.php(22): Illuminate\\Pipeline\\Pipeline->Illuminate\\Pipeline\\{closure}(Object(Illuminate\\Http\\Request))
#44 C:\\xampp\\htdocs\\final-project-nf\\prelovedcampus\\vendor\\laravel\\framework\\src\\Illuminate\\Pipeline\\Pipeline.php(183): Illuminate\\Foundation\\Http\\Middleware\\InvokeDeferredCallbacks->handle(Object(Illuminate\\Http\\Request), Object(Closure))
#45 C:\\xampp\\htdocs\\final-project-nf\\prelovedcampus\\vendor\\laravel\\framework\\src\\Illuminate\\Pipeline\\Pipeline.php(119): Illuminate\\Pipeline\\Pipeline->Illuminate\\Pipeline\\{closure}(Object(Illuminate\\Http\\Request))
#46 C:\\xampp\\htdocs\\final-project-nf\\prelovedcampus\\vendor\\laravel\\framework\\src\\Illuminate\\Foundation\\Http\\Kernel.php(176): Illuminate\\Pipeline\\Pipeline->then(Object(Closure))
#47 C:\\xampp\\htdocs\\final-project-nf\\prelovedcampus\\vendor\\laravel\\framework\\src\\Illuminate\\Foundation\\Http\\Kernel.php(145): Illuminate\\Foundation\\Http\\Kernel->sendRequestThroughRouter(Object(Illuminate\\Http\\Request))
#48 C:\\xampp\\htdocs\\final-project-nf\\prelovedcampus\\vendor\\laravel\\framework\\src\\Illuminate\\Foundation\\Application.php(1188): Illuminate\\Foundation\\Http\\Kernel->handle(Object(Illuminate\\Http\\Request))
#49 C:\\xampp\\htdocs\\final-project-nf\\prelovedcampus\\public\\index.php(17): Illuminate\\Foundation\\Application->handleRequest(Object(Illuminate\\Http\\Request))
#50 C:\\xampp\\htdocs\\final-project-nf\\prelovedcampus\\vendor\\laravel\\framework\\src\\Illuminate\\Foundation\\resources\\server.php(23): require_once('C:\\\\xampp\\\\htdocs...')
#51 {main}

[previous exception] [object] (PDOException(code: 42S22): SQLSTATE[42S22]: Column not found: 1054 Unknown column 'nama' in 'field list' at C:\\xampp\\htdocs\\final-project-nf\\prelovedcampus\\vendor\\laravel\\framework\\src\\Illuminate\\Database\\MySqlConnection.php:47)
[stacktrace]
#0 C:\\xampp\\htdocs\\final-project-nf\\prelovedcampus\\vendor\\laravel\\framework\\src\\Illuminate\\Database\\MySqlConnection.php(47): PDO->prepare('insert into `us...')
#1 C:\\xampp\\htdocs\\final-project-nf\\prelovedcampus\\vendor\\laravel\\framework\\src\\Illuminate\\Database\\Connection.php(812): Illuminate\\Database\\MySqlConnection->Illuminate\\Database\\{closure}('insert into `us...', Array)
#2 C:\\xampp\\htdocs\\final-project-nf\\prelovedcampus\\vendor\\laravel\\framework\\src\\Illuminate\\Database\\Connection.php(779): Illuminate\\Database\\Connection->runQueryCallback('insert into `us...', Array, Object(Closure))
#3 C:\\xampp\\htdocs\\final-project-nf\\prelovedcampus\\vendor\\laravel\\framework\\src\\Illuminate\\Database\\MySqlConnection.php(42): Illuminate\\Database\\Connection->run('insert into `us...', Array, Object(Closure))
#4 C:\\xampp\\htdocs\\final-project-nf\\prelovedcampus\\vendor\\laravel\\framework\\src\\Illuminate\\Database\\Query\\Processors\\MySqlProcessor.php(35): Illuminate\\Database\\MySqlConnection->insert('insert into `us...', Array, 'id')
#5 C:\\xampp\\htdocs\\final-project-nf\\prelovedcampus\\vendor\\laravel\\framework\\src\\Illuminate\\Database\\Query\\Builder.php(3798): Illuminate\\Database\\Query\\Processors\\MySqlProcessor->processInsertGetId(Object(Illuminate\\Database\\Query\\Builder), 'insert into `us...', Array, 'id')
#6 C:\\xampp\\htdocs\\final-project-nf\\prelovedcampus\\vendor\\laravel\\framework\\src\\Illuminate\\Database\\Eloquent\\Builder.php(2038): Illuminate\\Database\\Query\\Builder->insertGetId(Array, 'id')
#7 C:\\xampp\\htdocs\\final-project-nf\\prelovedcampus\\vendor\\laravel\\framework\\src\\Illuminate\\Database\\Eloquent\\Model.php(1358): Illuminate\\Database\\Eloquent\\Builder->__call('insertGetId', Array)
#8 C:\\xampp\\htdocs\\final-project-nf\\prelovedcampus\\vendor\\laravel\\framework\\src\\Illuminate\\Database\\Eloquent\\Model.php(1323): Illuminate\\Database\\Eloquent\\Model->insertAndSetId(Object(Illuminate\\Database\\Eloquent\\Builder), Array)
#9 C:\\xampp\\htdocs\\final-project-nf\\prelovedcampus\\vendor\\laravel\\framework\\src\\Illuminate\\Database\\Eloquent\\Model.php(1162): Illuminate\\Database\\Eloquent\\Model->performInsert(Object(Illuminate\\Database\\Eloquent\\Builder))
#10 C:\\xampp\\htdocs\\final-project-nf\\prelovedcampus\\vendor\\laravel\\framework\\src\\Illuminate\\Database\\Eloquent\\Builder.php(1079): Illuminate\\Database\\Eloquent\\Model->save()
#11 C:\\xampp\\htdocs\\final-project-nf\\prelovedcampus\\vendor\\laravel\\framework\\src\\Illuminate\\Support\\helpers.php(380): Illuminate\\Database\\Eloquent\\Builder->Illuminate\\Database\\Eloquent\\{closure}(Object(App\\Models\\User))
#12 C:\\xampp\\htdocs\\final-project-nf\\prelovedcampus\\vendor\\laravel\\framework\\src\\Illuminate\\Database\\Eloquent\\Builder.php(1078): tap(Object(App\\Models\\User), Object(Closure))
#13 C:\\xampp\\htdocs\\final-project-nf\\prelovedcampus\\vendor\\laravel\\framework\\src\\Illuminate\\Support\\Traits\\ForwardsCalls.php(23): Illuminate\\Database\\Eloquent\\Builder->create(Array)
#14 C:\\xampp\\htdocs\\final-project-nf\\prelovedcampus\\vendor\\laravel\\framework\\src\\Illuminate\\Database\\Eloquent\\Model.php(2367): Illuminate\\Database\\Eloquent\\Model->forwardCallTo(Object(Illuminate\\Database\\Eloquent\\Builder), 'create', Array)
#15 C:\\xampp\\htdocs\\final-project-nf\\prelovedcampus\\vendor\\laravel\\framework\\src\\Illuminate\\Database\\Eloquent\\Model.php(2379): Illuminate\\Database\\Eloquent\\Model->__call('create', Array)
#16 C:\\xampp\\htdocs\\final-project-nf\\prelovedcampus\\app\\Http\\Controllers\\UserController.php(51): Illuminate\\Database\\Eloquent\\Model::__callStatic('create', Array)
#17 C:\\xampp\\htdocs\\final-project-nf\\prelovedcampus\\vendor\\laravel\\framework\\src\\Illuminate\\Routing\\ControllerDispatcher.php(46): App\\Http\\Controllers\\UserController->store(Object(Illuminate\\Http\\Request))
#18 C:\\xampp\\htdocs\\final-project-nf\\prelovedcampus\\vendor\\laravel\\framework\\src\\Illuminate\\Routing\\Route.php(264): Illuminate\\Routing\\ControllerDispatcher->dispatch(Object(Illuminate\\Routing\\Route), Object(App\\Http\\Controllers\\UserController), 'store')
#19 C:\\xampp\\htdocs\\final-project-nf\\prelovedcampus\\vendor\\laravel\\framework\\src\\Illuminate\\Routing\\Route.php(210): Illuminate\\Routing\\Route->runController()
#20 C:\\xampp\\htdocs\\final-project-nf\\prelovedcampus\\vendor\\laravel\\framework\\src\\Illuminate\\Routing\\Router.php(808): Illuminate\\Routing\\Route->run()
#21 C:\\xampp\\htdocs\\final-project-nf\\prelovedcampus\\vendor\\laravel\\framework\\src\\Illuminate\\Pipeline\\Pipeline.php(144): Illuminate\\Routing\\Router->Illuminate\\Routing\\{closure}(Object(Illuminate\\Http\\Request))
#22 C:\\xampp\\htdocs\\final-project-nf\\prelovedcampus\\vendor\\laravel\\framework\\src\\Illuminate\\Routing\\Middleware\\SubstituteBindings.php(51): Illuminate\\Pipeline\\Pipeline->Illuminate\\Pipeline\\{closure}(Object(Illuminate\\Http\\Request))
#23 C:\\xampp\\htdocs\\final-project-nf\\prelovedcampus\\vendor\\laravel\\framework\\src\\Illuminate\\Pipeline\\Pipeline.php(183): Illuminate\\Routing\\Middleware\\SubstituteBindings->handle(Object(Illuminate\\Http\\Request), Object(Closure))
#24 C:\\xampp\\htdocs\\final-project-nf\\prelovedcampus\\vendor\\laravel\\framework\\src\\Illuminate\\Pipeline\\Pipeline.php(119): Illuminate\\Pipeline\\Pipeline->Illuminate\\Pipeline\\{closure}(Object(Illuminate\\Http\\Request))
#25 C:\\xampp\\htdocs\\final-project-nf\\prelovedcampus\\vendor\\laravel\\framework\\src\\Illuminate\\Routing\\Router.php(807): Illuminate\\Pipeline\\Pipeline->then(Object(Closure))
#26 C:\\xampp\\htdocs\\final-project-nf\\prelovedcampus\\vendor\\laravel\\framework\\src\\Illuminate\\Routing\\Router.php(786): Illuminate\\Routing\\Router->runRouteWithinStack(Object(Illuminate\\Routing\\Route), Object(Illuminate\\Http\\Request))
#27 C:\\xampp\\htdocs\\final-project-nf\\prelovedcampus\\vendor\\laravel\\framework\\src\\Illuminate\\Routing\\Router.php(750): Illuminate\\Routing\\Router->runRoute(Object(Illuminate\\Http\\Request), Object(Illuminate\\Routing\\Route))
#28 C:\\xampp\\htdocs\\final-project-nf\\prelovedcampus\\vendor\\laravel\\framework\\src\\Illuminate\\Routing\\Router.php(739): Illuminate\\Routing\\Router->dispatchToRoute(Object(Illuminate\\Http\\Request))
#29 C:\\xampp\\htdocs\\final-project-nf\\prelovedcampus\\vendor\\laravel\\framework\\src\\Illuminate\\Foundation\\Http\\Kernel.php(201): Illuminate\\Routing\\Router->dispatch(Object(Illuminate\\Http\\Request))
#30 C:\\xampp\\htdocs\\final-project-nf\\prelovedcampus\\vendor\\laravel\\framework\\src\\Illuminate\\Pipeline\\Pipeline.php(144): Illuminate\\Foundation\\Http\\Kernel->Illuminate\\Foundation\\Http\\{closure}(Object(Illuminate\\Http\\Request))
#31 C:\\xampp\\htdocs\\final-project-nf\\prelovedcampus\\vendor\\laravel\\framework\\src\\Illuminate\\Foundation\\Http\\Middleware\\TransformsRequest.php(21): Illuminate\\Pipeline\\Pipeline->Illuminate\\Pipeline\\{closure}(Object(Illuminate\\Http\\Request))
#32 C:\\xampp\\htdocs\\final-project-nf\\prelovedcampus\\vendor\\laravel\\framework\\src\\Illuminate\\Foundation\\Http\\Middleware\\ConvertEmptyStringsToNull.php(31): Illuminate\\Foundation\\Http\\Middleware\\TransformsRequest->handle(Object(Illuminate\\Http\\Request), Object(Closure))
#33 C:\\xampp\\htdocs\\final-project-nf\\prelovedcampus\\vendor\\laravel\\framework\\src\\Illuminate\\Pipeline\\Pipeline.php(183): Illuminate\\Foundation\\Http\\Middleware\\ConvertEmptyStringsToNull->handle(Object(Illuminate\\Http\\Request), Object(Closure))
#34 C:\\xampp\\htdocs\\final-project-nf\\prelovedcampus\\vendor\\laravel\\framework\\src\\Illuminate\\Foundation\\Http\\Middleware\\TransformsRequest.php(21): Illuminate\\Pipeline\\Pipeline->Illuminate\\Pipeline\\{closure}(Object(Illuminate\\Http\\Request))
#35 C:\\xampp\\htdocs\\final-project-nf\\prelovedcampus\\vendor\\laravel\\framework\\src\\Illuminate\\Foundation\\Http\\Middleware\\TrimStrings.php(51): Illuminate\\Foundation\\Http\\Middleware\\TransformsRequest->handle(Object(Illuminate\\Http\\Request), Object(Closure))
#36 C:\\xampp\\htdocs\\final-project-nf\\prelovedcampus\\vendor\\laravel\\framework\\src\\Illuminate\\Pipeline\\Pipeline.php(183): Illuminate\\Foundation\\Http\\Middleware\\TrimStrings->handle(Object(Illuminate\\Http\\Request), Object(Closure))
#37 C:\\xampp\\htdocs\\final-project-nf\\prelovedcampus\\vendor\\laravel\\framework\\src\\Illuminate\\Http\\Middleware\\ValidatePostSize.php(27): Illuminate\\Pipeline\\Pipeline->Illuminate\\Pipeline\\{closure}(Object(Illuminate\\Http\\Request))
#38 C:\\xampp\\htdocs\\final-project-nf\\prelovedcampus\\vendor\\laravel\\framework\\src\\Illuminate\\Pipeline\\Pipeline.php(183): Illuminate\\Http\\Middleware\\ValidatePostSize->handle(Object(Illuminate\\Http\\Request), Object(Closure))
#39 C:\\xampp\\htdocs\\final-project-nf\\prelovedcampus\\vendor\\laravel\\framework\\src\\Illuminate\\Foundation\\Http\\Middleware\\PreventRequestsDuringMaintenance.php(110): Illuminate\\Pipeline\\Pipeline->Illuminate\\Pipeline\\{closure}(Object(Illuminate\\Http\\Request))
#40 C:\\xampp\\htdocs\\final-project-nf\\prelovedcampus\\vendor\\laravel\\framework\\src\\Illuminate\\Pipeline\\Pipeline.php(183): Illuminate\\Foundation\\Http\\Middleware\\PreventRequestsDuringMaintenance->handle(Object(Illuminate\\Http\\Request), Object(Closure))
#41 C:\\xampp\\htdocs\\final-project-nf\\prelovedcampus\\vendor\\laravel\\framework\\src\\Illuminate\\Http\\Middleware\\HandleCors.php(62): Illuminate\\Pipeline\\Pipeline->Illuminate\\Pipeline\\{closure}(Object(Illuminate\\Http\\Request))
#42 C:\\xampp\\htdocs\\final-project-nf\\prelovedcampus\\vendor\\laravel\\framework\\src\\Illuminate\\Pipeline\\Pipeline.php(183): Illuminate\\Http\\Middleware\\HandleCors->handle(Object(Illuminate\\Http\\Request), Object(Closure))
#43 C:\\xampp\\htdocs\\final-project-nf\\prelovedcampus\\vendor\\laravel\\framework\\src\\Illuminate\\Http\\Middleware\\TrustProxies.php(58): Illuminate\\Pipeline\\Pipeline->Illuminate\\Pipeline\\{closure}(Object(Illuminate\\Http\\Request))
#44 C:\\xampp\\htdocs\\final-project-nf\\prelovedcampus\\vendor\\laravel\\framework\\src\\Illuminate\\Pipeline\\Pipeline.php(183): Illuminate\\Http\\Middleware\\TrustProxies->handle(Object(Illuminate\\Http\\Request), Object(Closure))
#45 C:\\xampp\\htdocs\\final-project-nf\\prelovedcampus\\vendor\\laravel\\framework\\src\\Illuminate\\Foundation\\Http\\Middleware\\InvokeDeferredCallbacks.php(22): Illuminate\\Pipeline\\Pipeline->Illuminate\\Pipeline\\{closure}(Object(Illuminate\\Http\\Request))
#46 C:\\xampp\\htdocs\\final-project-nf\\prelovedcampus\\vendor\\laravel\\framework\\src\\Illuminate\\Pipeline\\Pipeline.php(183): Illuminate\\Foundation\\Http\\Middleware\\InvokeDeferredCallbacks->handle(Object(Illuminate\\Http\\Request), Object(Closure))
#47 C:\\xampp\\htdocs\\final-project-nf\\prelovedcampus\\vendor\\laravel\\framework\\src\\Illuminate\\Pipeline\\Pipeline.php(119): Illuminate\\Pipeline\\Pipeline->Illuminate\\Pipeline\\{closure}(Object(Illuminate\\Http\\Request))
#48 C:\\xampp\\htdocs\\final-project-nf\\prelovedcampus\\vendor\\laravel\\framework\\src\\Illuminate\\Foundation\\Http\\Kernel.php(176): Illuminate\\Pipeline\\Pipeline->then(Object(Closure))
#49 C:\\xampp\\htdocs\\final-project-nf\\prelovedcampus\\vendor\\laravel\\framework\\src\\Illuminate\\Foundation\\Http\\Kernel.php(145): Illuminate\\Foundation\\Http\\Kernel->sendRequestThroughRouter(Object(Illuminate\\Http\\Request))
#50 C:\\xampp\\htdocs\\final-project-nf\\prelovedcampus\\vendor\\laravel\\framework\\src\\Illuminate\\Foundation\\Application.php(1188): Illuminate\\Foundation\\Http\\Kernel->handle(Object(Illuminate\\Http\\Request))
#51 C:\\xampp\\htdocs\\final-project-nf\\prelovedcampus\\public\\index.php(17): Illuminate\\Foundation\\Application->handleRequest(Object(Illuminate\\Http\\Request))
#52 C:\\xampp\\htdocs\\final-project-nf\\prelovedcampus\\vendor\\laravel\\framework\\src\\Illuminate\\Foundation\\resources\\server.php(23): require_once('C:\\\\xampp\\\\htdocs...')
#53 {main}
"} 
[2024-11-11 18:06:02] local.ERROR: SQLSTATE[42S22]: Column not found: 1054 Unknown column 'nama' in 'field list' (Connection: mysql, SQL: insert into `users` (`nama`, `email`, `password`, `foto`, `no_hp`, `alamat`, `role_id`, `updated_at`, `created_at`) values (Franky Delphi, franky@gmail.com, $2y$12$jXwN.fp11dkn4mDikZS9.e6/sElteMeiqwkd8cdMapSK2UyerozCO, franky.jpg, 43654365, Jl. Haji Rusdi No. 21, 2, 2024-11-11 18:06:02, 2024-11-11 18:06:02)) {"exception":"[object] (Illuminate\\Database\\QueryException(code: 42S22): SQLSTATE[42S22]: Column not found: 1054 Unknown column 'nama' in 'field list' (Connection: mysql, SQL: insert into `users` (`nama`, `email`, `password`, `foto`, `no_hp`, `alamat`, `role_id`, `updated_at`, `created_at`) values (Franky Delphi, franky@gmail.com, $2y$12$jXwN.fp11dkn4mDikZS9.e6/sElteMeiqwkd8cdMapSK2UyerozCO, franky.jpg, 43654365, Jl. Haji Rusdi No. 21, 2, 2024-11-11 18:06:02, 2024-11-11 18:06:02)) at C:\\xampp\\htdocs\\final-project-nf\\prelovedcampus\\vendor\\laravel\\framework\\src\\Illuminate\\Database\\Connection.php:825)
[stacktrace]
#0 C:\\xampp\\htdocs\\final-project-nf\\prelovedcampus\\vendor\\laravel\\framework\\src\\Illuminate\\Database\\Connection.php(779): Illuminate\\Database\\Connection->runQueryCallback('insert into `us...', Array, Object(Closure))
#1 C:\\xampp\\htdocs\\final-project-nf\\prelovedcampus\\vendor\\laravel\\framework\\src\\Illuminate\\Database\\MySqlConnection.php(42): Illuminate\\Database\\Connection->run('insert into `us...', Array, Object(Closure))
#2 C:\\xampp\\htdocs\\final-project-nf\\prelovedcampus\\vendor\\laravel\\framework\\src\\Illuminate\\Database\\Query\\Processors\\MySqlProcessor.php(35): Illuminate\\Database\\MySqlConnection->insert('insert into `us...', Array, 'id')
#3 C:\\xampp\\htdocs\\final-project-nf\\prelovedcampus\\vendor\\laravel\\framework\\src\\Illuminate\\Database\\Query\\Builder.php(3798): Illuminate\\Database\\Query\\Processors\\MySqlProcessor->processInsertGetId(Object(Illuminate\\Database\\Query\\Builder), 'insert into `us...', Array, 'id')
#4 C:\\xampp\\htdocs\\final-project-nf\\prelovedcampus\\vendor\\laravel\\framework\\src\\Illuminate\\Database\\Eloquent\\Builder.php(2038): Illuminate\\Database\\Query\\Builder->insertGetId(Array, 'id')
#5 C:\\xampp\\htdocs\\final-project-nf\\prelovedcampus\\vendor\\laravel\\framework\\src\\Illuminate\\Database\\Eloquent\\Model.php(1358): Illuminate\\Database\\Eloquent\\Builder->__call('insertGetId', Array)
#6 C:\\xampp\\htdocs\\final-project-nf\\prelovedcampus\\vendor\\laravel\\framework\\src\\Illuminate\\Database\\Eloquent\\Model.php(1323): Illuminate\\Database\\Eloquent\\Model->insertAndSetId(Object(Illuminate\\Database\\Eloquent\\Builder), Array)
#7 C:\\xampp\\htdocs\\final-project-nf\\prelovedcampus\\vendor\\laravel\\framework\\src\\Illuminate\\Database\\Eloquent\\Model.php(1162): Illuminate\\Database\\Eloquent\\Model->performInsert(Object(Illuminate\\Database\\Eloquent\\Builder))
#8 C:\\xampp\\htdocs\\final-project-nf\\prelovedcampus\\vendor\\laravel\\framework\\src\\Illuminate\\Database\\Eloquent\\Builder.php(1079): Illuminate\\Database\\Eloquent\\Model->save()
#9 C:\\xampp\\htdocs\\final-project-nf\\prelovedcampus\\vendor\\laravel\\framework\\src\\Illuminate\\Support\\helpers.php(380): Illuminate\\Database\\Eloquent\\Builder->Illuminate\\Database\\Eloquent\\{closure}(Object(App\\Models\\User))
#10 C:\\xampp\\htdocs\\final-project-nf\\prelovedcampus\\vendor\\laravel\\framework\\src\\Illuminate\\Database\\Eloquent\\Builder.php(1078): tap(Object(App\\Models\\User), Object(Closure))
#11 C:\\xampp\\htdocs\\final-project-nf\\prelovedcampus\\vendor\\laravel\\framework\\src\\Illuminate\\Support\\Traits\\ForwardsCalls.php(23): Illuminate\\Database\\Eloquent\\Builder->create(Array)
#12 C:\\xampp\\htdocs\\final-project-nf\\prelovedcampus\\vendor\\laravel\\framework\\src\\Illuminate\\Database\\Eloquent\\Model.php(2367): Illuminate\\Database\\Eloquent\\Model->forwardCallTo(Object(Illuminate\\Database\\Eloquent\\Builder), 'create', Array)
#13 C:\\xampp\\htdocs\\final-project-nf\\prelovedcampus\\vendor\\laravel\\framework\\src\\Illuminate\\Database\\Eloquent\\Model.php(2379): Illuminate\\Database\\Eloquent\\Model->__call('create', Array)
#14 C:\\xampp\\htdocs\\final-project-nf\\prelovedcampus\\app\\Http\\Controllers\\UserController.php(51): Illuminate\\Database\\Eloquent\\Model::__callStatic('create', Array)
#15 C:\\xampp\\htdocs\\final-project-nf\\prelovedcampus\\vendor\\laravel\\framework\\src\\Illuminate\\Routing\\ControllerDispatcher.php(46): App\\Http\\Controllers\\UserController->store(Object(Illuminate\\Http\\Request))
#16 C:\\xampp\\htdocs\\final-project-nf\\prelovedcampus\\vendor\\laravel\\framework\\src\\Illuminate\\Routing\\Route.php(264): Illuminate\\Routing\\ControllerDispatcher->dispatch(Object(Illuminate\\Routing\\Route), Object(App\\Http\\Controllers\\UserController), 'store')
#17 C:\\xampp\\htdocs\\final-project-nf\\prelovedcampus\\vendor\\laravel\\framework\\src\\Illuminate\\Routing\\Route.php(210): Illuminate\\Routing\\Route->runController()
#18 C:\\xampp\\htdocs\\final-project-nf\\prelovedcampus\\vendor\\laravel\\framework\\src\\Illuminate\\Routing\\Router.php(808): Illuminate\\Routing\\Route->run()
#19 C:\\xampp\\htdocs\\final-project-nf\\prelovedcampus\\vendor\\laravel\\framework\\src\\Illuminate\\Pipeline\\Pipeline.php(144): Illuminate\\Routing\\Router->Illuminate\\Routing\\{closure}(Object(Illuminate\\Http\\Request))
#20 C:\\xampp\\htdocs\\final-project-nf\\prelovedcampus\\vendor\\laravel\\framework\\src\\Illuminate\\Routing\\Middleware\\SubstituteBindings.php(51): Illuminate\\Pipeline\\Pipeline->Illuminate\\Pipeline\\{closure}(Object(Illuminate\\Http\\Request))
#21 C:\\xampp\\htdocs\\final-project-nf\\prelovedcampus\\vendor\\laravel\\framework\\src\\Illuminate\\Pipeline\\Pipeline.php(183): Illuminate\\Routing\\Middleware\\SubstituteBindings->handle(Object(Illuminate\\Http\\Request), Object(Closure))
#22 C:\\xampp\\htdocs\\final-project-nf\\prelovedcampus\\vendor\\laravel\\framework\\src\\Illuminate\\Pipeline\\Pipeline.php(119): Illuminate\\Pipeline\\Pipeline->Illuminate\\Pipeline\\{closure}(Object(Illuminate\\Http\\Request))
#23 C:\\xampp\\htdocs\\final-project-nf\\prelovedcampus\\vendor\\laravel\\framework\\src\\Illuminate\\Routing\\Router.php(807): Illuminate\\Pipeline\\Pipeline->then(Object(Closure))
#24 C:\\xampp\\htdocs\\final-project-nf\\prelovedcampus\\vendor\\laravel\\framework\\src\\Illuminate\\Routing\\Router.php(786): Illuminate\\Routing\\Router->runRouteWithinStack(Object(Illuminate\\Routing\\Route), Object(Illuminate\\Http\\Request))
#25 C:\\xampp\\htdocs\\final-project-nf\\prelovedcampus\\vendor\\laravel\\framework\\src\\Illuminate\\Routing\\Router.php(750): Illuminate\\Routing\\Router->runRoute(Object(Illuminate\\Http\\Request), Object(Illuminate\\Routing\\Route))
#26 C:\\xampp\\htdocs\\final-project-nf\\prelovedcampus\\vendor\\laravel\\framework\\src\\Illuminate\\Routing\\Router.php(739): Illuminate\\Routing\\Router->dispatchToRoute(Object(Illuminate\\Http\\Request))
#27 C:\\xampp\\htdocs\\final-project-nf\\prelovedcampus\\vendor\\laravel\\framework\\src\\Illuminate\\Foundation\\Http\\Kernel.php(201): Illuminate\\Routing\\Router->dispatch(Object(Illuminate\\Http\\Request))
#28 C:\\xampp\\htdocs\\final-project-nf\\prelovedcampus\\vendor\\laravel\\framework\\src\\Illuminate\\Pipeline\\Pipeline.php(144): Illuminate\\Foundation\\Http\\Kernel->Illuminate\\Foundation\\Http\\{closure}(Object(Illuminate\\Http\\Request))
#29 C:\\xampp\\htdocs\\final-project-nf\\prelovedcampus\\vendor\\laravel\\framework\\src\\Illuminate\\Foundation\\Http\\Middleware\\TransformsRequest.php(21): Illuminate\\Pipeline\\Pipeline->Illuminate\\Pipeline\\{closure}(Object(Illuminate\\Http\\Request))
#30 C:\\xampp\\htdocs\\final-project-nf\\prelovedcampus\\vendor\\laravel\\framework\\src\\Illuminate\\Foundation\\Http\\Middleware\\ConvertEmptyStringsToNull.php(31): Illuminate\\Foundation\\Http\\Middleware\\TransformsRequest->handle(Object(Illuminate\\Http\\Request), Object(Closure))
#31 C:\\xampp\\htdocs\\final-project-nf\\prelovedcampus\\vendor\\laravel\\framework\\src\\Illuminate\\Pipeline\\Pipeline.php(183): Illuminate\\Foundation\\Http\\Middleware\\ConvertEmptyStringsToNull->handle(Object(Illuminate\\Http\\Request), Object(Closure))
#32 C:\\xampp\\htdocs\\final-project-nf\\prelovedcampus\\vendor\\laravel\\framework\\src\\Illuminate\\Foundation\\Http\\Middleware\\TransformsRequest.php(21): Illuminate\\Pipeline\\Pipeline->Illuminate\\Pipeline\\{closure}(Object(Illuminate\\Http\\Request))
#33 C:\\xampp\\htdocs\\final-project-nf\\prelovedcampus\\vendor\\laravel\\framework\\src\\Illuminate\\Foundation\\Http\\Middleware\\TrimStrings.php(51): Illuminate\\Foundation\\Http\\Middleware\\TransformsRequest->handle(Object(Illuminate\\Http\\Request), Object(Closure))
#34 C:\\xampp\\htdocs\\final-project-nf\\prelovedcampus\\vendor\\laravel\\framework\\src\\Illuminate\\Pipeline\\Pipeline.php(183): Illuminate\\Foundation\\Http\\Middleware\\TrimStrings->handle(Object(Illuminate\\Http\\Request), Object(Closure))
#35 C:\\xampp\\htdocs\\final-project-nf\\prelovedcampus\\vendor\\laravel\\framework\\src\\Illuminate\\Http\\Middleware\\ValidatePostSize.php(27): Illuminate\\Pipeline\\Pipeline->Illuminate\\Pipeline\\{closure}(Object(Illuminate\\Http\\Request))
#36 C:\\xampp\\htdocs\\final-project-nf\\prelovedcampus\\vendor\\laravel\\framework\\src\\Illuminate\\Pipeline\\Pipeline.php(183): Illuminate\\Http\\Middleware\\ValidatePostSize->handle(Object(Illuminate\\Http\\Request), Object(Closure))
#37 C:\\xampp\\htdocs\\final-project-nf\\prelovedcampus\\vendor\\laravel\\framework\\src\\Illuminate\\Foundation\\Http\\Middleware\\PreventRequestsDuringMaintenance.php(110): Illuminate\\Pipeline\\Pipeline->Illuminate\\Pipeline\\{closure}(Object(Illuminate\\Http\\Request))
#38 C:\\xampp\\htdocs\\final-project-nf\\prelovedcampus\\vendor\\laravel\\framework\\src\\Illuminate\\Pipeline\\Pipeline.php(183): Illuminate\\Foundation\\Http\\Middleware\\PreventRequestsDuringMaintenance->handle(Object(Illuminate\\Http\\Request), Object(Closure))
#39 C:\\xampp\\htdocs\\final-project-nf\\prelovedcampus\\vendor\\laravel\\framework\\src\\Illuminate\\Http\\Middleware\\HandleCors.php(62): Illuminate\\Pipeline\\Pipeline->Illuminate\\Pipeline\\{closure}(Object(Illuminate\\Http\\Request))
#40 C:\\xampp\\htdocs\\final-project-nf\\prelovedcampus\\vendor\\laravel\\framework\\src\\Illuminate\\Pipeline\\Pipeline.php(183): Illuminate\\Http\\Middleware\\HandleCors->handle(Object(Illuminate\\Http\\Request), Object(Closure))
#41 C:\\xampp\\htdocs\\final-project-nf\\prelovedcampus\\vendor\\laravel\\framework\\src\\Illuminate\\Http\\Middleware\\TrustProxies.php(58): Illuminate\\Pipeline\\Pipeline->Illuminate\\Pipeline\\{closure}(Object(Illuminate\\Http\\Request))
#42 C:\\xampp\\htdocs\\final-project-nf\\prelovedcampus\\vendor\\laravel\\framework\\src\\Illuminate\\Pipeline\\Pipeline.php(183): Illuminate\\Http\\Middleware\\TrustProxies->handle(Object(Illuminate\\Http\\Request), Object(Closure))
#43 C:\\xampp\\htdocs\\final-project-nf\\prelovedcampus\\vendor\\laravel\\framework\\src\\Illuminate\\Foundation\\Http\\Middleware\\InvokeDeferredCallbacks.php(22): Illuminate\\Pipeline\\Pipeline->Illuminate\\Pipeline\\{closure}(Object(Illuminate\\Http\\Request))
#44 C:\\xampp\\htdocs\\final-project-nf\\prelovedcampus\\vendor\\laravel\\framework\\src\\Illuminate\\Pipeline\\Pipeline.php(183): Illuminate\\Foundation\\Http\\Middleware\\InvokeDeferredCallbacks->handle(Object(Illuminate\\Http\\Request), Object(Closure))
#45 C:\\xampp\\htdocs\\final-project-nf\\prelovedcampus\\vendor\\laravel\\framework\\src\\Illuminate\\Pipeline\\Pipeline.php(119): Illuminate\\Pipeline\\Pipeline->Illuminate\\Pipeline\\{closure}(Object(Illuminate\\Http\\Request))
#46 C:\\xampp\\htdocs\\final-project-nf\\prelovedcampus\\vendor\\laravel\\framework\\src\\Illuminate\\Foundation\\Http\\Kernel.php(176): Illuminate\\Pipeline\\Pipeline->then(Object(Closure))
#47 C:\\xampp\\htdocs\\final-project-nf\\prelovedcampus\\vendor\\laravel\\framework\\src\\Illuminate\\Foundation\\Http\\Kernel.php(145): Illuminate\\Foundation\\Http\\Kernel->sendRequestThroughRouter(Object(Illuminate\\Http\\Request))
#48 C:\\xampp\\htdocs\\final-project-nf\\prelovedcampus\\vendor\\laravel\\framework\\src\\Illuminate\\Foundation\\Application.php(1188): Illuminate\\Foundation\\Http\\Kernel->handle(Object(Illuminate\\Http\\Request))
#49 C:\\xampp\\htdocs\\final-project-nf\\prelovedcampus\\public\\index.php(17): Illuminate\\Foundation\\Application->handleRequest(Object(Illuminate\\Http\\Request))
#50 C:\\xampp\\htdocs\\final-project-nf\\prelovedcampus\\vendor\\laravel\\framework\\src\\Illuminate\\Foundation\\resources\\server.php(23): require_once('C:\\\\xampp\\\\htdocs...')
#51 {main}

[previous exception] [object] (PDOException(code: 42S22): SQLSTATE[42S22]: Column not found: 1054 Unknown column 'nama' in 'field list' at C:\\xampp\\htdocs\\final-project-nf\\prelovedcampus\\vendor\\laravel\\framework\\src\\Illuminate\\Database\\MySqlConnection.php:47)
[stacktrace]
#0 C:\\xampp\\htdocs\\final-project-nf\\prelovedcampus\\vendor\\laravel\\framework\\src\\Illuminate\\Database\\MySqlConnection.php(47): PDO->prepare('insert into `us...')
#1 C:\\xampp\\htdocs\\final-project-nf\\prelovedcampus\\vendor\\laravel\\framework\\src\\Illuminate\\Database\\Connection.php(812): Illuminate\\Database\\MySqlConnection->Illuminate\\Database\\{closure}('insert into `us...', Array)
#2 C:\\xampp\\htdocs\\final-project-nf\\prelovedcampus\\vendor\\laravel\\framework\\src\\Illuminate\\Database\\Connection.php(779): Illuminate\\Database\\Connection->runQueryCallback('insert into `us...', Array, Object(Closure))
#3 C:\\xampp\\htdocs\\final-project-nf\\prelovedcampus\\vendor\\laravel\\framework\\src\\Illuminate\\Database\\MySqlConnection.php(42): Illuminate\\Database\\Connection->run('insert into `us...', Array, Object(Closure))
#4 C:\\xampp\\htdocs\\final-project-nf\\prelovedcampus\\vendor\\laravel\\framework\\src\\Illuminate\\Database\\Query\\Processors\\MySqlProcessor.php(35): Illuminate\\Database\\MySqlConnection->insert('insert into `us...', Array, 'id')
#5 C:\\xampp\\htdocs\\final-project-nf\\prelovedcampus\\vendor\\laravel\\framework\\src\\Illuminate\\Database\\Query\\Builder.php(3798): Illuminate\\Database\\Query\\Processors\\MySqlProcessor->processInsertGetId(Object(Illuminate\\Database\\Query\\Builder), 'insert into `us...', Array, 'id')
#6 C:\\xampp\\htdocs\\final-project-nf\\prelovedcampus\\vendor\\laravel\\framework\\src\\Illuminate\\Database\\Eloquent\\Builder.php(2038): Illuminate\\Database\\Query\\Builder->insertGetId(Array, 'id')
#7 C:\\xampp\\htdocs\\final-project-nf\\prelovedcampus\\vendor\\laravel\\framework\\src\\Illuminate\\Database\\Eloquent\\Model.php(1358): Illuminate\\Database\\Eloquent\\Builder->__call('insertGetId', Array)
#8 C:\\xampp\\htdocs\\final-project-nf\\prelovedcampus\\vendor\\laravel\\framework\\src\\Illuminate\\Database\\Eloquent\\Model.php(1323): Illuminate\\Database\\Eloquent\\Model->insertAndSetId(Object(Illuminate\\Database\\Eloquent\\Builder), Array)
#9 C:\\xampp\\htdocs\\final-project-nf\\prelovedcampus\\vendor\\laravel\\framework\\src\\Illuminate\\Database\\Eloquent\\Model.php(1162): Illuminate\\Database\\Eloquent\\Model->performInsert(Object(Illuminate\\Database\\Eloquent\\Builder))
#10 C:\\xampp\\htdocs\\final-project-nf\\prelovedcampus\\vendor\\laravel\\framework\\src\\Illuminate\\Database\\Eloquent\\Builder.php(1079): Illuminate\\Database\\Eloquent\\Model->save()
#11 C:\\xampp\\htdocs\\final-project-nf\\prelovedcampus\\vendor\\laravel\\framework\\src\\Illuminate\\Support\\helpers.php(380): Illuminate\\Database\\Eloquent\\Builder->Illuminate\\Database\\Eloquent\\{closure}(Object(App\\Models\\User))
#12 C:\\xampp\\htdocs\\final-project-nf\\prelovedcampus\\vendor\\laravel\\framework\\src\\Illuminate\\Database\\Eloquent\\Builder.php(1078): tap(Object(App\\Models\\User), Object(Closure))
#13 C:\\xampp\\htdocs\\final-project-nf\\prelovedcampus\\vendor\\laravel\\framework\\src\\Illuminate\\Support\\Traits\\ForwardsCalls.php(23): Illuminate\\Database\\Eloquent\\Builder->create(Array)
#14 C:\\xampp\\htdocs\\final-project-nf\\prelovedcampus\\vendor\\laravel\\framework\\src\\Illuminate\\Database\\Eloquent\\Model.php(2367): Illuminate\\Database\\Eloquent\\Model->forwardCallTo(Object(Illuminate\\Database\\Eloquent\\Builder), 'create', Array)
#15 C:\\xampp\\htdocs\\final-project-nf\\prelovedcampus\\vendor\\laravel\\framework\\src\\Illuminate\\Database\\Eloquent\\Model.php(2379): Illuminate\\Database\\Eloquent\\Model->__call('create', Array)
#16 C:\\xampp\\htdocs\\final-project-nf\\prelovedcampus\\app\\Http\\Controllers\\UserController.php(51): Illuminate\\Database\\Eloquent\\Model::__callStatic('create', Array)
#17 C:\\xampp\\htdocs\\final-project-nf\\prelovedcampus\\vendor\\laravel\\framework\\src\\Illuminate\\Routing\\ControllerDispatcher.php(46): App\\Http\\Controllers\\UserController->store(Object(Illuminate\\Http\\Request))
#18 C:\\xampp\\htdocs\\final-project-nf\\prelovedcampus\\vendor\\laravel\\framework\\src\\Illuminate\\Routing\\Route.php(264): Illuminate\\Routing\\ControllerDispatcher->dispatch(Object(Illuminate\\Routing\\Route), Object(App\\Http\\Controllers\\UserController), 'store')
#19 C:\\xampp\\htdocs\\final-project-nf\\prelovedcampus\\vendor\\laravel\\framework\\src\\Illuminate\\Routing\\Route.php(210): Illuminate\\Routing\\Route->runController()
#20 C:\\xampp\\htdocs\\final-project-nf\\prelovedcampus\\vendor\\laravel\\framework\\src\\Illuminate\\Routing\\Router.php(808): Illuminate\\Routing\\Route->run()
#21 C:\\xampp\\htdocs\\final-project-nf\\prelovedcampus\\vendor\\laravel\\framework\\src\\Illuminate\\Pipeline\\Pipeline.php(144): Illuminate\\Routing\\Router->Illuminate\\Routing\\{closure}(Object(Illuminate\\Http\\Request))
#22 C:\\xampp\\htdocs\\final-project-nf\\prelovedcampus\\vendor\\laravel\\framework\\src\\Illuminate\\Routing\\Middleware\\SubstituteBindings.php(51): Illuminate\\Pipeline\\Pipeline->Illuminate\\Pipeline\\{closure}(Object(Illuminate\\Http\\Request))
#23 C:\\xampp\\htdocs\\final-project-nf\\prelovedcampus\\vendor\\laravel\\framework\\src\\Illuminate\\Pipeline\\Pipeline.php(183): Illuminate\\Routing\\Middleware\\SubstituteBindings->handle(Object(Illuminate\\Http\\Request), Object(Closure))
#24 C:\\xampp\\htdocs\\final-project-nf\\prelovedcampus\\vendor\\laravel\\framework\\src\\Illuminate\\Pipeline\\Pipeline.php(119): Illuminate\\Pipeline\\Pipeline->Illuminate\\Pipeline\\{closure}(Object(Illuminate\\Http\\Request))
#25 C:\\xampp\\htdocs\\final-project-nf\\prelovedcampus\\vendor\\laravel\\framework\\src\\Illuminate\\Routing\\Router.php(807): Illuminate\\Pipeline\\Pipeline->then(Object(Closure))
#26 C:\\xampp\\htdocs\\final-project-nf\\prelovedcampus\\vendor\\laravel\\framework\\src\\Illuminate\\Routing\\Router.php(786): Illuminate\\Routing\\Router->runRouteWithinStack(Object(Illuminate\\Routing\\Route), Object(Illuminate\\Http\\Request))
#27 C:\\xampp\\htdocs\\final-project-nf\\prelovedcampus\\vendor\\laravel\\framework\\src\\Illuminate\\Routing\\Router.php(750): Illuminate\\Routing\\Router->runRoute(Object(Illuminate\\Http\\Request), Object(Illuminate\\Routing\\Route))
#28 C:\\xampp\\htdocs\\final-project-nf\\prelovedcampus\\vendor\\laravel\\framework\\src\\Illuminate\\Routing\\Router.php(739): Illuminate\\Routing\\Router->dispatchToRoute(Object(Illuminate\\Http\\Request))
#29 C:\\xampp\\htdocs\\final-project-nf\\prelovedcampus\\vendor\\laravel\\framework\\src\\Illuminate\\Foundation\\Http\\Kernel.php(201): Illuminate\\Routing\\Router->dispatch(Object(Illuminate\\Http\\Request))
#30 C:\\xampp\\htdocs\\final-project-nf\\prelovedcampus\\vendor\\laravel\\framework\\src\\Illuminate\\Pipeline\\Pipeline.php(144): Illuminate\\Foundation\\Http\\Kernel->Illuminate\\Foundation\\Http\\{closure}(Object(Illuminate\\Http\\Request))
#31 C:\\xampp\\htdocs\\final-project-nf\\prelovedcampus\\vendor\\laravel\\framework\\src\\Illuminate\\Foundation\\Http\\Middleware\\TransformsRequest.php(21): Illuminate\\Pipeline\\Pipeline->Illuminate\\Pipeline\\{closure}(Object(Illuminate\\Http\\Request))
#32 C:\\xampp\\htdocs\\final-project-nf\\prelovedcampus\\vendor\\laravel\\framework\\src\\Illuminate\\Foundation\\Http\\Middleware\\ConvertEmptyStringsToNull.php(31): Illuminate\\Foundation\\Http\\Middleware\\TransformsRequest->handle(Object(Illuminate\\Http\\Request), Object(Closure))
#33 C:\\xampp\\htdocs\\final-project-nf\\prelovedcampus\\vendor\\laravel\\framework\\src\\Illuminate\\Pipeline\\Pipeline.php(183): Illuminate\\Foundation\\Http\\Middleware\\ConvertEmptyStringsToNull->handle(Object(Illuminate\\Http\\Request), Object(Closure))
#34 C:\\xampp\\htdocs\\final-project-nf\\prelovedcampus\\vendor\\laravel\\framework\\src\\Illuminate\\Foundation\\Http\\Middleware\\TransformsRequest.php(21): Illuminate\\Pipeline\\Pipeline->Illuminate\\Pipeline\\{closure}(Object(Illuminate\\Http\\Request))
#35 C:\\xampp\\htdocs\\final-project-nf\\prelovedcampus\\vendor\\laravel\\framework\\src\\Illuminate\\Foundation\\Http\\Middleware\\TrimStrings.php(51): Illuminate\\Foundation\\Http\\Middleware\\TransformsRequest->handle(Object(Illuminate\\Http\\Request), Object(Closure))
#36 C:\\xampp\\htdocs\\final-project-nf\\prelovedcampus\\vendor\\laravel\\framework\\src\\Illuminate\\Pipeline\\Pipeline.php(183): Illuminate\\Foundation\\Http\\Middleware\\TrimStrings->handle(Object(Illuminate\\Http\\Request), Object(Closure))
#37 C:\\xampp\\htdocs\\final-project-nf\\prelovedcampus\\vendor\\laravel\\framework\\src\\Illuminate\\Http\\Middleware\\ValidatePostSize.php(27): Illuminate\\Pipeline\\Pipeline->Illuminate\\Pipeline\\{closure}(Object(Illuminate\\Http\\Request))
#38 C:\\xampp\\htdocs\\final-project-nf\\prelovedcampus\\vendor\\laravel\\framework\\src\\Illuminate\\Pipeline\\Pipeline.php(183): Illuminate\\Http\\Middleware\\ValidatePostSize->handle(Object(Illuminate\\Http\\Request), Object(Closure))
#39 C:\\xampp\\htdocs\\final-project-nf\\prelovedcampus\\vendor\\laravel\\framework\\src\\Illuminate\\Foundation\\Http\\Middleware\\PreventRequestsDuringMaintenance.php(110): Illuminate\\Pipeline\\Pipeline->Illuminate\\Pipeline\\{closure}(Object(Illuminate\\Http\\Request))
#40 C:\\xampp\\htdocs\\final-project-nf\\prelovedcampus\\vendor\\laravel\\framework\\src\\Illuminate\\Pipeline\\Pipeline.php(183): Illuminate\\Foundation\\Http\\Middleware\\PreventRequestsDuringMaintenance->handle(Object(Illuminate\\Http\\Request), Object(Closure))
#41 C:\\xampp\\htdocs\\final-project-nf\\prelovedcampus\\vendor\\laravel\\framework\\src\\Illuminate\\Http\\Middleware\\HandleCors.php(62): Illuminate\\Pipeline\\Pipeline->Illuminate\\Pipeline\\{closure}(Object(Illuminate\\Http\\Request))
#42 C:\\xampp\\htdocs\\final-project-nf\\prelovedcampus\\vendor\\laravel\\framework\\src\\Illuminate\\Pipeline\\Pipeline.php(183): Illuminate\\Http\\Middleware\\HandleCors->handle(Object(Illuminate\\Http\\Request), Object(Closure))
#43 C:\\xampp\\htdocs\\final-project-nf\\prelovedcampus\\vendor\\laravel\\framework\\src\\Illuminate\\Http\\Middleware\\TrustProxies.php(58): Illuminate\\Pipeline\\Pipeline->Illuminate\\Pipeline\\{closure}(Object(Illuminate\\Http\\Request))
#44 C:\\xampp\\htdocs\\final-project-nf\\prelovedcampus\\vendor\\laravel\\framework\\src\\Illuminate\\Pipeline\\Pipeline.php(183): Illuminate\\Http\\Middleware\\TrustProxies->handle(Object(Illuminate\\Http\\Request), Object(Closure))
#45 C:\\xampp\\htdocs\\final-project-nf\\prelovedcampus\\vendor\\laravel\\framework\\src\\Illuminate\\Foundation\\Http\\Middleware\\InvokeDeferredCallbacks.php(22): Illuminate\\Pipeline\\Pipeline->Illuminate\\Pipeline\\{closure}(Object(Illuminate\\Http\\Request))
#46 C:\\xampp\\htdocs\\final-project-nf\\prelovedcampus\\vendor\\laravel\\framework\\src\\Illuminate\\Pipeline\\Pipeline.php(183): Illuminate\\Foundation\\Http\\Middleware\\InvokeDeferredCallbacks->handle(Object(Illuminate\\Http\\Request), Object(Closure))
#47 C:\\xampp\\htdocs\\final-project-nf\\prelovedcampus\\vendor\\laravel\\framework\\src\\Illuminate\\Pipeline\\Pipeline.php(119): Illuminate\\Pipeline\\Pipeline->Illuminate\\Pipeline\\{closure}(Object(Illuminate\\Http\\Request))
#48 C:\\xampp\\htdocs\\final-project-nf\\prelovedcampus\\vendor\\laravel\\framework\\src\\Illuminate\\Foundation\\Http\\Kernel.php(176): Illuminate\\Pipeline\\Pipeline->then(Object(Closure))
#49 C:\\xampp\\htdocs\\final-project-nf\\prelovedcampus\\vendor\\laravel\\framework\\src\\Illuminate\\Foundation\\Http\\Kernel.php(145): Illuminate\\Foundation\\Http\\Kernel->sendRequestThroughRouter(Object(Illuminate\\Http\\Request))
#50 C:\\xampp\\htdocs\\final-project-nf\\prelovedcampus\\vendor\\laravel\\framework\\src\\Illuminate\\Foundation\\Application.php(1188): Illuminate\\Foundation\\Http\\Kernel->handle(Object(Illuminate\\Http\\Request))
#51 C:\\xampp\\htdocs\\final-project-nf\\prelovedcampus\\public\\index.php(17): Illuminate\\Foundation\\Application->handleRequest(Object(Illuminate\\Http\\Request))
#52 C:\\xampp\\htdocs\\final-project-nf\\prelovedcampus\\vendor\\laravel\\framework\\src\\Illuminate\\Foundation\\resources\\server.php(23): require_once('C:\\\\xampp\\\\htdocs...')
#53 {main}
"} 
[2024-11-11 18:12:45] local.ERROR: SQLSTATE[HY000]: General error: 1364 Field 'name' doesn't have a default value (Connection: mysql, SQL: insert into `users` (`updated_at`, `created_at`) values (2024-11-11 18:12:45, 2024-11-11 18:12:45)) {"exception":"[object] (Illuminate\\Database\\QueryException(code: HY000): SQLSTATE[HY000]: General error: 1364 Field 'name' doesn't have a default value (Connection: mysql, SQL: insert into `users` (`updated_at`, `created_at`) values (2024-11-11 18:12:45, 2024-11-11 18:12:45)) at C:\\xampp\\htdocs\\final-project-nf\\prelovedcampus\\vendor\\laravel\\framework\\src\\Illuminate\\Database\\Connection.php:825)
[stacktrace]
#0 C:\\xampp\\htdocs\\final-project-nf\\prelovedcampus\\vendor\\laravel\\framework\\src\\Illuminate\\Database\\Connection.php(779): Illuminate\\Database\\Connection->runQueryCallback('insert into `us...', Array, Object(Closure))
#1 C:\\xampp\\htdocs\\final-project-nf\\prelovedcampus\\vendor\\laravel\\framework\\src\\Illuminate\\Database\\MySqlConnection.php(42): Illuminate\\Database\\Connection->run('insert into `us...', Array, Object(Closure))
#2 C:\\xampp\\htdocs\\final-project-nf\\prelovedcampus\\vendor\\laravel\\framework\\src\\Illuminate\\Database\\Query\\Processors\\MySqlProcessor.php(35): Illuminate\\Database\\MySqlConnection->insert('insert into `us...', Array, 'id')
#3 C:\\xampp\\htdocs\\final-project-nf\\prelovedcampus\\vendor\\laravel\\framework\\src\\Illuminate\\Database\\Query\\Builder.php(3798): Illuminate\\Database\\Query\\Processors\\MySqlProcessor->processInsertGetId(Object(Illuminate\\Database\\Query\\Builder), 'insert into `us...', Array, 'id')
#4 C:\\xampp\\htdocs\\final-project-nf\\prelovedcampus\\vendor\\laravel\\framework\\src\\Illuminate\\Database\\Eloquent\\Builder.php(2038): Illuminate\\Database\\Query\\Builder->insertGetId(Array, 'id')
#5 C:\\xampp\\htdocs\\final-project-nf\\prelovedcampus\\vendor\\laravel\\framework\\src\\Illuminate\\Database\\Eloquent\\Model.php(1358): Illuminate\\Database\\Eloquent\\Builder->__call('insertGetId', Array)
#6 C:\\xampp\\htdocs\\final-project-nf\\prelovedcampus\\vendor\\laravel\\framework\\src\\Illuminate\\Database\\Eloquent\\Model.php(1323): Illuminate\\Database\\Eloquent\\Model->insertAndSetId(Object(Illuminate\\Database\\Eloquent\\Builder), Array)
#7 C:\\xampp\\htdocs\\final-project-nf\\prelovedcampus\\vendor\\laravel\\framework\\src\\Illuminate\\Database\\Eloquent\\Model.php(1162): Illuminate\\Database\\Eloquent\\Model->performInsert(Object(Illuminate\\Database\\Eloquent\\Builder))
#8 C:\\xampp\\htdocs\\final-project-nf\\prelovedcampus\\vendor\\laravel\\framework\\src\\Illuminate\\Database\\Eloquent\\Builder.php(1079): Illuminate\\Database\\Eloquent\\Model->save()
#9 C:\\xampp\\htdocs\\final-project-nf\\prelovedcampus\\vendor\\laravel\\framework\\src\\Illuminate\\Support\\helpers.php(380): Illuminate\\Database\\Eloquent\\Builder->Illuminate\\Database\\Eloquent\\{closure}(Object(App\\Models\\User))
#10 C:\\xampp\\htdocs\\final-project-nf\\prelovedcampus\\vendor\\laravel\\framework\\src\\Illuminate\\Database\\Eloquent\\Builder.php(1078): tap(Object(App\\Models\\User), Object(Closure))
#11 C:\\xampp\\htdocs\\final-project-nf\\prelovedcampus\\vendor\\laravel\\framework\\src\\Illuminate\\Support\\Traits\\ForwardsCalls.php(23): Illuminate\\Database\\Eloquent\\Builder->create(Array)
#12 C:\\xampp\\htdocs\\final-project-nf\\prelovedcampus\\vendor\\laravel\\framework\\src\\Illuminate\\Database\\Eloquent\\Model.php(2367): Illuminate\\Database\\Eloquent\\Model->forwardCallTo(Object(Illuminate\\Database\\Eloquent\\Builder), 'create', Array)
#13 C:\\xampp\\htdocs\\final-project-nf\\prelovedcampus\\vendor\\laravel\\framework\\src\\Illuminate\\Database\\Eloquent\\Model.php(2379): Illuminate\\Database\\Eloquent\\Model->__call('create', Array)
#14 C:\\xampp\\htdocs\\final-project-nf\\prelovedcampus\\app\\Http\\Controllers\\UserController.php(51): Illuminate\\Database\\Eloquent\\Model::__callStatic('create', Array)
#15 C:\\xampp\\htdocs\\final-project-nf\\prelovedcampus\\vendor\\laravel\\framework\\src\\Illuminate\\Routing\\ControllerDispatcher.php(46): App\\Http\\Controllers\\UserController->store(Object(Illuminate\\Http\\Request))
#16 C:\\xampp\\htdocs\\final-project-nf\\prelovedcampus\\vendor\\laravel\\framework\\src\\Illuminate\\Routing\\Route.php(264): Illuminate\\Routing\\ControllerDispatcher->dispatch(Object(Illuminate\\Routing\\Route), Object(App\\Http\\Controllers\\UserController), 'store')
#17 C:\\xampp\\htdocs\\final-project-nf\\prelovedcampus\\vendor\\laravel\\framework\\src\\Illuminate\\Routing\\Route.php(210): Illuminate\\Routing\\Route->runController()
#18 C:\\xampp\\htdocs\\final-project-nf\\prelovedcampus\\vendor\\laravel\\framework\\src\\Illuminate\\Routing\\Router.php(808): Illuminate\\Routing\\Route->run()
#19 C:\\xampp\\htdocs\\final-project-nf\\prelovedcampus\\vendor\\laravel\\framework\\src\\Illuminate\\Pipeline\\Pipeline.php(144): Illuminate\\Routing\\Router->Illuminate\\Routing\\{closure}(Object(Illuminate\\Http\\Request))
#20 C:\\xampp\\htdocs\\final-project-nf\\prelovedcampus\\vendor\\laravel\\framework\\src\\Illuminate\\Routing\\Middleware\\SubstituteBindings.php(51): Illuminate\\Pipeline\\Pipeline->Illuminate\\Pipeline\\{closure}(Object(Illuminate\\Http\\Request))
#21 C:\\xampp\\htdocs\\final-project-nf\\prelovedcampus\\vendor\\laravel\\framework\\src\\Illuminate\\Pipeline\\Pipeline.php(183): Illuminate\\Routing\\Middleware\\SubstituteBindings->handle(Object(Illuminate\\Http\\Request), Object(Closure))
#22 C:\\xampp\\htdocs\\final-project-nf\\prelovedcampus\\vendor\\laravel\\framework\\src\\Illuminate\\Pipeline\\Pipeline.php(119): Illuminate\\Pipeline\\Pipeline->Illuminate\\Pipeline\\{closure}(Object(Illuminate\\Http\\Request))
#23 C:\\xampp\\htdocs\\final-project-nf\\prelovedcampus\\vendor\\laravel\\framework\\src\\Illuminate\\Routing\\Router.php(807): Illuminate\\Pipeline\\Pipeline->then(Object(Closure))
#24 C:\\xampp\\htdocs\\final-project-nf\\prelovedcampus\\vendor\\laravel\\framework\\src\\Illuminate\\Routing\\Router.php(786): Illuminate\\Routing\\Router->runRouteWithinStack(Object(Illuminate\\Routing\\Route), Object(Illuminate\\Http\\Request))
#25 C:\\xampp\\htdocs\\final-project-nf\\prelovedcampus\\vendor\\laravel\\framework\\src\\Illuminate\\Routing\\Router.php(750): Illuminate\\Routing\\Router->runRoute(Object(Illuminate\\Http\\Request), Object(Illuminate\\Routing\\Route))
#26 C:\\xampp\\htdocs\\final-project-nf\\prelovedcampus\\vendor\\laravel\\framework\\src\\Illuminate\\Routing\\Router.php(739): Illuminate\\Routing\\Router->dispatchToRoute(Object(Illuminate\\Http\\Request))
#27 C:\\xampp\\htdocs\\final-project-nf\\prelovedcampus\\vendor\\laravel\\framework\\src\\Illuminate\\Foundation\\Http\\Kernel.php(201): Illuminate\\Routing\\Router->dispatch(Object(Illuminate\\Http\\Request))
#28 C:\\xampp\\htdocs\\final-project-nf\\prelovedcampus\\vendor\\laravel\\framework\\src\\Illuminate\\Pipeline\\Pipeline.php(144): Illuminate\\Foundation\\Http\\Kernel->Illuminate\\Foundation\\Http\\{closure}(Object(Illuminate\\Http\\Request))
#29 C:\\xampp\\htdocs\\final-project-nf\\prelovedcampus\\vendor\\laravel\\framework\\src\\Illuminate\\Foundation\\Http\\Middleware\\TransformsRequest.php(21): Illuminate\\Pipeline\\Pipeline->Illuminate\\Pipeline\\{closure}(Object(Illuminate\\Http\\Request))
#30 C:\\xampp\\htdocs\\final-project-nf\\prelovedcampus\\vendor\\laravel\\framework\\src\\Illuminate\\Foundation\\Http\\Middleware\\ConvertEmptyStringsToNull.php(31): Illuminate\\Foundation\\Http\\Middleware\\TransformsRequest->handle(Object(Illuminate\\Http\\Request), Object(Closure))
#31 C:\\xampp\\htdocs\\final-project-nf\\prelovedcampus\\vendor\\laravel\\framework\\src\\Illuminate\\Pipeline\\Pipeline.php(183): Illuminate\\Foundation\\Http\\Middleware\\ConvertEmptyStringsToNull->handle(Object(Illuminate\\Http\\Request), Object(Closure))
#32 C:\\xampp\\htdocs\\final-project-nf\\prelovedcampus\\vendor\\laravel\\framework\\src\\Illuminate\\Foundation\\Http\\Middleware\\TransformsRequest.php(21): Illuminate\\Pipeline\\Pipeline->Illuminate\\Pipeline\\{closure}(Object(Illuminate\\Http\\Request))
#33 C:\\xampp\\htdocs\\final-project-nf\\prelovedcampus\\vendor\\laravel\\framework\\src\\Illuminate\\Foundation\\Http\\Middleware\\TrimStrings.php(51): Illuminate\\Foundation\\Http\\Middleware\\TransformsRequest->handle(Object(Illuminate\\Http\\Request), Object(Closure))
#34 C:\\xampp\\htdocs\\final-project-nf\\prelovedcampus\\vendor\\laravel\\framework\\src\\Illuminate\\Pipeline\\Pipeline.php(183): Illuminate\\Foundation\\Http\\Middleware\\TrimStrings->handle(Object(Illuminate\\Http\\Request), Object(Closure))
#35 C:\\xampp\\htdocs\\final-project-nf\\prelovedcampus\\vendor\\laravel\\framework\\src\\Illuminate\\Http\\Middleware\\ValidatePostSize.php(27): Illuminate\\Pipeline\\Pipeline->Illuminate\\Pipeline\\{closure}(Object(Illuminate\\Http\\Request))
#36 C:\\xampp\\htdocs\\final-project-nf\\prelovedcampus\\vendor\\laravel\\framework\\src\\Illuminate\\Pipeline\\Pipeline.php(183): Illuminate\\Http\\Middleware\\ValidatePostSize->handle(Object(Illuminate\\Http\\Request), Object(Closure))
#37 C:\\xampp\\htdocs\\final-project-nf\\prelovedcampus\\vendor\\laravel\\framework\\src\\Illuminate\\Foundation\\Http\\Middleware\\PreventRequestsDuringMaintenance.php(110): Illuminate\\Pipeline\\Pipeline->Illuminate\\Pipeline\\{closure}(Object(Illuminate\\Http\\Request))
#38 C:\\xampp\\htdocs\\final-project-nf\\prelovedcampus\\vendor\\laravel\\framework\\src\\Illuminate\\Pipeline\\Pipeline.php(183): Illuminate\\Foundation\\Http\\Middleware\\PreventRequestsDuringMaintenance->handle(Object(Illuminate\\Http\\Request), Object(Closure))
#39 C:\\xampp\\htdocs\\final-project-nf\\prelovedcampus\\vendor\\laravel\\framework\\src\\Illuminate\\Http\\Middleware\\HandleCors.php(62): Illuminate\\Pipeline\\Pipeline->Illuminate\\Pipeline\\{closure}(Object(Illuminate\\Http\\Request))
#40 C:\\xampp\\htdocs\\final-project-nf\\prelovedcampus\\vendor\\laravel\\framework\\src\\Illuminate\\Pipeline\\Pipeline.php(183): Illuminate\\Http\\Middleware\\HandleCors->handle(Object(Illuminate\\Http\\Request), Object(Closure))
#41 C:\\xampp\\htdocs\\final-project-nf\\prelovedcampus\\vendor\\laravel\\framework\\src\\Illuminate\\Http\\Middleware\\TrustProxies.php(58): Illuminate\\Pipeline\\Pipeline->Illuminate\\Pipeline\\{closure}(Object(Illuminate\\Http\\Request))
#42 C:\\xampp\\htdocs\\final-project-nf\\prelovedcampus\\vendor\\laravel\\framework\\src\\Illuminate\\Pipeline\\Pipeline.php(183): Illuminate\\Http\\Middleware\\TrustProxies->handle(Object(Illuminate\\Http\\Request), Object(Closure))
#43 C:\\xampp\\htdocs\\final-project-nf\\prelovedcampus\\vendor\\laravel\\framework\\src\\Illuminate\\Foundation\\Http\\Middleware\\InvokeDeferredCallbacks.php(22): Illuminate\\Pipeline\\Pipeline->Illuminate\\Pipeline\\{closure}(Object(Illuminate\\Http\\Request))
#44 C:\\xampp\\htdocs\\final-project-nf\\prelovedcampus\\vendor\\laravel\\framework\\src\\Illuminate\\Pipeline\\Pipeline.php(183): Illuminate\\Foundation\\Http\\Middleware\\InvokeDeferredCallbacks->handle(Object(Illuminate\\Http\\Request), Object(Closure))
#45 C:\\xampp\\htdocs\\final-project-nf\\prelovedcampus\\vendor\\laravel\\framework\\src\\Illuminate\\Pipeline\\Pipeline.php(119): Illuminate\\Pipeline\\Pipeline->Illuminate\\Pipeline\\{closure}(Object(Illuminate\\Http\\Request))
#46 C:\\xampp\\htdocs\\final-project-nf\\prelovedcampus\\vendor\\laravel\\framework\\src\\Illuminate\\Foundation\\Http\\Kernel.php(176): Illuminate\\Pipeline\\Pipeline->then(Object(Closure))
#47 C:\\xampp\\htdocs\\final-project-nf\\prelovedcampus\\vendor\\laravel\\framework\\src\\Illuminate\\Foundation\\Http\\Kernel.php(145): Illuminate\\Foundation\\Http\\Kernel->sendRequestThroughRouter(Object(Illuminate\\Http\\Request))
#48 C:\\xampp\\htdocs\\final-project-nf\\prelovedcampus\\vendor\\laravel\\framework\\src\\Illuminate\\Foundation\\Application.php(1188): Illuminate\\Foundation\\Http\\Kernel->handle(Object(Illuminate\\Http\\Request))
#49 C:\\xampp\\htdocs\\final-project-nf\\prelovedcampus\\public\\index.php(17): Illuminate\\Foundation\\Application->handleRequest(Object(Illuminate\\Http\\Request))
#50 C:\\xampp\\htdocs\\final-project-nf\\prelovedcampus\\vendor\\laravel\\framework\\src\\Illuminate\\Foundation\\resources\\server.php(23): require_once('C:\\\\xampp\\\\htdocs...')
#51 {main}

[previous exception] [object] (PDOException(code: HY000): SQLSTATE[HY000]: General error: 1364 Field 'name' doesn't have a default value at C:\\xampp\\htdocs\\final-project-nf\\prelovedcampus\\vendor\\laravel\\framework\\src\\Illuminate\\Database\\MySqlConnection.php:53)
[stacktrace]
#0 C:\\xampp\\htdocs\\final-project-nf\\prelovedcampus\\vendor\\laravel\\framework\\src\\Illuminate\\Database\\MySqlConnection.php(53): PDOStatement->execute()
#1 C:\\xampp\\htdocs\\final-project-nf\\prelovedcampus\\vendor\\laravel\\framework\\src\\Illuminate\\Database\\Connection.php(812): Illuminate\\Database\\MySqlConnection->Illuminate\\Database\\{closure}('insert into `us...', Array)
#2 C:\\xampp\\htdocs\\final-project-nf\\prelovedcampus\\vendor\\laravel\\framework\\src\\Illuminate\\Database\\Connection.php(779): Illuminate\\Database\\Connection->runQueryCallback('insert into `us...', Array, Object(Closure))
#3 C:\\xampp\\htdocs\\final-project-nf\\prelovedcampus\\vendor\\laravel\\framework\\src\\Illuminate\\Database\\MySqlConnection.php(42): Illuminate\\Database\\Connection->run('insert into `us...', Array, Object(Closure))
#4 C:\\xampp\\htdocs\\final-project-nf\\prelovedcampus\\vendor\\laravel\\framework\\src\\Illuminate\\Database\\Query\\Processors\\MySqlProcessor.php(35): Illuminate\\Database\\MySqlConnection->insert('insert into `us...', Array, 'id')
#5 C:\\xampp\\htdocs\\final-project-nf\\prelovedcampus\\vendor\\laravel\\framework\\src\\Illuminate\\Database\\Query\\Builder.php(3798): Illuminate\\Database\\Query\\Processors\\MySqlProcessor->processInsertGetId(Object(Illuminate\\Database\\Query\\Builder), 'insert into `us...', Array, 'id')
#6 C:\\xampp\\htdocs\\final-project-nf\\prelovedcampus\\vendor\\laravel\\framework\\src\\Illuminate\\Database\\Eloquent\\Builder.php(2038): Illuminate\\Database\\Query\\Builder->insertGetId(Array, 'id')
#7 C:\\xampp\\htdocs\\final-project-nf\\prelovedcampus\\vendor\\laravel\\framework\\src\\Illuminate\\Database\\Eloquent\\Model.php(1358): Illuminate\\Database\\Eloquent\\Builder->__call('insertGetId', Array)
#8 C:\\xampp\\htdocs\\final-project-nf\\prelovedcampus\\vendor\\laravel\\framework\\src\\Illuminate\\Database\\Eloquent\\Model.php(1323): Illuminate\\Database\\Eloquent\\Model->insertAndSetId(Object(Illuminate\\Database\\Eloquent\\Builder), Array)
#9 C:\\xampp\\htdocs\\final-project-nf\\prelovedcampus\\vendor\\laravel\\framework\\src\\Illuminate\\Database\\Eloquent\\Model.php(1162): Illuminate\\Database\\Eloquent\\Model->performInsert(Object(Illuminate\\Database\\Eloquent\\Builder))
#10 C:\\xampp\\htdocs\\final-project-nf\\prelovedcampus\\vendor\\laravel\\framework\\src\\Illuminate\\Database\\Eloquent\\Builder.php(1079): Illuminate\\Database\\Eloquent\\Model->save()
#11 C:\\xampp\\htdocs\\final-project-nf\\prelovedcampus\\vendor\\laravel\\framework\\src\\Illuminate\\Support\\helpers.php(380): Illuminate\\Database\\Eloquent\\Builder->Illuminate\\Database\\Eloquent\\{closure}(Object(App\\Models\\User))
#12 C:\\xampp\\htdocs\\final-project-nf\\prelovedcampus\\vendor\\laravel\\framework\\src\\Illuminate\\Database\\Eloquent\\Builder.php(1078): tap(Object(App\\Models\\User), Object(Closure))
#13 C:\\xampp\\htdocs\\final-project-nf\\prelovedcampus\\vendor\\laravel\\framework\\src\\Illuminate\\Support\\Traits\\ForwardsCalls.php(23): Illuminate\\Database\\Eloquent\\Builder->create(Array)
#14 C:\\xampp\\htdocs\\final-project-nf\\prelovedcampus\\vendor\\laravel\\framework\\src\\Illuminate\\Database\\Eloquent\\Model.php(2367): Illuminate\\Database\\Eloquent\\Model->forwardCallTo(Object(Illuminate\\Database\\Eloquent\\Builder), 'create', Array)
#15 C:\\xampp\\htdocs\\final-project-nf\\prelovedcampus\\vendor\\laravel\\framework\\src\\Illuminate\\Database\\Eloquent\\Model.php(2379): Illuminate\\Database\\Eloquent\\Model->__call('create', Array)
#16 C:\\xampp\\htdocs\\final-project-nf\\prelovedcampus\\app\\Http\\Controllers\\UserController.php(51): Illuminate\\Database\\Eloquent\\Model::__callStatic('create', Array)
#17 C:\\xampp\\htdocs\\final-project-nf\\prelovedcampus\\vendor\\laravel\\framework\\src\\Illuminate\\Routing\\ControllerDispatcher.php(46): App\\Http\\Controllers\\UserController->store(Object(Illuminate\\Http\\Request))
#18 C:\\xampp\\htdocs\\final-project-nf\\prelovedcampus\\vendor\\laravel\\framework\\src\\Illuminate\\Routing\\Route.php(264): Illuminate\\Routing\\ControllerDispatcher->dispatch(Object(Illuminate\\Routing\\Route), Object(App\\Http\\Controllers\\UserController), 'store')
#19 C:\\xampp\\htdocs\\final-project-nf\\prelovedcampus\\vendor\\laravel\\framework\\src\\Illuminate\\Routing\\Route.php(210): Illuminate\\Routing\\Route->runController()
#20 C:\\xampp\\htdocs\\final-project-nf\\prelovedcampus\\vendor\\laravel\\framework\\src\\Illuminate\\Routing\\Router.php(808): Illuminate\\Routing\\Route->run()
#21 C:\\xampp\\htdocs\\final-project-nf\\prelovedcampus\\vendor\\laravel\\framework\\src\\Illuminate\\Pipeline\\Pipeline.php(144): Illuminate\\Routing\\Router->Illuminate\\Routing\\{closure}(Object(Illuminate\\Http\\Request))
#22 C:\\xampp\\htdocs\\final-project-nf\\prelovedcampus\\vendor\\laravel\\framework\\src\\Illuminate\\Routing\\Middleware\\SubstituteBindings.php(51): Illuminate\\Pipeline\\Pipeline->Illuminate\\Pipeline\\{closure}(Object(Illuminate\\Http\\Request))
#23 C:\\xampp\\htdocs\\final-project-nf\\prelovedcampus\\vendor\\laravel\\framework\\src\\Illuminate\\Pipeline\\Pipeline.php(183): Illuminate\\Routing\\Middleware\\SubstituteBindings->handle(Object(Illuminate\\Http\\Request), Object(Closure))
#24 C:\\xampp\\htdocs\\final-project-nf\\prelovedcampus\\vendor\\laravel\\framework\\src\\Illuminate\\Pipeline\\Pipeline.php(119): Illuminate\\Pipeline\\Pipeline->Illuminate\\Pipeline\\{closure}(Object(Illuminate\\Http\\Request))
#25 C:\\xampp\\htdocs\\final-project-nf\\prelovedcampus\\vendor\\laravel\\framework\\src\\Illuminate\\Routing\\Router.php(807): Illuminate\\Pipeline\\Pipeline->then(Object(Closure))
#26 C:\\xampp\\htdocs\\final-project-nf\\prelovedcampus\\vendor\\laravel\\framework\\src\\Illuminate\\Routing\\Router.php(786): Illuminate\\Routing\\Router->runRouteWithinStack(Object(Illuminate\\Routing\\Route), Object(Illuminate\\Http\\Request))
#27 C:\\xampp\\htdocs\\final-project-nf\\prelovedcampus\\vendor\\laravel\\framework\\src\\Illuminate\\Routing\\Router.php(750): Illuminate\\Routing\\Router->runRoute(Object(Illuminate\\Http\\Request), Object(Illuminate\\Routing\\Route))
#28 C:\\xampp\\htdocs\\final-project-nf\\prelovedcampus\\vendor\\laravel\\framework\\src\\Illuminate\\Routing\\Router.php(739): Illuminate\\Routing\\Router->dispatchToRoute(Object(Illuminate\\Http\\Request))
#29 C:\\xampp\\htdocs\\final-project-nf\\prelovedcampus\\vendor\\laravel\\framework\\src\\Illuminate\\Foundation\\Http\\Kernel.php(201): Illuminate\\Routing\\Router->dispatch(Object(Illuminate\\Http\\Request))
#30 C:\\xampp\\htdocs\\final-project-nf\\prelovedcampus\\vendor\\laravel\\framework\\src\\Illuminate\\Pipeline\\Pipeline.php(144): Illuminate\\Foundation\\Http\\Kernel->Illuminate\\Foundation\\Http\\{closure}(Object(Illuminate\\Http\\Request))
#31 C:\\xampp\\htdocs\\final-project-nf\\prelovedcampus\\vendor\\laravel\\framework\\src\\Illuminate\\Foundation\\Http\\Middleware\\TransformsRequest.php(21): Illuminate\\Pipeline\\Pipeline->Illuminate\\Pipeline\\{closure}(Object(Illuminate\\Http\\Request))
#32 C:\\xampp\\htdocs\\final-project-nf\\prelovedcampus\\vendor\\laravel\\framework\\src\\Illuminate\\Foundation\\Http\\Middleware\\ConvertEmptyStringsToNull.php(31): Illuminate\\Foundation\\Http\\Middleware\\TransformsRequest->handle(Object(Illuminate\\Http\\Request), Object(Closure))
#33 C:\\xampp\\htdocs\\final-project-nf\\prelovedcampus\\vendor\\laravel\\framework\\src\\Illuminate\\Pipeline\\Pipeline.php(183): Illuminate\\Foundation\\Http\\Middleware\\ConvertEmptyStringsToNull->handle(Object(Illuminate\\Http\\Request), Object(Closure))
#34 C:\\xampp\\htdocs\\final-project-nf\\prelovedcampus\\vendor\\laravel\\framework\\src\\Illuminate\\Foundation\\Http\\Middleware\\TransformsRequest.php(21): Illuminate\\Pipeline\\Pipeline->Illuminate\\Pipeline\\{closure}(Object(Illuminate\\Http\\Request))
#35 C:\\xampp\\htdocs\\final-project-nf\\prelovedcampus\\vendor\\laravel\\framework\\src\\Illuminate\\Foundation\\Http\\Middleware\\TrimStrings.php(51): Illuminate\\Foundation\\Http\\Middleware\\TransformsRequest->handle(Object(Illuminate\\Http\\Request), Object(Closure))
#36 C:\\xampp\\htdocs\\final-project-nf\\prelovedcampus\\vendor\\laravel\\framework\\src\\Illuminate\\Pipeline\\Pipeline.php(183): Illuminate\\Foundation\\Http\\Middleware\\TrimStrings->handle(Object(Illuminate\\Http\\Request), Object(Closure))
#37 C:\\xampp\\htdocs\\final-project-nf\\prelovedcampus\\vendor\\laravel\\framework\\src\\Illuminate\\Http\\Middleware\\ValidatePostSize.php(27): Illuminate\\Pipeline\\Pipeline->Illuminate\\Pipeline\\{closure}(Object(Illuminate\\Http\\Request))
#38 C:\\xampp\\htdocs\\final-project-nf\\prelovedcampus\\vendor\\laravel\\framework\\src\\Illuminate\\Pipeline\\Pipeline.php(183): Illuminate\\Http\\Middleware\\ValidatePostSize->handle(Object(Illuminate\\Http\\Request), Object(Closure))
#39 C:\\xampp\\htdocs\\final-project-nf\\prelovedcampus\\vendor\\laravel\\framework\\src\\Illuminate\\Foundation\\Http\\Middleware\\PreventRequestsDuringMaintenance.php(110): Illuminate\\Pipeline\\Pipeline->Illuminate\\Pipeline\\{closure}(Object(Illuminate\\Http\\Request))
#40 C:\\xampp\\htdocs\\final-project-nf\\prelovedcampus\\vendor\\laravel\\framework\\src\\Illuminate\\Pipeline\\Pipeline.php(183): Illuminate\\Foundation\\Http\\Middleware\\PreventRequestsDuringMaintenance->handle(Object(Illuminate\\Http\\Request), Object(Closure))
#41 C:\\xampp\\htdocs\\final-project-nf\\prelovedcampus\\vendor\\laravel\\framework\\src\\Illuminate\\Http\\Middleware\\HandleCors.php(62): Illuminate\\Pipeline\\Pipeline->Illuminate\\Pipeline\\{closure}(Object(Illuminate\\Http\\Request))
#42 C:\\xampp\\htdocs\\final-project-nf\\prelovedcampus\\vendor\\laravel\\framework\\src\\Illuminate\\Pipeline\\Pipeline.php(183): Illuminate\\Http\\Middleware\\HandleCors->handle(Object(Illuminate\\Http\\Request), Object(Closure))
#43 C:\\xampp\\htdocs\\final-project-nf\\prelovedcampus\\vendor\\laravel\\framework\\src\\Illuminate\\Http\\Middleware\\TrustProxies.php(58): Illuminate\\Pipeline\\Pipeline->Illuminate\\Pipeline\\{closure}(Object(Illuminate\\Http\\Request))
#44 C:\\xampp\\htdocs\\final-project-nf\\prelovedcampus\\vendor\\laravel\\framework\\src\\Illuminate\\Pipeline\\Pipeline.php(183): Illuminate\\Http\\Middleware\\TrustProxies->handle(Object(Illuminate\\Http\\Request), Object(Closure))
#45 C:\\xampp\\htdocs\\final-project-nf\\prelovedcampus\\vendor\\laravel\\framework\\src\\Illuminate\\Foundation\\Http\\Middleware\\InvokeDeferredCallbacks.php(22): Illuminate\\Pipeline\\Pipeline->Illuminate\\Pipeline\\{closure}(Object(Illuminate\\Http\\Request))
#46 C:\\xampp\\htdocs\\final-project-nf\\prelovedcampus\\vendor\\laravel\\framework\\src\\Illuminate\\Pipeline\\Pipeline.php(183): Illuminate\\Foundation\\Http\\Middleware\\InvokeDeferredCallbacks->handle(Object(Illuminate\\Http\\Request), Object(Closure))
#47 C:\\xampp\\htdocs\\final-project-nf\\prelovedcampus\\vendor\\laravel\\framework\\src\\Illuminate\\Pipeline\\Pipeline.php(119): Illuminate\\Pipeline\\Pipeline->Illuminate\\Pipeline\\{closure}(Object(Illuminate\\Http\\Request))
#48 C:\\xampp\\htdocs\\final-project-nf\\prelovedcampus\\vendor\\laravel\\framework\\src\\Illuminate\\Foundation\\Http\\Kernel.php(176): Illuminate\\Pipeline\\Pipeline->then(Object(Closure))
#49 C:\\xampp\\htdocs\\final-project-nf\\prelovedcampus\\vendor\\laravel\\framework\\src\\Illuminate\\Foundation\\Http\\Kernel.php(145): Illuminate\\Foundation\\Http\\Kernel->sendRequestThroughRouter(Object(Illuminate\\Http\\Request))
#50 C:\\xampp\\htdocs\\final-project-nf\\prelovedcampus\\vendor\\laravel\\framework\\src\\Illuminate\\Foundation\\Application.php(1188): Illuminate\\Foundation\\Http\\Kernel->handle(Object(Illuminate\\Http\\Request))
#51 C:\\xampp\\htdocs\\final-project-nf\\prelovedcampus\\public\\index.php(17): Illuminate\\Foundation\\Application->handleRequest(Object(Illuminate\\Http\\Request))
#52 C:\\xampp\\htdocs\\final-project-nf\\prelovedcampus\\vendor\\laravel\\framework\\src\\Illuminate\\Foundation\\resources\\server.php(23): require_once('C:\\\\xampp\\\\htdocs...')
#53 {main}
"} 
[2024-11-11 18:14:17] local.ERROR: SQLSTATE[42S22]: Column not found: 1054 Unknown column 'nama' in 'field list' (Connection: mysql, SQL: insert into `users` (`nama`, `email`, `password`, `foto`, `no_hp`, `alamat`, `role_id`, `updated_at`, `created_at`) values (Franky Delphi, franky@gmail.com, $2y$12$rBttREPISI2iZQT38mZ7J.w2cLYwHsegIFQtIEoEXKYrCabZ5/47K, franky.jpg, 43654365, Jl. Haji Rusdi No. 21, 2, 2024-11-11 18:14:17, 2024-11-11 18:14:17)) {"exception":"[object] (Illuminate\\Database\\QueryException(code: 42S22): SQLSTATE[42S22]: Column not found: 1054 Unknown column 'nama' in 'field list' (Connection: mysql, SQL: insert into `users` (`nama`, `email`, `password`, `foto`, `no_hp`, `alamat`, `role_id`, `updated_at`, `created_at`) values (Franky Delphi, franky@gmail.com, $2y$12$rBttREPISI2iZQT38mZ7J.w2cLYwHsegIFQtIEoEXKYrCabZ5/47K, franky.jpg, 43654365, Jl. Haji Rusdi No. 21, 2, 2024-11-11 18:14:17, 2024-11-11 18:14:17)) at C:\\xampp\\htdocs\\final-project-nf\\prelovedcampus\\vendor\\laravel\\framework\\src\\Illuminate\\Database\\Connection.php:825)
[stacktrace]
#0 C:\\xampp\\htdocs\\final-project-nf\\prelovedcampus\\vendor\\laravel\\framework\\src\\Illuminate\\Database\\Connection.php(779): Illuminate\\Database\\Connection->runQueryCallback('insert into `us...', Array, Object(Closure))
#1 C:\\xampp\\htdocs\\final-project-nf\\prelovedcampus\\vendor\\laravel\\framework\\src\\Illuminate\\Database\\MySqlConnection.php(42): Illuminate\\Database\\Connection->run('insert into `us...', Array, Object(Closure))
#2 C:\\xampp\\htdocs\\final-project-nf\\prelovedcampus\\vendor\\laravel\\framework\\src\\Illuminate\\Database\\Query\\Processors\\MySqlProcessor.php(35): Illuminate\\Database\\MySqlConnection->insert('insert into `us...', Array, 'id')
#3 C:\\xampp\\htdocs\\final-project-nf\\prelovedcampus\\vendor\\laravel\\framework\\src\\Illuminate\\Database\\Query\\Builder.php(3798): Illuminate\\Database\\Query\\Processors\\MySqlProcessor->processInsertGetId(Object(Illuminate\\Database\\Query\\Builder), 'insert into `us...', Array, 'id')
#4 C:\\xampp\\htdocs\\final-project-nf\\prelovedcampus\\vendor\\laravel\\framework\\src\\Illuminate\\Database\\Eloquent\\Builder.php(2038): Illuminate\\Database\\Query\\Builder->insertGetId(Array, 'id')
#5 C:\\xampp\\htdocs\\final-project-nf\\prelovedcampus\\vendor\\laravel\\framework\\src\\Illuminate\\Database\\Eloquent\\Model.php(1358): Illuminate\\Database\\Eloquent\\Builder->__call('insertGetId', Array)
#6 C:\\xampp\\htdocs\\final-project-nf\\prelovedcampus\\vendor\\laravel\\framework\\src\\Illuminate\\Database\\Eloquent\\Model.php(1323): Illuminate\\Database\\Eloquent\\Model->insertAndSetId(Object(Illuminate\\Database\\Eloquent\\Builder), Array)
#7 C:\\xampp\\htdocs\\final-project-nf\\prelovedcampus\\vendor\\laravel\\framework\\src\\Illuminate\\Database\\Eloquent\\Model.php(1162): Illuminate\\Database\\Eloquent\\Model->performInsert(Object(Illuminate\\Database\\Eloquent\\Builder))
#8 C:\\xampp\\htdocs\\final-project-nf\\prelovedcampus\\vendor\\laravel\\framework\\src\\Illuminate\\Database\\Eloquent\\Builder.php(1079): Illuminate\\Database\\Eloquent\\Model->save()
#9 C:\\xampp\\htdocs\\final-project-nf\\prelovedcampus\\vendor\\laravel\\framework\\src\\Illuminate\\Support\\helpers.php(380): Illuminate\\Database\\Eloquent\\Builder->Illuminate\\Database\\Eloquent\\{closure}(Object(App\\Models\\User))
#10 C:\\xampp\\htdocs\\final-project-nf\\prelovedcampus\\vendor\\laravel\\framework\\src\\Illuminate\\Database\\Eloquent\\Builder.php(1078): tap(Object(App\\Models\\User), Object(Closure))
#11 C:\\xampp\\htdocs\\final-project-nf\\prelovedcampus\\vendor\\laravel\\framework\\src\\Illuminate\\Support\\Traits\\ForwardsCalls.php(23): Illuminate\\Database\\Eloquent\\Builder->create(Array)
#12 C:\\xampp\\htdocs\\final-project-nf\\prelovedcampus\\vendor\\laravel\\framework\\src\\Illuminate\\Database\\Eloquent\\Model.php(2367): Illuminate\\Database\\Eloquent\\Model->forwardCallTo(Object(Illuminate\\Database\\Eloquent\\Builder), 'create', Array)
#13 C:\\xampp\\htdocs\\final-project-nf\\prelovedcampus\\vendor\\laravel\\framework\\src\\Illuminate\\Database\\Eloquent\\Model.php(2379): Illuminate\\Database\\Eloquent\\Model->__call('create', Array)
#14 C:\\xampp\\htdocs\\final-project-nf\\prelovedcampus\\app\\Http\\Controllers\\UserController.php(51): Illuminate\\Database\\Eloquent\\Model::__callStatic('create', Array)
#15 C:\\xampp\\htdocs\\final-project-nf\\prelovedcampus\\vendor\\laravel\\framework\\src\\Illuminate\\Routing\\ControllerDispatcher.php(46): App\\Http\\Controllers\\UserController->store(Object(Illuminate\\Http\\Request))
#16 C:\\xampp\\htdocs\\final-project-nf\\prelovedcampus\\vendor\\laravel\\framework\\src\\Illuminate\\Routing\\Route.php(264): Illuminate\\Routing\\ControllerDispatcher->dispatch(Object(Illuminate\\Routing\\Route), Object(App\\Http\\Controllers\\UserController), 'store')
#17 C:\\xampp\\htdocs\\final-project-nf\\prelovedcampus\\vendor\\laravel\\framework\\src\\Illuminate\\Routing\\Route.php(210): Illuminate\\Routing\\Route->runController()
#18 C:\\xampp\\htdocs\\final-project-nf\\prelovedcampus\\vendor\\laravel\\framework\\src\\Illuminate\\Routing\\Router.php(808): Illuminate\\Routing\\Route->run()
#19 C:\\xampp\\htdocs\\final-project-nf\\prelovedcampus\\vendor\\laravel\\framework\\src\\Illuminate\\Pipeline\\Pipeline.php(144): Illuminate\\Routing\\Router->Illuminate\\Routing\\{closure}(Object(Illuminate\\Http\\Request))
#20 C:\\xampp\\htdocs\\final-project-nf\\prelovedcampus\\vendor\\laravel\\framework\\src\\Illuminate\\Routing\\Middleware\\SubstituteBindings.php(51): Illuminate\\Pipeline\\Pipeline->Illuminate\\Pipeline\\{closure}(Object(Illuminate\\Http\\Request))
#21 C:\\xampp\\htdocs\\final-project-nf\\prelovedcampus\\vendor\\laravel\\framework\\src\\Illuminate\\Pipeline\\Pipeline.php(183): Illuminate\\Routing\\Middleware\\SubstituteBindings->handle(Object(Illuminate\\Http\\Request), Object(Closure))
#22 C:\\xampp\\htdocs\\final-project-nf\\prelovedcampus\\vendor\\laravel\\framework\\src\\Illuminate\\Pipeline\\Pipeline.php(119): Illuminate\\Pipeline\\Pipeline->Illuminate\\Pipeline\\{closure}(Object(Illuminate\\Http\\Request))
#23 C:\\xampp\\htdocs\\final-project-nf\\prelovedcampus\\vendor\\laravel\\framework\\src\\Illuminate\\Routing\\Router.php(807): Illuminate\\Pipeline\\Pipeline->then(Object(Closure))
#24 C:\\xampp\\htdocs\\final-project-nf\\prelovedcampus\\vendor\\laravel\\framework\\src\\Illuminate\\Routing\\Router.php(786): Illuminate\\Routing\\Router->runRouteWithinStack(Object(Illuminate\\Routing\\Route), Object(Illuminate\\Http\\Request))
#25 C:\\xampp\\htdocs\\final-project-nf\\prelovedcampus\\vendor\\laravel\\framework\\src\\Illuminate\\Routing\\Router.php(750): Illuminate\\Routing\\Router->runRoute(Object(Illuminate\\Http\\Request), Object(Illuminate\\Routing\\Route))
#26 C:\\xampp\\htdocs\\final-project-nf\\prelovedcampus\\vendor\\laravel\\framework\\src\\Illuminate\\Routing\\Router.php(739): Illuminate\\Routing\\Router->dispatchToRoute(Object(Illuminate\\Http\\Request))
#27 C:\\xampp\\htdocs\\final-project-nf\\prelovedcampus\\vendor\\laravel\\framework\\src\\Illuminate\\Foundation\\Http\\Kernel.php(201): Illuminate\\Routing\\Router->dispatch(Object(Illuminate\\Http\\Request))
#28 C:\\xampp\\htdocs\\final-project-nf\\prelovedcampus\\vendor\\laravel\\framework\\src\\Illuminate\\Pipeline\\Pipeline.php(144): Illuminate\\Foundation\\Http\\Kernel->Illuminate\\Foundation\\Http\\{closure}(Object(Illuminate\\Http\\Request))
#29 C:\\xampp\\htdocs\\final-project-nf\\prelovedcampus\\vendor\\laravel\\framework\\src\\Illuminate\\Foundation\\Http\\Middleware\\TransformsRequest.php(21): Illuminate\\Pipeline\\Pipeline->Illuminate\\Pipeline\\{closure}(Object(Illuminate\\Http\\Request))
#30 C:\\xampp\\htdocs\\final-project-nf\\prelovedcampus\\vendor\\laravel\\framework\\src\\Illuminate\\Foundation\\Http\\Middleware\\ConvertEmptyStringsToNull.php(31): Illuminate\\Foundation\\Http\\Middleware\\TransformsRequest->handle(Object(Illuminate\\Http\\Request), Object(Closure))
#31 C:\\xampp\\htdocs\\final-project-nf\\prelovedcampus\\vendor\\laravel\\framework\\src\\Illuminate\\Pipeline\\Pipeline.php(183): Illuminate\\Foundation\\Http\\Middleware\\ConvertEmptyStringsToNull->handle(Object(Illuminate\\Http\\Request), Object(Closure))
#32 C:\\xampp\\htdocs\\final-project-nf\\prelovedcampus\\vendor\\laravel\\framework\\src\\Illuminate\\Foundation\\Http\\Middleware\\TransformsRequest.php(21): Illuminate\\Pipeline\\Pipeline->Illuminate\\Pipeline\\{closure}(Object(Illuminate\\Http\\Request))
#33 C:\\xampp\\htdocs\\final-project-nf\\prelovedcampus\\vendor\\laravel\\framework\\src\\Illuminate\\Foundation\\Http\\Middleware\\TrimStrings.php(51): Illuminate\\Foundation\\Http\\Middleware\\TransformsRequest->handle(Object(Illuminate\\Http\\Request), Object(Closure))
#34 C:\\xampp\\htdocs\\final-project-nf\\prelovedcampus\\vendor\\laravel\\framework\\src\\Illuminate\\Pipeline\\Pipeline.php(183): Illuminate\\Foundation\\Http\\Middleware\\TrimStrings->handle(Object(Illuminate\\Http\\Request), Object(Closure))
#35 C:\\xampp\\htdocs\\final-project-nf\\prelovedcampus\\vendor\\laravel\\framework\\src\\Illuminate\\Http\\Middleware\\ValidatePostSize.php(27): Illuminate\\Pipeline\\Pipeline->Illuminate\\Pipeline\\{closure}(Object(Illuminate\\Http\\Request))
#36 C:\\xampp\\htdocs\\final-project-nf\\prelovedcampus\\vendor\\laravel\\framework\\src\\Illuminate\\Pipeline\\Pipeline.php(183): Illuminate\\Http\\Middleware\\ValidatePostSize->handle(Object(Illuminate\\Http\\Request), Object(Closure))
#37 C:\\xampp\\htdocs\\final-project-nf\\prelovedcampus\\vendor\\laravel\\framework\\src\\Illuminate\\Foundation\\Http\\Middleware\\PreventRequestsDuringMaintenance.php(110): Illuminate\\Pipeline\\Pipeline->Illuminate\\Pipeline\\{closure}(Object(Illuminate\\Http\\Request))
#38 C:\\xampp\\htdocs\\final-project-nf\\prelovedcampus\\vendor\\laravel\\framework\\src\\Illuminate\\Pipeline\\Pipeline.php(183): Illuminate\\Foundation\\Http\\Middleware\\PreventRequestsDuringMaintenance->handle(Object(Illuminate\\Http\\Request), Object(Closure))
#39 C:\\xampp\\htdocs\\final-project-nf\\prelovedcampus\\vendor\\laravel\\framework\\src\\Illuminate\\Http\\Middleware\\HandleCors.php(62): Illuminate\\Pipeline\\Pipeline->Illuminate\\Pipeline\\{closure}(Object(Illuminate\\Http\\Request))
#40 C:\\xampp\\htdocs\\final-project-nf\\prelovedcampus\\vendor\\laravel\\framework\\src\\Illuminate\\Pipeline\\Pipeline.php(183): Illuminate\\Http\\Middleware\\HandleCors->handle(Object(Illuminate\\Http\\Request), Object(Closure))
#41 C:\\xampp\\htdocs\\final-project-nf\\prelovedcampus\\vendor\\laravel\\framework\\src\\Illuminate\\Http\\Middleware\\TrustProxies.php(58): Illuminate\\Pipeline\\Pipeline->Illuminate\\Pipeline\\{closure}(Object(Illuminate\\Http\\Request))
#42 C:\\xampp\\htdocs\\final-project-nf\\prelovedcampus\\vendor\\laravel\\framework\\src\\Illuminate\\Pipeline\\Pipeline.php(183): Illuminate\\Http\\Middleware\\TrustProxies->handle(Object(Illuminate\\Http\\Request), Object(Closure))
#43 C:\\xampp\\htdocs\\final-project-nf\\prelovedcampus\\vendor\\laravel\\framework\\src\\Illuminate\\Foundation\\Http\\Middleware\\InvokeDeferredCallbacks.php(22): Illuminate\\Pipeline\\Pipeline->Illuminate\\Pipeline\\{closure}(Object(Illuminate\\Http\\Request))
#44 C:\\xampp\\htdocs\\final-project-nf\\prelovedcampus\\vendor\\laravel\\framework\\src\\Illuminate\\Pipeline\\Pipeline.php(183): Illuminate\\Foundation\\Http\\Middleware\\InvokeDeferredCallbacks->handle(Object(Illuminate\\Http\\Request), Object(Closure))
#45 C:\\xampp\\htdocs\\final-project-nf\\prelovedcampus\\vendor\\laravel\\framework\\src\\Illuminate\\Pipeline\\Pipeline.php(119): Illuminate\\Pipeline\\Pipeline->Illuminate\\Pipeline\\{closure}(Object(Illuminate\\Http\\Request))
#46 C:\\xampp\\htdocs\\final-project-nf\\prelovedcampus\\vendor\\laravel\\framework\\src\\Illuminate\\Foundation\\Http\\Kernel.php(176): Illuminate\\Pipeline\\Pipeline->then(Object(Closure))
#47 C:\\xampp\\htdocs\\final-project-nf\\prelovedcampus\\vendor\\laravel\\framework\\src\\Illuminate\\Foundation\\Http\\Kernel.php(145): Illuminate\\Foundation\\Http\\Kernel->sendRequestThroughRouter(Object(Illuminate\\Http\\Request))
#48 C:\\xampp\\htdocs\\final-project-nf\\prelovedcampus\\vendor\\laravel\\framework\\src\\Illuminate\\Foundation\\Application.php(1188): Illuminate\\Foundation\\Http\\Kernel->handle(Object(Illuminate\\Http\\Request))
#49 C:\\xampp\\htdocs\\final-project-nf\\prelovedcampus\\public\\index.php(17): Illuminate\\Foundation\\Application->handleRequest(Object(Illuminate\\Http\\Request))
#50 C:\\xampp\\htdocs\\final-project-nf\\prelovedcampus\\vendor\\laravel\\framework\\src\\Illuminate\\Foundation\\resources\\server.php(23): require_once('C:\\\\xampp\\\\htdocs...')
#51 {main}

[previous exception] [object] (PDOException(code: 42S22): SQLSTATE[42S22]: Column not found: 1054 Unknown column 'nama' in 'field list' at C:\\xampp\\htdocs\\final-project-nf\\prelovedcampus\\vendor\\laravel\\framework\\src\\Illuminate\\Database\\MySqlConnection.php:47)
[stacktrace]
#0 C:\\xampp\\htdocs\\final-project-nf\\prelovedcampus\\vendor\\laravel\\framework\\src\\Illuminate\\Database\\MySqlConnection.php(47): PDO->prepare('insert into `us...')
#1 C:\\xampp\\htdocs\\final-project-nf\\prelovedcampus\\vendor\\laravel\\framework\\src\\Illuminate\\Database\\Connection.php(812): Illuminate\\Database\\MySqlConnection->Illuminate\\Database\\{closure}('insert into `us...', Array)
#2 C:\\xampp\\htdocs\\final-project-nf\\prelovedcampus\\vendor\\laravel\\framework\\src\\Illuminate\\Database\\Connection.php(779): Illuminate\\Database\\Connection->runQueryCallback('insert into `us...', Array, Object(Closure))
#3 C:\\xampp\\htdocs\\final-project-nf\\prelovedcampus\\vendor\\laravel\\framework\\src\\Illuminate\\Database\\MySqlConnection.php(42): Illuminate\\Database\\Connection->run('insert into `us...', Array, Object(Closure))
#4 C:\\xampp\\htdocs\\final-project-nf\\prelovedcampus\\vendor\\laravel\\framework\\src\\Illuminate\\Database\\Query\\Processors\\MySqlProcessor.php(35): Illuminate\\Database\\MySqlConnection->insert('insert into `us...', Array, 'id')
#5 C:\\xampp\\htdocs\\final-project-nf\\prelovedcampus\\vendor\\laravel\\framework\\src\\Illuminate\\Database\\Query\\Builder.php(3798): Illuminate\\Database\\Query\\Processors\\MySqlProcessor->processInsertGetId(Object(Illuminate\\Database\\Query\\Builder), 'insert into `us...', Array, 'id')
#6 C:\\xampp\\htdocs\\final-project-nf\\prelovedcampus\\vendor\\laravel\\framework\\src\\Illuminate\\Database\\Eloquent\\Builder.php(2038): Illuminate\\Database\\Query\\Builder->insertGetId(Array, 'id')
#7 C:\\xampp\\htdocs\\final-project-nf\\prelovedcampus\\vendor\\laravel\\framework\\src\\Illuminate\\Database\\Eloquent\\Model.php(1358): Illuminate\\Database\\Eloquent\\Builder->__call('insertGetId', Array)
#8 C:\\xampp\\htdocs\\final-project-nf\\prelovedcampus\\vendor\\laravel\\framework\\src\\Illuminate\\Database\\Eloquent\\Model.php(1323): Illuminate\\Database\\Eloquent\\Model->insertAndSetId(Object(Illuminate\\Database\\Eloquent\\Builder), Array)
#9 C:\\xampp\\htdocs\\final-project-nf\\prelovedcampus\\vendor\\laravel\\framework\\src\\Illuminate\\Database\\Eloquent\\Model.php(1162): Illuminate\\Database\\Eloquent\\Model->performInsert(Object(Illuminate\\Database\\Eloquent\\Builder))
#10 C:\\xampp\\htdocs\\final-project-nf\\prelovedcampus\\vendor\\laravel\\framework\\src\\Illuminate\\Database\\Eloquent\\Builder.php(1079): Illuminate\\Database\\Eloquent\\Model->save()
#11 C:\\xampp\\htdocs\\final-project-nf\\prelovedcampus\\vendor\\laravel\\framework\\src\\Illuminate\\Support\\helpers.php(380): Illuminate\\Database\\Eloquent\\Builder->Illuminate\\Database\\Eloquent\\{closure}(Object(App\\Models\\User))
#12 C:\\xampp\\htdocs\\final-project-nf\\prelovedcampus\\vendor\\laravel\\framework\\src\\Illuminate\\Database\\Eloquent\\Builder.php(1078): tap(Object(App\\Models\\User), Object(Closure))
#13 C:\\xampp\\htdocs\\final-project-nf\\prelovedcampus\\vendor\\laravel\\framework\\src\\Illuminate\\Support\\Traits\\ForwardsCalls.php(23): Illuminate\\Database\\Eloquent\\Builder->create(Array)
#14 C:\\xampp\\htdocs\\final-project-nf\\prelovedcampus\\vendor\\laravel\\framework\\src\\Illuminate\\Database\\Eloquent\\Model.php(2367): Illuminate\\Database\\Eloquent\\Model->forwardCallTo(Object(Illuminate\\Database\\Eloquent\\Builder), 'create', Array)
#15 C:\\xampp\\htdocs\\final-project-nf\\prelovedcampus\\vendor\\laravel\\framework\\src\\Illuminate\\Database\\Eloquent\\Model.php(2379): Illuminate\\Database\\Eloquent\\Model->__call('create', Array)
#16 C:\\xampp\\htdocs\\final-project-nf\\prelovedcampus\\app\\Http\\Controllers\\UserController.php(51): Illuminate\\Database\\Eloquent\\Model::__callStatic('create', Array)
#17 C:\\xampp\\htdocs\\final-project-nf\\prelovedcampus\\vendor\\laravel\\framework\\src\\Illuminate\\Routing\\ControllerDispatcher.php(46): App\\Http\\Controllers\\UserController->store(Object(Illuminate\\Http\\Request))
#18 C:\\xampp\\htdocs\\final-project-nf\\prelovedcampus\\vendor\\laravel\\framework\\src\\Illuminate\\Routing\\Route.php(264): Illuminate\\Routing\\ControllerDispatcher->dispatch(Object(Illuminate\\Routing\\Route), Object(App\\Http\\Controllers\\UserController), 'store')
#19 C:\\xampp\\htdocs\\final-project-nf\\prelovedcampus\\vendor\\laravel\\framework\\src\\Illuminate\\Routing\\Route.php(210): Illuminate\\Routing\\Route->runController()
#20 C:\\xampp\\htdocs\\final-project-nf\\prelovedcampus\\vendor\\laravel\\framework\\src\\Illuminate\\Routing\\Router.php(808): Illuminate\\Routing\\Route->run()
#21 C:\\xampp\\htdocs\\final-project-nf\\prelovedcampus\\vendor\\laravel\\framework\\src\\Illuminate\\Pipeline\\Pipeline.php(144): Illuminate\\Routing\\Router->Illuminate\\Routing\\{closure}(Object(Illuminate\\Http\\Request))
#22 C:\\xampp\\htdocs\\final-project-nf\\prelovedcampus\\vendor\\laravel\\framework\\src\\Illuminate\\Routing\\Middleware\\SubstituteBindings.php(51): Illuminate\\Pipeline\\Pipeline->Illuminate\\Pipeline\\{closure}(Object(Illuminate\\Http\\Request))
#23 C:\\xampp\\htdocs\\final-project-nf\\prelovedcampus\\vendor\\laravel\\framework\\src\\Illuminate\\Pipeline\\Pipeline.php(183): Illuminate\\Routing\\Middleware\\SubstituteBindings->handle(Object(Illuminate\\Http\\Request), Object(Closure))
#24 C:\\xampp\\htdocs\\final-project-nf\\prelovedcampus\\vendor\\laravel\\framework\\src\\Illuminate\\Pipeline\\Pipeline.php(119): Illuminate\\Pipeline\\Pipeline->Illuminate\\Pipeline\\{closure}(Object(Illuminate\\Http\\Request))
#25 C:\\xampp\\htdocs\\final-project-nf\\prelovedcampus\\vendor\\laravel\\framework\\src\\Illuminate\\Routing\\Router.php(807): Illuminate\\Pipeline\\Pipeline->then(Object(Closure))
#26 C:\\xampp\\htdocs\\final-project-nf\\prelovedcampus\\vendor\\laravel\\framework\\src\\Illuminate\\Routing\\Router.php(786): Illuminate\\Routing\\Router->runRouteWithinStack(Object(Illuminate\\Routing\\Route), Object(Illuminate\\Http\\Request))
#27 C:\\xampp\\htdocs\\final-project-nf\\prelovedcampus\\vendor\\laravel\\framework\\src\\Illuminate\\Routing\\Router.php(750): Illuminate\\Routing\\Router->runRoute(Object(Illuminate\\Http\\Request), Object(Illuminate\\Routing\\Route))
#28 C:\\xampp\\htdocs\\final-project-nf\\prelovedcampus\\vendor\\laravel\\framework\\src\\Illuminate\\Routing\\Router.php(739): Illuminate\\Routing\\Router->dispatchToRoute(Object(Illuminate\\Http\\Request))
#29 C:\\xampp\\htdocs\\final-project-nf\\prelovedcampus\\vendor\\laravel\\framework\\src\\Illuminate\\Foundation\\Http\\Kernel.php(201): Illuminate\\Routing\\Router->dispatch(Object(Illuminate\\Http\\Request))
#30 C:\\xampp\\htdocs\\final-project-nf\\prelovedcampus\\vendor\\laravel\\framework\\src\\Illuminate\\Pipeline\\Pipeline.php(144): Illuminate\\Foundation\\Http\\Kernel->Illuminate\\Foundation\\Http\\{closure}(Object(Illuminate\\Http\\Request))
#31 C:\\xampp\\htdocs\\final-project-nf\\prelovedcampus\\vendor\\laravel\\framework\\src\\Illuminate\\Foundation\\Http\\Middleware\\TransformsRequest.php(21): Illuminate\\Pipeline\\Pipeline->Illuminate\\Pipeline\\{closure}(Object(Illuminate\\Http\\Request))
#32 C:\\xampp\\htdocs\\final-project-nf\\prelovedcampus\\vendor\\laravel\\framework\\src\\Illuminate\\Foundation\\Http\\Middleware\\ConvertEmptyStringsToNull.php(31): Illuminate\\Foundation\\Http\\Middleware\\TransformsRequest->handle(Object(Illuminate\\Http\\Request), Object(Closure))
#33 C:\\xampp\\htdocs\\final-project-nf\\prelovedcampus\\vendor\\laravel\\framework\\src\\Illuminate\\Pipeline\\Pipeline.php(183): Illuminate\\Foundation\\Http\\Middleware\\ConvertEmptyStringsToNull->handle(Object(Illuminate\\Http\\Request), Object(Closure))
#34 C:\\xampp\\htdocs\\final-project-nf\\prelovedcampus\\vendor\\laravel\\framework\\src\\Illuminate\\Foundation\\Http\\Middleware\\TransformsRequest.php(21): Illuminate\\Pipeline\\Pipeline->Illuminate\\Pipeline\\{closure}(Object(Illuminate\\Http\\Request))
#35 C:\\xampp\\htdocs\\final-project-nf\\prelovedcampus\\vendor\\laravel\\framework\\src\\Illuminate\\Foundation\\Http\\Middleware\\TrimStrings.php(51): Illuminate\\Foundation\\Http\\Middleware\\TransformsRequest->handle(Object(Illuminate\\Http\\Request), Object(Closure))
#36 C:\\xampp\\htdocs\\final-project-nf\\prelovedcampus\\vendor\\laravel\\framework\\src\\Illuminate\\Pipeline\\Pipeline.php(183): Illuminate\\Foundation\\Http\\Middleware\\TrimStrings->handle(Object(Illuminate\\Http\\Request), Object(Closure))
#37 C:\\xampp\\htdocs\\final-project-nf\\prelovedcampus\\vendor\\laravel\\framework\\src\\Illuminate\\Http\\Middleware\\ValidatePostSize.php(27): Illuminate\\Pipeline\\Pipeline->Illuminate\\Pipeline\\{closure}(Object(Illuminate\\Http\\Request))
#38 C:\\xampp\\htdocs\\final-project-nf\\prelovedcampus\\vendor\\laravel\\framework\\src\\Illuminate\\Pipeline\\Pipeline.php(183): Illuminate\\Http\\Middleware\\ValidatePostSize->handle(Object(Illuminate\\Http\\Request), Object(Closure))
#39 C:\\xampp\\htdocs\\final-project-nf\\prelovedcampus\\vendor\\laravel\\framework\\src\\Illuminate\\Foundation\\Http\\Middleware\\PreventRequestsDuringMaintenance.php(110): Illuminate\\Pipeline\\Pipeline->Illuminate\\Pipeline\\{closure}(Object(Illuminate\\Http\\Request))
#40 C:\\xampp\\htdocs\\final-project-nf\\prelovedcampus\\vendor\\laravel\\framework\\src\\Illuminate\\Pipeline\\Pipeline.php(183): Illuminate\\Foundation\\Http\\Middleware\\PreventRequestsDuringMaintenance->handle(Object(Illuminate\\Http\\Request), Object(Closure))
#41 C:\\xampp\\htdocs\\final-project-nf\\prelovedcampus\\vendor\\laravel\\framework\\src\\Illuminate\\Http\\Middleware\\HandleCors.php(62): Illuminate\\Pipeline\\Pipeline->Illuminate\\Pipeline\\{closure}(Object(Illuminate\\Http\\Request))
#42 C:\\xampp\\htdocs\\final-project-nf\\prelovedcampus\\vendor\\laravel\\framework\\src\\Illuminate\\Pipeline\\Pipeline.php(183): Illuminate\\Http\\Middleware\\HandleCors->handle(Object(Illuminate\\Http\\Request), Object(Closure))
#43 C:\\xampp\\htdocs\\final-project-nf\\prelovedcampus\\vendor\\laravel\\framework\\src\\Illuminate\\Http\\Middleware\\TrustProxies.php(58): Illuminate\\Pipeline\\Pipeline->Illuminate\\Pipeline\\{closure}(Object(Illuminate\\Http\\Request))
#44 C:\\xampp\\htdocs\\final-project-nf\\prelovedcampus\\vendor\\laravel\\framework\\src\\Illuminate\\Pipeline\\Pipeline.php(183): Illuminate\\Http\\Middleware\\TrustProxies->handle(Object(Illuminate\\Http\\Request), Object(Closure))
#45 C:\\xampp\\htdocs\\final-project-nf\\prelovedcampus\\vendor\\laravel\\framework\\src\\Illuminate\\Foundation\\Http\\Middleware\\InvokeDeferredCallbacks.php(22): Illuminate\\Pipeline\\Pipeline->Illuminate\\Pipeline\\{closure}(Object(Illuminate\\Http\\Request))
#46 C:\\xampp\\htdocs\\final-project-nf\\prelovedcampus\\vendor\\laravel\\framework\\src\\Illuminate\\Pipeline\\Pipeline.php(183): Illuminate\\Foundation\\Http\\Middleware\\InvokeDeferredCallbacks->handle(Object(Illuminate\\Http\\Request), Object(Closure))
#47 C:\\xampp\\htdocs\\final-project-nf\\prelovedcampus\\vendor\\laravel\\framework\\src\\Illuminate\\Pipeline\\Pipeline.php(119): Illuminate\\Pipeline\\Pipeline->Illuminate\\Pipeline\\{closure}(Object(Illuminate\\Http\\Request))
#48 C:\\xampp\\htdocs\\final-project-nf\\prelovedcampus\\vendor\\laravel\\framework\\src\\Illuminate\\Foundation\\Http\\Kernel.php(176): Illuminate\\Pipeline\\Pipeline->then(Object(Closure))
#49 C:\\xampp\\htdocs\\final-project-nf\\prelovedcampus\\vendor\\laravel\\framework\\src\\Illuminate\\Foundation\\Http\\Kernel.php(145): Illuminate\\Foundation\\Http\\Kernel->sendRequestThroughRouter(Object(Illuminate\\Http\\Request))
#50 C:\\xampp\\htdocs\\final-project-nf\\prelovedcampus\\vendor\\laravel\\framework\\src\\Illuminate\\Foundation\\Application.php(1188): Illuminate\\Foundation\\Http\\Kernel->handle(Object(Illuminate\\Http\\Request))
#51 C:\\xampp\\htdocs\\final-project-nf\\prelovedcampus\\public\\index.php(17): Illuminate\\Foundation\\Application->handleRequest(Object(Illuminate\\Http\\Request))
#52 C:\\xampp\\htdocs\\final-project-nf\\prelovedcampus\\vendor\\laravel\\framework\\src\\Illuminate\\Foundation\\resources\\server.php(23): require_once('C:\\\\xampp\\\\htdocs...')
#53 {main}
"} 
[2024-11-11 18:15:43] local.ERROR: syntax error, unexpected identifier "pro", expecting "function" or "const" {"exception":"[object] (Symfony\\Component\\ErrorHandler\\Error\\FatalError(code: 0): syntax error, unexpected identifier \"pro\", expecting \"function\" or \"const\" at C:\\xampp\\htdocs\\final-project-nf\\prelovedcampus\\app\\Models\\User.php:19)
[stacktrace]
#0 {main}
"} 
[2024-11-11 18:15:53] local.ERROR: syntax error, unexpected token "protected", expecting "," or ";" {"exception":"[object] (Symfony\\Component\\ErrorHandler\\Error\\FatalError(code: 0): syntax error, unexpected token \"protected\", expecting \",\" or \";\" at C:\\xampp\\htdocs\\final-project-nf\\prelovedcampus\\app\\Models\\User.php:20)
[stacktrace]
#0 {main}
"} 
[2024-11-11 18:16:06] local.ERROR: syntax error, unexpected token "protected", expecting "," or ";" {"exception":"[object] (Symfony\\Component\\ErrorHandler\\Error\\FatalError(code: 0): syntax error, unexpected token \"protected\", expecting \",\" or \";\" at C:\\xampp\\htdocs\\final-project-nf\\prelovedcampus\\app\\Models\\User.php:20)
[stacktrace]
#0 {main}
"} 
[2024-11-11 18:16:20] local.ERROR: SQLSTATE[42S22]: Column not found: 1054 Unknown column 'updated_at' in 'field list' (Connection: mysql, SQL: insert into `user` (`nama`, `email`, `password`, `foto`, `no_hp`, `alamat`, `role_id`, `updated_at`, `created_at`) values (Franky Delphi, franky@gmail.com, $2y$12$dwvJdTmyZkoXE0f7VAQszOkd4hHtp/I/ND6AV6GBrj5A.py5WZ00W, franky.jpg, 43654365, Jl. Haji Rusdi No. 21, 2, 2024-11-11 18:16:20, 2024-11-11 18:16:20)) {"exception":"[object] (Illuminate\\Database\\QueryException(code: 42S22): SQLSTATE[42S22]: Column not found: 1054 Unknown column 'updated_at' in 'field list' (Connection: mysql, SQL: insert into `user` (`nama`, `email`, `password`, `foto`, `no_hp`, `alamat`, `role_id`, `updated_at`, `created_at`) values (Franky Delphi, franky@gmail.com, $2y$12$dwvJdTmyZkoXE0f7VAQszOkd4hHtp/I/ND6AV6GBrj5A.py5WZ00W, franky.jpg, 43654365, Jl. Haji Rusdi No. 21, 2, 2024-11-11 18:16:20, 2024-11-11 18:16:20)) at C:\\xampp\\htdocs\\final-project-nf\\prelovedcampus\\vendor\\laravel\\framework\\src\\Illuminate\\Database\\Connection.php:825)
[stacktrace]
#0 C:\\xampp\\htdocs\\final-project-nf\\prelovedcampus\\vendor\\laravel\\framework\\src\\Illuminate\\Database\\Connection.php(779): Illuminate\\Database\\Connection->runQueryCallback('insert into `us...', Array, Object(Closure))
#1 C:\\xampp\\htdocs\\final-project-nf\\prelovedcampus\\vendor\\laravel\\framework\\src\\Illuminate\\Database\\MySqlConnection.php(42): Illuminate\\Database\\Connection->run('insert into `us...', Array, Object(Closure))
#2 C:\\xampp\\htdocs\\final-project-nf\\prelovedcampus\\vendor\\laravel\\framework\\src\\Illuminate\\Database\\Query\\Processors\\MySqlProcessor.php(35): Illuminate\\Database\\MySqlConnection->insert('insert into `us...', Array, 'id')
#3 C:\\xampp\\htdocs\\final-project-nf\\prelovedcampus\\vendor\\laravel\\framework\\src\\Illuminate\\Database\\Query\\Builder.php(3798): Illuminate\\Database\\Query\\Processors\\MySqlProcessor->processInsertGetId(Object(Illuminate\\Database\\Query\\Builder), 'insert into `us...', Array, 'id')
#4 C:\\xampp\\htdocs\\final-project-nf\\prelovedcampus\\vendor\\laravel\\framework\\src\\Illuminate\\Database\\Eloquent\\Builder.php(2038): Illuminate\\Database\\Query\\Builder->insertGetId(Array, 'id')
#5 C:\\xampp\\htdocs\\final-project-nf\\prelovedcampus\\vendor\\laravel\\framework\\src\\Illuminate\\Database\\Eloquent\\Model.php(1358): Illuminate\\Database\\Eloquent\\Builder->__call('insertGetId', Array)
#6 C:\\xampp\\htdocs\\final-project-nf\\prelovedcampus\\vendor\\laravel\\framework\\src\\Illuminate\\Database\\Eloquent\\Model.php(1323): Illuminate\\Database\\Eloquent\\Model->insertAndSetId(Object(Illuminate\\Database\\Eloquent\\Builder), Array)
#7 C:\\xampp\\htdocs\\final-project-nf\\prelovedcampus\\vendor\\laravel\\framework\\src\\Illuminate\\Database\\Eloquent\\Model.php(1162): Illuminate\\Database\\Eloquent\\Model->performInsert(Object(Illuminate\\Database\\Eloquent\\Builder))
#8 C:\\xampp\\htdocs\\final-project-nf\\prelovedcampus\\vendor\\laravel\\framework\\src\\Illuminate\\Database\\Eloquent\\Builder.php(1079): Illuminate\\Database\\Eloquent\\Model->save()
#9 C:\\xampp\\htdocs\\final-project-nf\\prelovedcampus\\vendor\\laravel\\framework\\src\\Illuminate\\Support\\helpers.php(380): Illuminate\\Database\\Eloquent\\Builder->Illuminate\\Database\\Eloquent\\{closure}(Object(App\\Models\\User))
#10 C:\\xampp\\htdocs\\final-project-nf\\prelovedcampus\\vendor\\laravel\\framework\\src\\Illuminate\\Database\\Eloquent\\Builder.php(1078): tap(Object(App\\Models\\User), Object(Closure))
#11 C:\\xampp\\htdocs\\final-project-nf\\prelovedcampus\\vendor\\laravel\\framework\\src\\Illuminate\\Support\\Traits\\ForwardsCalls.php(23): Illuminate\\Database\\Eloquent\\Builder->create(Array)
#12 C:\\xampp\\htdocs\\final-project-nf\\prelovedcampus\\vendor\\laravel\\framework\\src\\Illuminate\\Database\\Eloquent\\Model.php(2367): Illuminate\\Database\\Eloquent\\Model->forwardCallTo(Object(Illuminate\\Database\\Eloquent\\Builder), 'create', Array)
#13 C:\\xampp\\htdocs\\final-project-nf\\prelovedcampus\\vendor\\laravel\\framework\\src\\Illuminate\\Database\\Eloquent\\Model.php(2379): Illuminate\\Database\\Eloquent\\Model->__call('create', Array)
#14 C:\\xampp\\htdocs\\final-project-nf\\prelovedcampus\\app\\Http\\Controllers\\UserController.php(51): Illuminate\\Database\\Eloquent\\Model::__callStatic('create', Array)
#15 C:\\xampp\\htdocs\\final-project-nf\\prelovedcampus\\vendor\\laravel\\framework\\src\\Illuminate\\Routing\\ControllerDispatcher.php(46): App\\Http\\Controllers\\UserController->store(Object(Illuminate\\Http\\Request))
#16 C:\\xampp\\htdocs\\final-project-nf\\prelovedcampus\\vendor\\laravel\\framework\\src\\Illuminate\\Routing\\Route.php(264): Illuminate\\Routing\\ControllerDispatcher->dispatch(Object(Illuminate\\Routing\\Route), Object(App\\Http\\Controllers\\UserController), 'store')
#17 C:\\xampp\\htdocs\\final-project-nf\\prelovedcampus\\vendor\\laravel\\framework\\src\\Illuminate\\Routing\\Route.php(210): Illuminate\\Routing\\Route->runController()
#18 C:\\xampp\\htdocs\\final-project-nf\\prelovedcampus\\vendor\\laravel\\framework\\src\\Illuminate\\Routing\\Router.php(808): Illuminate\\Routing\\Route->run()
#19 C:\\xampp\\htdocs\\final-project-nf\\prelovedcampus\\vendor\\laravel\\framework\\src\\Illuminate\\Pipeline\\Pipeline.php(144): Illuminate\\Routing\\Router->Illuminate\\Routing\\{closure}(Object(Illuminate\\Http\\Request))
#20 C:\\xampp\\htdocs\\final-project-nf\\prelovedcampus\\vendor\\laravel\\framework\\src\\Illuminate\\Routing\\Middleware\\SubstituteBindings.php(51): Illuminate\\Pipeline\\Pipeline->Illuminate\\Pipeline\\{closure}(Object(Illuminate\\Http\\Request))
#21 C:\\xampp\\htdocs\\final-project-nf\\prelovedcampus\\vendor\\laravel\\framework\\src\\Illuminate\\Pipeline\\Pipeline.php(183): Illuminate\\Routing\\Middleware\\SubstituteBindings->handle(Object(Illuminate\\Http\\Request), Object(Closure))
#22 C:\\xampp\\htdocs\\final-project-nf\\prelovedcampus\\vendor\\laravel\\framework\\src\\Illuminate\\Pipeline\\Pipeline.php(119): Illuminate\\Pipeline\\Pipeline->Illuminate\\Pipeline\\{closure}(Object(Illuminate\\Http\\Request))
#23 C:\\xampp\\htdocs\\final-project-nf\\prelovedcampus\\vendor\\laravel\\framework\\src\\Illuminate\\Routing\\Router.php(807): Illuminate\\Pipeline\\Pipeline->then(Object(Closure))
#24 C:\\xampp\\htdocs\\final-project-nf\\prelovedcampus\\vendor\\laravel\\framework\\src\\Illuminate\\Routing\\Router.php(786): Illuminate\\Routing\\Router->runRouteWithinStack(Object(Illuminate\\Routing\\Route), Object(Illuminate\\Http\\Request))
#25 C:\\xampp\\htdocs\\final-project-nf\\prelovedcampus\\vendor\\laravel\\framework\\src\\Illuminate\\Routing\\Router.php(750): Illuminate\\Routing\\Router->runRoute(Object(Illuminate\\Http\\Request), Object(Illuminate\\Routing\\Route))
#26 C:\\xampp\\htdocs\\final-project-nf\\prelovedcampus\\vendor\\laravel\\framework\\src\\Illuminate\\Routing\\Router.php(739): Illuminate\\Routing\\Router->dispatchToRoute(Object(Illuminate\\Http\\Request))
#27 C:\\xampp\\htdocs\\final-project-nf\\prelovedcampus\\vendor\\laravel\\framework\\src\\Illuminate\\Foundation\\Http\\Kernel.php(201): Illuminate\\Routing\\Router->dispatch(Object(Illuminate\\Http\\Request))
#28 C:\\xampp\\htdocs\\final-project-nf\\prelovedcampus\\vendor\\laravel\\framework\\src\\Illuminate\\Pipeline\\Pipeline.php(144): Illuminate\\Foundation\\Http\\Kernel->Illuminate\\Foundation\\Http\\{closure}(Object(Illuminate\\Http\\Request))
#29 C:\\xampp\\htdocs\\final-project-nf\\prelovedcampus\\vendor\\laravel\\framework\\src\\Illuminate\\Foundation\\Http\\Middleware\\TransformsRequest.php(21): Illuminate\\Pipeline\\Pipeline->Illuminate\\Pipeline\\{closure}(Object(Illuminate\\Http\\Request))
#30 C:\\xampp\\htdocs\\final-project-nf\\prelovedcampus\\vendor\\laravel\\framework\\src\\Illuminate\\Foundation\\Http\\Middleware\\ConvertEmptyStringsToNull.php(31): Illuminate\\Foundation\\Http\\Middleware\\TransformsRequest->handle(Object(Illuminate\\Http\\Request), Object(Closure))
#31 C:\\xampp\\htdocs\\final-project-nf\\prelovedcampus\\vendor\\laravel\\framework\\src\\Illuminate\\Pipeline\\Pipeline.php(183): Illuminate\\Foundation\\Http\\Middleware\\ConvertEmptyStringsToNull->handle(Object(Illuminate\\Http\\Request), Object(Closure))
#32 C:\\xampp\\htdocs\\final-project-nf\\prelovedcampus\\vendor\\laravel\\framework\\src\\Illuminate\\Foundation\\Http\\Middleware\\TransformsRequest.php(21): Illuminate\\Pipeline\\Pipeline->Illuminate\\Pipeline\\{closure}(Object(Illuminate\\Http\\Request))
#33 C:\\xampp\\htdocs\\final-project-nf\\prelovedcampus\\vendor\\laravel\\framework\\src\\Illuminate\\Foundation\\Http\\Middleware\\TrimStrings.php(51): Illuminate\\Foundation\\Http\\Middleware\\TransformsRequest->handle(Object(Illuminate\\Http\\Request), Object(Closure))
#34 C:\\xampp\\htdocs\\final-project-nf\\prelovedcampus\\vendor\\laravel\\framework\\src\\Illuminate\\Pipeline\\Pipeline.php(183): Illuminate\\Foundation\\Http\\Middleware\\TrimStrings->handle(Object(Illuminate\\Http\\Request), Object(Closure))
#35 C:\\xampp\\htdocs\\final-project-nf\\prelovedcampus\\vendor\\laravel\\framework\\src\\Illuminate\\Http\\Middleware\\ValidatePostSize.php(27): Illuminate\\Pipeline\\Pipeline->Illuminate\\Pipeline\\{closure}(Object(Illuminate\\Http\\Request))
#36 C:\\xampp\\htdocs\\final-project-nf\\prelovedcampus\\vendor\\laravel\\framework\\src\\Illuminate\\Pipeline\\Pipeline.php(183): Illuminate\\Http\\Middleware\\ValidatePostSize->handle(Object(Illuminate\\Http\\Request), Object(Closure))
#37 C:\\xampp\\htdocs\\final-project-nf\\prelovedcampus\\vendor\\laravel\\framework\\src\\Illuminate\\Foundation\\Http\\Middleware\\PreventRequestsDuringMaintenance.php(110): Illuminate\\Pipeline\\Pipeline->Illuminate\\Pipeline\\{closure}(Object(Illuminate\\Http\\Request))
#38 C:\\xampp\\htdocs\\final-project-nf\\prelovedcampus\\vendor\\laravel\\framework\\src\\Illuminate\\Pipeline\\Pipeline.php(183): Illuminate\\Foundation\\Http\\Middleware\\PreventRequestsDuringMaintenance->handle(Object(Illuminate\\Http\\Request), Object(Closure))
#39 C:\\xampp\\htdocs\\final-project-nf\\prelovedcampus\\vendor\\laravel\\framework\\src\\Illuminate\\Http\\Middleware\\HandleCors.php(62): Illuminate\\Pipeline\\Pipeline->Illuminate\\Pipeline\\{closure}(Object(Illuminate\\Http\\Request))
#40 C:\\xampp\\htdocs\\final-project-nf\\prelovedcampus\\vendor\\laravel\\framework\\src\\Illuminate\\Pipeline\\Pipeline.php(183): Illuminate\\Http\\Middleware\\HandleCors->handle(Object(Illuminate\\Http\\Request), Object(Closure))
#41 C:\\xampp\\htdocs\\final-project-nf\\prelovedcampus\\vendor\\laravel\\framework\\src\\Illuminate\\Http\\Middleware\\TrustProxies.php(58): Illuminate\\Pipeline\\Pipeline->Illuminate\\Pipeline\\{closure}(Object(Illuminate\\Http\\Request))
#42 C:\\xampp\\htdocs\\final-project-nf\\prelovedcampus\\vendor\\laravel\\framework\\src\\Illuminate\\Pipeline\\Pipeline.php(183): Illuminate\\Http\\Middleware\\TrustProxies->handle(Object(Illuminate\\Http\\Request), Object(Closure))
#43 C:\\xampp\\htdocs\\final-project-nf\\prelovedcampus\\vendor\\laravel\\framework\\src\\Illuminate\\Foundation\\Http\\Middleware\\InvokeDeferredCallbacks.php(22): Illuminate\\Pipeline\\Pipeline->Illuminate\\Pipeline\\{closure}(Object(Illuminate\\Http\\Request))
#44 C:\\xampp\\htdocs\\final-project-nf\\prelovedcampus\\vendor\\laravel\\framework\\src\\Illuminate\\Pipeline\\Pipeline.php(183): Illuminate\\Foundation\\Http\\Middleware\\InvokeDeferredCallbacks->handle(Object(Illuminate\\Http\\Request), Object(Closure))
#45 C:\\xampp\\htdocs\\final-project-nf\\prelovedcampus\\vendor\\laravel\\framework\\src\\Illuminate\\Pipeline\\Pipeline.php(119): Illuminate\\Pipeline\\Pipeline->Illuminate\\Pipeline\\{closure}(Object(Illuminate\\Http\\Request))
#46 C:\\xampp\\htdocs\\final-project-nf\\prelovedcampus\\vendor\\laravel\\framework\\src\\Illuminate\\Foundation\\Http\\Kernel.php(176): Illuminate\\Pipeline\\Pipeline->then(Object(Closure))
#47 C:\\xampp\\htdocs\\final-project-nf\\prelovedcampus\\vendor\\laravel\\framework\\src\\Illuminate\\Foundation\\Http\\Kernel.php(145): Illuminate\\Foundation\\Http\\Kernel->sendRequestThroughRouter(Object(Illuminate\\Http\\Request))
#48 C:\\xampp\\htdocs\\final-project-nf\\prelovedcampus\\vendor\\laravel\\framework\\src\\Illuminate\\Foundation\\Application.php(1188): Illuminate\\Foundation\\Http\\Kernel->handle(Object(Illuminate\\Http\\Request))
#49 C:\\xampp\\htdocs\\final-project-nf\\prelovedcampus\\public\\index.php(17): Illuminate\\Foundation\\Application->handleRequest(Object(Illuminate\\Http\\Request))
#50 C:\\xampp\\htdocs\\final-project-nf\\prelovedcampus\\vendor\\laravel\\framework\\src\\Illuminate\\Foundation\\resources\\server.php(23): require_once('C:\\\\xampp\\\\htdocs...')
#51 {main}

[previous exception] [object] (PDOException(code: 42S22): SQLSTATE[42S22]: Column not found: 1054 Unknown column 'updated_at' in 'field list' at C:\\xampp\\htdocs\\final-project-nf\\prelovedcampus\\vendor\\laravel\\framework\\src\\Illuminate\\Database\\MySqlConnection.php:47)
[stacktrace]
#0 C:\\xampp\\htdocs\\final-project-nf\\prelovedcampus\\vendor\\laravel\\framework\\src\\Illuminate\\Database\\MySqlConnection.php(47): PDO->prepare('insert into `us...')
#1 C:\\xampp\\htdocs\\final-project-nf\\prelovedcampus\\vendor\\laravel\\framework\\src\\Illuminate\\Database\\Connection.php(812): Illuminate\\Database\\MySqlConnection->Illuminate\\Database\\{closure}('insert into `us...', Array)
#2 C:\\xampp\\htdocs\\final-project-nf\\prelovedcampus\\vendor\\laravel\\framework\\src\\Illuminate\\Database\\Connection.php(779): Illuminate\\Database\\Connection->runQueryCallback('insert into `us...', Array, Object(Closure))
#3 C:\\xampp\\htdocs\\final-project-nf\\prelovedcampus\\vendor\\laravel\\framework\\src\\Illuminate\\Database\\MySqlConnection.php(42): Illuminate\\Database\\Connection->run('insert into `us...', Array, Object(Closure))
#4 C:\\xampp\\htdocs\\final-project-nf\\prelovedcampus\\vendor\\laravel\\framework\\src\\Illuminate\\Database\\Query\\Processors\\MySqlProcessor.php(35): Illuminate\\Database\\MySqlConnection->insert('insert into `us...', Array, 'id')
#5 C:\\xampp\\htdocs\\final-project-nf\\prelovedcampus\\vendor\\laravel\\framework\\src\\Illuminate\\Database\\Query\\Builder.php(3798): Illuminate\\Database\\Query\\Processors\\MySqlProcessor->processInsertGetId(Object(Illuminate\\Database\\Query\\Builder), 'insert into `us...', Array, 'id')
#6 C:\\xampp\\htdocs\\final-project-nf\\prelovedcampus\\vendor\\laravel\\framework\\src\\Illuminate\\Database\\Eloquent\\Builder.php(2038): Illuminate\\Database\\Query\\Builder->insertGetId(Array, 'id')
#7 C:\\xampp\\htdocs\\final-project-nf\\prelovedcampus\\vendor\\laravel\\framework\\src\\Illuminate\\Database\\Eloquent\\Model.php(1358): Illuminate\\Database\\Eloquent\\Builder->__call('insertGetId', Array)
#8 C:\\xampp\\htdocs\\final-project-nf\\prelovedcampus\\vendor\\laravel\\framework\\src\\Illuminate\\Database\\Eloquent\\Model.php(1323): Illuminate\\Database\\Eloquent\\Model->insertAndSetId(Object(Illuminate\\Database\\Eloquent\\Builder), Array)
#9 C:\\xampp\\htdocs\\final-project-nf\\prelovedcampus\\vendor\\laravel\\framework\\src\\Illuminate\\Database\\Eloquent\\Model.php(1162): Illuminate\\Database\\Eloquent\\Model->performInsert(Object(Illuminate\\Database\\Eloquent\\Builder))
#10 C:\\xampp\\htdocs\\final-project-nf\\prelovedcampus\\vendor\\laravel\\framework\\src\\Illuminate\\Database\\Eloquent\\Builder.php(1079): Illuminate\\Database\\Eloquent\\Model->save()
#11 C:\\xampp\\htdocs\\final-project-nf\\prelovedcampus\\vendor\\laravel\\framework\\src\\Illuminate\\Support\\helpers.php(380): Illuminate\\Database\\Eloquent\\Builder->Illuminate\\Database\\Eloquent\\{closure}(Object(App\\Models\\User))
#12 C:\\xampp\\htdocs\\final-project-nf\\prelovedcampus\\vendor\\laravel\\framework\\src\\Illuminate\\Database\\Eloquent\\Builder.php(1078): tap(Object(App\\Models\\User), Object(Closure))
#13 C:\\xampp\\htdocs\\final-project-nf\\prelovedcampus\\vendor\\laravel\\framework\\src\\Illuminate\\Support\\Traits\\ForwardsCalls.php(23): Illuminate\\Database\\Eloquent\\Builder->create(Array)
#14 C:\\xampp\\htdocs\\final-project-nf\\prelovedcampus\\vendor\\laravel\\framework\\src\\Illuminate\\Database\\Eloquent\\Model.php(2367): Illuminate\\Database\\Eloquent\\Model->forwardCallTo(Object(Illuminate\\Database\\Eloquent\\Builder), 'create', Array)
#15 C:\\xampp\\htdocs\\final-project-nf\\prelovedcampus\\vendor\\laravel\\framework\\src\\Illuminate\\Database\\Eloquent\\Model.php(2379): Illuminate\\Database\\Eloquent\\Model->__call('create', Array)
#16 C:\\xampp\\htdocs\\final-project-nf\\prelovedcampus\\app\\Http\\Controllers\\UserController.php(51): Illuminate\\Database\\Eloquent\\Model::__callStatic('create', Array)
#17 C:\\xampp\\htdocs\\final-project-nf\\prelovedcampus\\vendor\\laravel\\framework\\src\\Illuminate\\Routing\\ControllerDispatcher.php(46): App\\Http\\Controllers\\UserController->store(Object(Illuminate\\Http\\Request))
#18 C:\\xampp\\htdocs\\final-project-nf\\prelovedcampus\\vendor\\laravel\\framework\\src\\Illuminate\\Routing\\Route.php(264): Illuminate\\Routing\\ControllerDispatcher->dispatch(Object(Illuminate\\Routing\\Route), Object(App\\Http\\Controllers\\UserController), 'store')
#19 C:\\xampp\\htdocs\\final-project-nf\\prelovedcampus\\vendor\\laravel\\framework\\src\\Illuminate\\Routing\\Route.php(210): Illuminate\\Routing\\Route->runController()
#20 C:\\xampp\\htdocs\\final-project-nf\\prelovedcampus\\vendor\\laravel\\framework\\src\\Illuminate\\Routing\\Router.php(808): Illuminate\\Routing\\Route->run()
#21 C:\\xampp\\htdocs\\final-project-nf\\prelovedcampus\\vendor\\laravel\\framework\\src\\Illuminate\\Pipeline\\Pipeline.php(144): Illuminate\\Routing\\Router->Illuminate\\Routing\\{closure}(Object(Illuminate\\Http\\Request))
#22 C:\\xampp\\htdocs\\final-project-nf\\prelovedcampus\\vendor\\laravel\\framework\\src\\Illuminate\\Routing\\Middleware\\SubstituteBindings.php(51): Illuminate\\Pipeline\\Pipeline->Illuminate\\Pipeline\\{closure}(Object(Illuminate\\Http\\Request))
#23 C:\\xampp\\htdocs\\final-project-nf\\prelovedcampus\\vendor\\laravel\\framework\\src\\Illuminate\\Pipeline\\Pipeline.php(183): Illuminate\\Routing\\Middleware\\SubstituteBindings->handle(Object(Illuminate\\Http\\Request), Object(Closure))
#24 C:\\xampp\\htdocs\\final-project-nf\\prelovedcampus\\vendor\\laravel\\framework\\src\\Illuminate\\Pipeline\\Pipeline.php(119): Illuminate\\Pipeline\\Pipeline->Illuminate\\Pipeline\\{closure}(Object(Illuminate\\Http\\Request))
#25 C:\\xampp\\htdocs\\final-project-nf\\prelovedcampus\\vendor\\laravel\\framework\\src\\Illuminate\\Routing\\Router.php(807): Illuminate\\Pipeline\\Pipeline->then(Object(Closure))
#26 C:\\xampp\\htdocs\\final-project-nf\\prelovedcampus\\vendor\\laravel\\framework\\src\\Illuminate\\Routing\\Router.php(786): Illuminate\\Routing\\Router->runRouteWithinStack(Object(Illuminate\\Routing\\Route), Object(Illuminate\\Http\\Request))
#27 C:\\xampp\\htdocs\\final-project-nf\\prelovedcampus\\vendor\\laravel\\framework\\src\\Illuminate\\Routing\\Router.php(750): Illuminate\\Routing\\Router->runRoute(Object(Illuminate\\Http\\Request), Object(Illuminate\\Routing\\Route))
#28 C:\\xampp\\htdocs\\final-project-nf\\prelovedcampus\\vendor\\laravel\\framework\\src\\Illuminate\\Routing\\Router.php(739): Illuminate\\Routing\\Router->dispatchToRoute(Object(Illuminate\\Http\\Request))
#29 C:\\xampp\\htdocs\\final-project-nf\\prelovedcampus\\vendor\\laravel\\framework\\src\\Illuminate\\Foundation\\Http\\Kernel.php(201): Illuminate\\Routing\\Router->dispatch(Object(Illuminate\\Http\\Request))
#30 C:\\xampp\\htdocs\\final-project-nf\\prelovedcampus\\vendor\\laravel\\framework\\src\\Illuminate\\Pipeline\\Pipeline.php(144): Illuminate\\Foundation\\Http\\Kernel->Illuminate\\Foundation\\Http\\{closure}(Object(Illuminate\\Http\\Request))
#31 C:\\xampp\\htdocs\\final-project-nf\\prelovedcampus\\vendor\\laravel\\framework\\src\\Illuminate\\Foundation\\Http\\Middleware\\TransformsRequest.php(21): Illuminate\\Pipeline\\Pipeline->Illuminate\\Pipeline\\{closure}(Object(Illuminate\\Http\\Request))
#32 C:\\xampp\\htdocs\\final-project-nf\\prelovedcampus\\vendor\\laravel\\framework\\src\\Illuminate\\Foundation\\Http\\Middleware\\ConvertEmptyStringsToNull.php(31): Illuminate\\Foundation\\Http\\Middleware\\TransformsRequest->handle(Object(Illuminate\\Http\\Request), Object(Closure))
#33 C:\\xampp\\htdocs\\final-project-nf\\prelovedcampus\\vendor\\laravel\\framework\\src\\Illuminate\\Pipeline\\Pipeline.php(183): Illuminate\\Foundation\\Http\\Middleware\\ConvertEmptyStringsToNull->handle(Object(Illuminate\\Http\\Request), Object(Closure))
#34 C:\\xampp\\htdocs\\final-project-nf\\prelovedcampus\\vendor\\laravel\\framework\\src\\Illuminate\\Foundation\\Http\\Middleware\\TransformsRequest.php(21): Illuminate\\Pipeline\\Pipeline->Illuminate\\Pipeline\\{closure}(Object(Illuminate\\Http\\Request))
#35 C:\\xampp\\htdocs\\final-project-nf\\prelovedcampus\\vendor\\laravel\\framework\\src\\Illuminate\\Foundation\\Http\\Middleware\\TrimStrings.php(51): Illuminate\\Foundation\\Http\\Middleware\\TransformsRequest->handle(Object(Illuminate\\Http\\Request), Object(Closure))
#36 C:\\xampp\\htdocs\\final-project-nf\\prelovedcampus\\vendor\\laravel\\framework\\src\\Illuminate\\Pipeline\\Pipeline.php(183): Illuminate\\Foundation\\Http\\Middleware\\TrimStrings->handle(Object(Illuminate\\Http\\Request), Object(Closure))
#37 C:\\xampp\\htdocs\\final-project-nf\\prelovedcampus\\vendor\\laravel\\framework\\src\\Illuminate\\Http\\Middleware\\ValidatePostSize.php(27): Illuminate\\Pipeline\\Pipeline->Illuminate\\Pipeline\\{closure}(Object(Illuminate\\Http\\Request))
#38 C:\\xampp\\htdocs\\final-project-nf\\prelovedcampus\\vendor\\laravel\\framework\\src\\Illuminate\\Pipeline\\Pipeline.php(183): Illuminate\\Http\\Middleware\\ValidatePostSize->handle(Object(Illuminate\\Http\\Request), Object(Closure))
#39 C:\\xampp\\htdocs\\final-project-nf\\prelovedcampus\\vendor\\laravel\\framework\\src\\Illuminate\\Foundation\\Http\\Middleware\\PreventRequestsDuringMaintenance.php(110): Illuminate\\Pipeline\\Pipeline->Illuminate\\Pipeline\\{closure}(Object(Illuminate\\Http\\Request))
#40 C:\\xampp\\htdocs\\final-project-nf\\prelovedcampus\\vendor\\laravel\\framework\\src\\Illuminate\\Pipeline\\Pipeline.php(183): Illuminate\\Foundation\\Http\\Middleware\\PreventRequestsDuringMaintenance->handle(Object(Illuminate\\Http\\Request), Object(Closure))
#41 C:\\xampp\\htdocs\\final-project-nf\\prelovedcampus\\vendor\\laravel\\framework\\src\\Illuminate\\Http\\Middleware\\HandleCors.php(62): Illuminate\\Pipeline\\Pipeline->Illuminate\\Pipeline\\{closure}(Object(Illuminate\\Http\\Request))
#42 C:\\xampp\\htdocs\\final-project-nf\\prelovedcampus\\vendor\\laravel\\framework\\src\\Illuminate\\Pipeline\\Pipeline.php(183): Illuminate\\Http\\Middleware\\HandleCors->handle(Object(Illuminate\\Http\\Request), Object(Closure))
#43 C:\\xampp\\htdocs\\final-project-nf\\prelovedcampus\\vendor\\laravel\\framework\\src\\Illuminate\\Http\\Middleware\\TrustProxies.php(58): Illuminate\\Pipeline\\Pipeline->Illuminate\\Pipeline\\{closure}(Object(Illuminate\\Http\\Request))
#44 C:\\xampp\\htdocs\\final-project-nf\\prelovedcampus\\vendor\\laravel\\framework\\src\\Illuminate\\Pipeline\\Pipeline.php(183): Illuminate\\Http\\Middleware\\TrustProxies->handle(Object(Illuminate\\Http\\Request), Object(Closure))
#45 C:\\xampp\\htdocs\\final-project-nf\\prelovedcampus\\vendor\\laravel\\framework\\src\\Illuminate\\Foundation\\Http\\Middleware\\InvokeDeferredCallbacks.php(22): Illuminate\\Pipeline\\Pipeline->Illuminate\\Pipeline\\{closure}(Object(Illuminate\\Http\\Request))
#46 C:\\xampp\\htdocs\\final-project-nf\\prelovedcampus\\vendor\\laravel\\framework\\src\\Illuminate\\Pipeline\\Pipeline.php(183): Illuminate\\Foundation\\Http\\Middleware\\InvokeDeferredCallbacks->handle(Object(Illuminate\\Http\\Request), Object(Closure))
#47 C:\\xampp\\htdocs\\final-project-nf\\prelovedcampus\\vendor\\laravel\\framework\\src\\Illuminate\\Pipeline\\Pipeline.php(119): Illuminate\\Pipeline\\Pipeline->Illuminate\\Pipeline\\{closure}(Object(Illuminate\\Http\\Request))
#48 C:\\xampp\\htdocs\\final-project-nf\\prelovedcampus\\vendor\\laravel\\framework\\src\\Illuminate\\Foundation\\Http\\Kernel.php(176): Illuminate\\Pipeline\\Pipeline->then(Object(Closure))
#49 C:\\xampp\\htdocs\\final-project-nf\\prelovedcampus\\vendor\\laravel\\framework\\src\\Illuminate\\Foundation\\Http\\Kernel.php(145): Illuminate\\Foundation\\Http\\Kernel->sendRequestThroughRouter(Object(Illuminate\\Http\\Request))
#50 C:\\xampp\\htdocs\\final-project-nf\\prelovedcampus\\vendor\\laravel\\framework\\src\\Illuminate\\Foundation\\Application.php(1188): Illuminate\\Foundation\\Http\\Kernel->handle(Object(Illuminate\\Http\\Request))
#51 C:\\xampp\\htdocs\\final-project-nf\\prelovedcampus\\public\\index.php(17): Illuminate\\Foundation\\Application->handleRequest(Object(Illuminate\\Http\\Request))
#52 C:\\xampp\\htdocs\\final-project-nf\\prelovedcampus\\vendor\\laravel\\framework\\src\\Illuminate\\Foundation\\resources\\server.php(23): require_once('C:\\\\xampp\\\\htdocs...')
#53 {main}
"} 
[2024-11-11 18:16:54] local.ERROR: SQLSTATE[22001]: String data, right truncated: 1406 Data too long for column 'password' at row 1 (Connection: mysql, SQL: insert into `user` (`nama`, `email`, `password`, `foto`, `no_hp`, `alamat`, `role_id`) values (Franky Delphi, franky@gmail.com, $2y$12$FSVP1NsVMKG/xCFALh7xG.8FhsuZwGBR8H33lGhVIc6ZdrkqBKdXi, franky.jpg, 43654365, Jl. Haji Rusdi No. 21, 2)) {"exception":"[object] (Illuminate\\Database\\QueryException(code: 22001): SQLSTATE[22001]: String data, right truncated: 1406 Data too long for column 'password' at row 1 (Connection: mysql, SQL: insert into `user` (`nama`, `email`, `password`, `foto`, `no_hp`, `alamat`, `role_id`) values (Franky Delphi, franky@gmail.com, $2y$12$FSVP1NsVMKG/xCFALh7xG.8FhsuZwGBR8H33lGhVIc6ZdrkqBKdXi, franky.jpg, 43654365, Jl. Haji Rusdi No. 21, 2)) at C:\\xampp\\htdocs\\final-project-nf\\prelovedcampus\\vendor\\laravel\\framework\\src\\Illuminate\\Database\\Connection.php:825)
[stacktrace]
#0 C:\\xampp\\htdocs\\final-project-nf\\prelovedcampus\\vendor\\laravel\\framework\\src\\Illuminate\\Database\\Connection.php(779): Illuminate\\Database\\Connection->runQueryCallback('insert into `us...', Array, Object(Closure))
#1 C:\\xampp\\htdocs\\final-project-nf\\prelovedcampus\\vendor\\laravel\\framework\\src\\Illuminate\\Database\\MySqlConnection.php(42): Illuminate\\Database\\Connection->run('insert into `us...', Array, Object(Closure))
#2 C:\\xampp\\htdocs\\final-project-nf\\prelovedcampus\\vendor\\laravel\\framework\\src\\Illuminate\\Database\\Query\\Processors\\MySqlProcessor.php(35): Illuminate\\Database\\MySqlConnection->insert('insert into `us...', Array, 'id')
#3 C:\\xampp\\htdocs\\final-project-nf\\prelovedcampus\\vendor\\laravel\\framework\\src\\Illuminate\\Database\\Query\\Builder.php(3798): Illuminate\\Database\\Query\\Processors\\MySqlProcessor->processInsertGetId(Object(Illuminate\\Database\\Query\\Builder), 'insert into `us...', Array, 'id')
#4 C:\\xampp\\htdocs\\final-project-nf\\prelovedcampus\\vendor\\laravel\\framework\\src\\Illuminate\\Database\\Eloquent\\Builder.php(2038): Illuminate\\Database\\Query\\Builder->insertGetId(Array, 'id')
#5 C:\\xampp\\htdocs\\final-project-nf\\prelovedcampus\\vendor\\laravel\\framework\\src\\Illuminate\\Database\\Eloquent\\Model.php(1358): Illuminate\\Database\\Eloquent\\Builder->__call('insertGetId', Array)
#6 C:\\xampp\\htdocs\\final-project-nf\\prelovedcampus\\vendor\\laravel\\framework\\src\\Illuminate\\Database\\Eloquent\\Model.php(1323): Illuminate\\Database\\Eloquent\\Model->insertAndSetId(Object(Illuminate\\Database\\Eloquent\\Builder), Array)
#7 C:\\xampp\\htdocs\\final-project-nf\\prelovedcampus\\vendor\\laravel\\framework\\src\\Illuminate\\Database\\Eloquent\\Model.php(1162): Illuminate\\Database\\Eloquent\\Model->performInsert(Object(Illuminate\\Database\\Eloquent\\Builder))
#8 C:\\xampp\\htdocs\\final-project-nf\\prelovedcampus\\vendor\\laravel\\framework\\src\\Illuminate\\Database\\Eloquent\\Builder.php(1079): Illuminate\\Database\\Eloquent\\Model->save()
#9 C:\\xampp\\htdocs\\final-project-nf\\prelovedcampus\\vendor\\laravel\\framework\\src\\Illuminate\\Support\\helpers.php(380): Illuminate\\Database\\Eloquent\\Builder->Illuminate\\Database\\Eloquent\\{closure}(Object(App\\Models\\User))
#10 C:\\xampp\\htdocs\\final-project-nf\\prelovedcampus\\vendor\\laravel\\framework\\src\\Illuminate\\Database\\Eloquent\\Builder.php(1078): tap(Object(App\\Models\\User), Object(Closure))
#11 C:\\xampp\\htdocs\\final-project-nf\\prelovedcampus\\vendor\\laravel\\framework\\src\\Illuminate\\Support\\Traits\\ForwardsCalls.php(23): Illuminate\\Database\\Eloquent\\Builder->create(Array)
#12 C:\\xampp\\htdocs\\final-project-nf\\prelovedcampus\\vendor\\laravel\\framework\\src\\Illuminate\\Database\\Eloquent\\Model.php(2367): Illuminate\\Database\\Eloquent\\Model->forwardCallTo(Object(Illuminate\\Database\\Eloquent\\Builder), 'create', Array)
#13 C:\\xampp\\htdocs\\final-project-nf\\prelovedcampus\\vendor\\laravel\\framework\\src\\Illuminate\\Database\\Eloquent\\Model.php(2379): Illuminate\\Database\\Eloquent\\Model->__call('create', Array)
#14 C:\\xampp\\htdocs\\final-project-nf\\prelovedcampus\\app\\Http\\Controllers\\UserController.php(51): Illuminate\\Database\\Eloquent\\Model::__callStatic('create', Array)
#15 C:\\xampp\\htdocs\\final-project-nf\\prelovedcampus\\vendor\\laravel\\framework\\src\\Illuminate\\Routing\\ControllerDispatcher.php(46): App\\Http\\Controllers\\UserController->store(Object(Illuminate\\Http\\Request))
#16 C:\\xampp\\htdocs\\final-project-nf\\prelovedcampus\\vendor\\laravel\\framework\\src\\Illuminate\\Routing\\Route.php(264): Illuminate\\Routing\\ControllerDispatcher->dispatch(Object(Illuminate\\Routing\\Route), Object(App\\Http\\Controllers\\UserController), 'store')
#17 C:\\xampp\\htdocs\\final-project-nf\\prelovedcampus\\vendor\\laravel\\framework\\src\\Illuminate\\Routing\\Route.php(210): Illuminate\\Routing\\Route->runController()
#18 C:\\xampp\\htdocs\\final-project-nf\\prelovedcampus\\vendor\\laravel\\framework\\src\\Illuminate\\Routing\\Router.php(808): Illuminate\\Routing\\Route->run()
#19 C:\\xampp\\htdocs\\final-project-nf\\prelovedcampus\\vendor\\laravel\\framework\\src\\Illuminate\\Pipeline\\Pipeline.php(144): Illuminate\\Routing\\Router->Illuminate\\Routing\\{closure}(Object(Illuminate\\Http\\Request))
#20 C:\\xampp\\htdocs\\final-project-nf\\prelovedcampus\\vendor\\laravel\\framework\\src\\Illuminate\\Routing\\Middleware\\SubstituteBindings.php(51): Illuminate\\Pipeline\\Pipeline->Illuminate\\Pipeline\\{closure}(Object(Illuminate\\Http\\Request))
#21 C:\\xampp\\htdocs\\final-project-nf\\prelovedcampus\\vendor\\laravel\\framework\\src\\Illuminate\\Pipeline\\Pipeline.php(183): Illuminate\\Routing\\Middleware\\SubstituteBindings->handle(Object(Illuminate\\Http\\Request), Object(Closure))
#22 C:\\xampp\\htdocs\\final-project-nf\\prelovedcampus\\vendor\\laravel\\framework\\src\\Illuminate\\Pipeline\\Pipeline.php(119): Illuminate\\Pipeline\\Pipeline->Illuminate\\Pipeline\\{closure}(Object(Illuminate\\Http\\Request))
#23 C:\\xampp\\htdocs\\final-project-nf\\prelovedcampus\\vendor\\laravel\\framework\\src\\Illuminate\\Routing\\Router.php(807): Illuminate\\Pipeline\\Pipeline->then(Object(Closure))
#24 C:\\xampp\\htdocs\\final-project-nf\\prelovedcampus\\vendor\\laravel\\framework\\src\\Illuminate\\Routing\\Router.php(786): Illuminate\\Routing\\Router->runRouteWithinStack(Object(Illuminate\\Routing\\Route), Object(Illuminate\\Http\\Request))
#25 C:\\xampp\\htdocs\\final-project-nf\\prelovedcampus\\vendor\\laravel\\framework\\src\\Illuminate\\Routing\\Router.php(750): Illuminate\\Routing\\Router->runRoute(Object(Illuminate\\Http\\Request), Object(Illuminate\\Routing\\Route))
#26 C:\\xampp\\htdocs\\final-project-nf\\prelovedcampus\\vendor\\laravel\\framework\\src\\Illuminate\\Routing\\Router.php(739): Illuminate\\Routing\\Router->dispatchToRoute(Object(Illuminate\\Http\\Request))
#27 C:\\xampp\\htdocs\\final-project-nf\\prelovedcampus\\vendor\\laravel\\framework\\src\\Illuminate\\Foundation\\Http\\Kernel.php(201): Illuminate\\Routing\\Router->dispatch(Object(Illuminate\\Http\\Request))
#28 C:\\xampp\\htdocs\\final-project-nf\\prelovedcampus\\vendor\\laravel\\framework\\src\\Illuminate\\Pipeline\\Pipeline.php(144): Illuminate\\Foundation\\Http\\Kernel->Illuminate\\Foundation\\Http\\{closure}(Object(Illuminate\\Http\\Request))
#29 C:\\xampp\\htdocs\\final-project-nf\\prelovedcampus\\vendor\\laravel\\framework\\src\\Illuminate\\Foundation\\Http\\Middleware\\TransformsRequest.php(21): Illuminate\\Pipeline\\Pipeline->Illuminate\\Pipeline\\{closure}(Object(Illuminate\\Http\\Request))
#30 C:\\xampp\\htdocs\\final-project-nf\\prelovedcampus\\vendor\\laravel\\framework\\src\\Illuminate\\Foundation\\Http\\Middleware\\ConvertEmptyStringsToNull.php(31): Illuminate\\Foundation\\Http\\Middleware\\TransformsRequest->handle(Object(Illuminate\\Http\\Request), Object(Closure))
#31 C:\\xampp\\htdocs\\final-project-nf\\prelovedcampus\\vendor\\laravel\\framework\\src\\Illuminate\\Pipeline\\Pipeline.php(183): Illuminate\\Foundation\\Http\\Middleware\\ConvertEmptyStringsToNull->handle(Object(Illuminate\\Http\\Request), Object(Closure))
#32 C:\\xampp\\htdocs\\final-project-nf\\prelovedcampus\\vendor\\laravel\\framework\\src\\Illuminate\\Foundation\\Http\\Middleware\\TransformsRequest.php(21): Illuminate\\Pipeline\\Pipeline->Illuminate\\Pipeline\\{closure}(Object(Illuminate\\Http\\Request))
#33 C:\\xampp\\htdocs\\final-project-nf\\prelovedcampus\\vendor\\laravel\\framework\\src\\Illuminate\\Foundation\\Http\\Middleware\\TrimStrings.php(51): Illuminate\\Foundation\\Http\\Middleware\\TransformsRequest->handle(Object(Illuminate\\Http\\Request), Object(Closure))
#34 C:\\xampp\\htdocs\\final-project-nf\\prelovedcampus\\vendor\\laravel\\framework\\src\\Illuminate\\Pipeline\\Pipeline.php(183): Illuminate\\Foundation\\Http\\Middleware\\TrimStrings->handle(Object(Illuminate\\Http\\Request), Object(Closure))
#35 C:\\xampp\\htdocs\\final-project-nf\\prelovedcampus\\vendor\\laravel\\framework\\src\\Illuminate\\Http\\Middleware\\ValidatePostSize.php(27): Illuminate\\Pipeline\\Pipeline->Illuminate\\Pipeline\\{closure}(Object(Illuminate\\Http\\Request))
#36 C:\\xampp\\htdocs\\final-project-nf\\prelovedcampus\\vendor\\laravel\\framework\\src\\Illuminate\\Pipeline\\Pipeline.php(183): Illuminate\\Http\\Middleware\\ValidatePostSize->handle(Object(Illuminate\\Http\\Request), Object(Closure))
#37 C:\\xampp\\htdocs\\final-project-nf\\prelovedcampus\\vendor\\laravel\\framework\\src\\Illuminate\\Foundation\\Http\\Middleware\\PreventRequestsDuringMaintenance.php(110): Illuminate\\Pipeline\\Pipeline->Illuminate\\Pipeline\\{closure}(Object(Illuminate\\Http\\Request))
#38 C:\\xampp\\htdocs\\final-project-nf\\prelovedcampus\\vendor\\laravel\\framework\\src\\Illuminate\\Pipeline\\Pipeline.php(183): Illuminate\\Foundation\\Http\\Middleware\\PreventRequestsDuringMaintenance->handle(Object(Illuminate\\Http\\Request), Object(Closure))
#39 C:\\xampp\\htdocs\\final-project-nf\\prelovedcampus\\vendor\\laravel\\framework\\src\\Illuminate\\Http\\Middleware\\HandleCors.php(62): Illuminate\\Pipeline\\Pipeline->Illuminate\\Pipeline\\{closure}(Object(Illuminate\\Http\\Request))
#40 C:\\xampp\\htdocs\\final-project-nf\\prelovedcampus\\vendor\\laravel\\framework\\src\\Illuminate\\Pipeline\\Pipeline.php(183): Illuminate\\Http\\Middleware\\HandleCors->handle(Object(Illuminate\\Http\\Request), Object(Closure))
#41 C:\\xampp\\htdocs\\final-project-nf\\prelovedcampus\\vendor\\laravel\\framework\\src\\Illuminate\\Http\\Middleware\\TrustProxies.php(58): Illuminate\\Pipeline\\Pipeline->Illuminate\\Pipeline\\{closure}(Object(Illuminate\\Http\\Request))
#42 C:\\xampp\\htdocs\\final-project-nf\\prelovedcampus\\vendor\\laravel\\framework\\src\\Illuminate\\Pipeline\\Pipeline.php(183): Illuminate\\Http\\Middleware\\TrustProxies->handle(Object(Illuminate\\Http\\Request), Object(Closure))
#43 C:\\xampp\\htdocs\\final-project-nf\\prelovedcampus\\vendor\\laravel\\framework\\src\\Illuminate\\Foundation\\Http\\Middleware\\InvokeDeferredCallbacks.php(22): Illuminate\\Pipeline\\Pipeline->Illuminate\\Pipeline\\{closure}(Object(Illuminate\\Http\\Request))
#44 C:\\xampp\\htdocs\\final-project-nf\\prelovedcampus\\vendor\\laravel\\framework\\src\\Illuminate\\Pipeline\\Pipeline.php(183): Illuminate\\Foundation\\Http\\Middleware\\InvokeDeferredCallbacks->handle(Object(Illuminate\\Http\\Request), Object(Closure))
#45 C:\\xampp\\htdocs\\final-project-nf\\prelovedcampus\\vendor\\laravel\\framework\\src\\Illuminate\\Pipeline\\Pipeline.php(119): Illuminate\\Pipeline\\Pipeline->Illuminate\\Pipeline\\{closure}(Object(Illuminate\\Http\\Request))
#46 C:\\xampp\\htdocs\\final-project-nf\\prelovedcampus\\vendor\\laravel\\framework\\src\\Illuminate\\Foundation\\Http\\Kernel.php(176): Illuminate\\Pipeline\\Pipeline->then(Object(Closure))
#47 C:\\xampp\\htdocs\\final-project-nf\\prelovedcampus\\vendor\\laravel\\framework\\src\\Illuminate\\Foundation\\Http\\Kernel.php(145): Illuminate\\Foundation\\Http\\Kernel->sendRequestThroughRouter(Object(Illuminate\\Http\\Request))
#48 C:\\xampp\\htdocs\\final-project-nf\\prelovedcampus\\vendor\\laravel\\framework\\src\\Illuminate\\Foundation\\Application.php(1188): Illuminate\\Foundation\\Http\\Kernel->handle(Object(Illuminate\\Http\\Request))
#49 C:\\xampp\\htdocs\\final-project-nf\\prelovedcampus\\public\\index.php(17): Illuminate\\Foundation\\Application->handleRequest(Object(Illuminate\\Http\\Request))
#50 C:\\xampp\\htdocs\\final-project-nf\\prelovedcampus\\vendor\\laravel\\framework\\src\\Illuminate\\Foundation\\resources\\server.php(23): require_once('C:\\\\xampp\\\\htdocs...')
#51 {main}

[previous exception] [object] (PDOException(code: 22001): SQLSTATE[22001]: String data, right truncated: 1406 Data too long for column 'password' at row 1 at C:\\xampp\\htdocs\\final-project-nf\\prelovedcampus\\vendor\\laravel\\framework\\src\\Illuminate\\Database\\MySqlConnection.php:53)
[stacktrace]
#0 C:\\xampp\\htdocs\\final-project-nf\\prelovedcampus\\vendor\\laravel\\framework\\src\\Illuminate\\Database\\MySqlConnection.php(53): PDOStatement->execute()
#1 C:\\xampp\\htdocs\\final-project-nf\\prelovedcampus\\vendor\\laravel\\framework\\src\\Illuminate\\Database\\Connection.php(812): Illuminate\\Database\\MySqlConnection->Illuminate\\Database\\{closure}('insert into `us...', Array)
#2 C:\\xampp\\htdocs\\final-project-nf\\prelovedcampus\\vendor\\laravel\\framework\\src\\Illuminate\\Database\\Connection.php(779): Illuminate\\Database\\Connection->runQueryCallback('insert into `us...', Array, Object(Closure))
#3 C:\\xampp\\htdocs\\final-project-nf\\prelovedcampus\\vendor\\laravel\\framework\\src\\Illuminate\\Database\\MySqlConnection.php(42): Illuminate\\Database\\Connection->run('insert into `us...', Array, Object(Closure))
#4 C:\\xampp\\htdocs\\final-project-nf\\prelovedcampus\\vendor\\laravel\\framework\\src\\Illuminate\\Database\\Query\\Processors\\MySqlProcessor.php(35): Illuminate\\Database\\MySqlConnection->insert('insert into `us...', Array, 'id')
#5 C:\\xampp\\htdocs\\final-project-nf\\prelovedcampus\\vendor\\laravel\\framework\\src\\Illuminate\\Database\\Query\\Builder.php(3798): Illuminate\\Database\\Query\\Processors\\MySqlProcessor->processInsertGetId(Object(Illuminate\\Database\\Query\\Builder), 'insert into `us...', Array, 'id')
#6 C:\\xampp\\htdocs\\final-project-nf\\prelovedcampus\\vendor\\laravel\\framework\\src\\Illuminate\\Database\\Eloquent\\Builder.php(2038): Illuminate\\Database\\Query\\Builder->insertGetId(Array, 'id')
#7 C:\\xampp\\htdocs\\final-project-nf\\prelovedcampus\\vendor\\laravel\\framework\\src\\Illuminate\\Database\\Eloquent\\Model.php(1358): Illuminate\\Database\\Eloquent\\Builder->__call('insertGetId', Array)
#8 C:\\xampp\\htdocs\\final-project-nf\\prelovedcampus\\vendor\\laravel\\framework\\src\\Illuminate\\Database\\Eloquent\\Model.php(1323): Illuminate\\Database\\Eloquent\\Model->insertAndSetId(Object(Illuminate\\Database\\Eloquent\\Builder), Array)
#9 C:\\xampp\\htdocs\\final-project-nf\\prelovedcampus\\vendor\\laravel\\framework\\src\\Illuminate\\Database\\Eloquent\\Model.php(1162): Illuminate\\Database\\Eloquent\\Model->performInsert(Object(Illuminate\\Database\\Eloquent\\Builder))
#10 C:\\xampp\\htdocs\\final-project-nf\\prelovedcampus\\vendor\\laravel\\framework\\src\\Illuminate\\Database\\Eloquent\\Builder.php(1079): Illuminate\\Database\\Eloquent\\Model->save()
#11 C:\\xampp\\htdocs\\final-project-nf\\prelovedcampus\\vendor\\laravel\\framework\\src\\Illuminate\\Support\\helpers.php(380): Illuminate\\Database\\Eloquent\\Builder->Illuminate\\Database\\Eloquent\\{closure}(Object(App\\Models\\User))
#12 C:\\xampp\\htdocs\\final-project-nf\\prelovedcampus\\vendor\\laravel\\framework\\src\\Illuminate\\Database\\Eloquent\\Builder.php(1078): tap(Object(App\\Models\\User), Object(Closure))
#13 C:\\xampp\\htdocs\\final-project-nf\\prelovedcampus\\vendor\\laravel\\framework\\src\\Illuminate\\Support\\Traits\\ForwardsCalls.php(23): Illuminate\\Database\\Eloquent\\Builder->create(Array)
#14 C:\\xampp\\htdocs\\final-project-nf\\prelovedcampus\\vendor\\laravel\\framework\\src\\Illuminate\\Database\\Eloquent\\Model.php(2367): Illuminate\\Database\\Eloquent\\Model->forwardCallTo(Object(Illuminate\\Database\\Eloquent\\Builder), 'create', Array)
#15 C:\\xampp\\htdocs\\final-project-nf\\prelovedcampus\\vendor\\laravel\\framework\\src\\Illuminate\\Database\\Eloquent\\Model.php(2379): Illuminate\\Database\\Eloquent\\Model->__call('create', Array)
#16 C:\\xampp\\htdocs\\final-project-nf\\prelovedcampus\\app\\Http\\Controllers\\UserController.php(51): Illuminate\\Database\\Eloquent\\Model::__callStatic('create', Array)
#17 C:\\xampp\\htdocs\\final-project-nf\\prelovedcampus\\vendor\\laravel\\framework\\src\\Illuminate\\Routing\\ControllerDispatcher.php(46): App\\Http\\Controllers\\UserController->store(Object(Illuminate\\Http\\Request))
#18 C:\\xampp\\htdocs\\final-project-nf\\prelovedcampus\\vendor\\laravel\\framework\\src\\Illuminate\\Routing\\Route.php(264): Illuminate\\Routing\\ControllerDispatcher->dispatch(Object(Illuminate\\Routing\\Route), Object(App\\Http\\Controllers\\UserController), 'store')
#19 C:\\xampp\\htdocs\\final-project-nf\\prelovedcampus\\vendor\\laravel\\framework\\src\\Illuminate\\Routing\\Route.php(210): Illuminate\\Routing\\Route->runController()
#20 C:\\xampp\\htdocs\\final-project-nf\\prelovedcampus\\vendor\\laravel\\framework\\src\\Illuminate\\Routing\\Router.php(808): Illuminate\\Routing\\Route->run()
#21 C:\\xampp\\htdocs\\final-project-nf\\prelovedcampus\\vendor\\laravel\\framework\\src\\Illuminate\\Pipeline\\Pipeline.php(144): Illuminate\\Routing\\Router->Illuminate\\Routing\\{closure}(Object(Illuminate\\Http\\Request))
#22 C:\\xampp\\htdocs\\final-project-nf\\prelovedcampus\\vendor\\laravel\\framework\\src\\Illuminate\\Routing\\Middleware\\SubstituteBindings.php(51): Illuminate\\Pipeline\\Pipeline->Illuminate\\Pipeline\\{closure}(Object(Illuminate\\Http\\Request))
#23 C:\\xampp\\htdocs\\final-project-nf\\prelovedcampus\\vendor\\laravel\\framework\\src\\Illuminate\\Pipeline\\Pipeline.php(183): Illuminate\\Routing\\Middleware\\SubstituteBindings->handle(Object(Illuminate\\Http\\Request), Object(Closure))
#24 C:\\xampp\\htdocs\\final-project-nf\\prelovedcampus\\vendor\\laravel\\framework\\src\\Illuminate\\Pipeline\\Pipeline.php(119): Illuminate\\Pipeline\\Pipeline->Illuminate\\Pipeline\\{closure}(Object(Illuminate\\Http\\Request))
#25 C:\\xampp\\htdocs\\final-project-nf\\prelovedcampus\\vendor\\laravel\\framework\\src\\Illuminate\\Routing\\Router.php(807): Illuminate\\Pipeline\\Pipeline->then(Object(Closure))
#26 C:\\xampp\\htdocs\\final-project-nf\\prelovedcampus\\vendor\\laravel\\framework\\src\\Illuminate\\Routing\\Router.php(786): Illuminate\\Routing\\Router->runRouteWithinStack(Object(Illuminate\\Routing\\Route), Object(Illuminate\\Http\\Request))
#27 C:\\xampp\\htdocs\\final-project-nf\\prelovedcampus\\vendor\\laravel\\framework\\src\\Illuminate\\Routing\\Router.php(750): Illuminate\\Routing\\Router->runRoute(Object(Illuminate\\Http\\Request), Object(Illuminate\\Routing\\Route))
#28 C:\\xampp\\htdocs\\final-project-nf\\prelovedcampus\\vendor\\laravel\\framework\\src\\Illuminate\\Routing\\Router.php(739): Illuminate\\Routing\\Router->dispatchToRoute(Object(Illuminate\\Http\\Request))
#29 C:\\xampp\\htdocs\\final-project-nf\\prelovedcampus\\vendor\\laravel\\framework\\src\\Illuminate\\Foundation\\Http\\Kernel.php(201): Illuminate\\Routing\\Router->dispatch(Object(Illuminate\\Http\\Request))
#30 C:\\xampp\\htdocs\\final-project-nf\\prelovedcampus\\vendor\\laravel\\framework\\src\\Illuminate\\Pipeline\\Pipeline.php(144): Illuminate\\Foundation\\Http\\Kernel->Illuminate\\Foundation\\Http\\{closure}(Object(Illuminate\\Http\\Request))
#31 C:\\xampp\\htdocs\\final-project-nf\\prelovedcampus\\vendor\\laravel\\framework\\src\\Illuminate\\Foundation\\Http\\Middleware\\TransformsRequest.php(21): Illuminate\\Pipeline\\Pipeline->Illuminate\\Pipeline\\{closure}(Object(Illuminate\\Http\\Request))
#32 C:\\xampp\\htdocs\\final-project-nf\\prelovedcampus\\vendor\\laravel\\framework\\src\\Illuminate\\Foundation\\Http\\Middleware\\ConvertEmptyStringsToNull.php(31): Illuminate\\Foundation\\Http\\Middleware\\TransformsRequest->handle(Object(Illuminate\\Http\\Request), Object(Closure))
#33 C:\\xampp\\htdocs\\final-project-nf\\prelovedcampus\\vendor\\laravel\\framework\\src\\Illuminate\\Pipeline\\Pipeline.php(183): Illuminate\\Foundation\\Http\\Middleware\\ConvertEmptyStringsToNull->handle(Object(Illuminate\\Http\\Request), Object(Closure))
#34 C:\\xampp\\htdocs\\final-project-nf\\prelovedcampus\\vendor\\laravel\\framework\\src\\Illuminate\\Foundation\\Http\\Middleware\\TransformsRequest.php(21): Illuminate\\Pipeline\\Pipeline->Illuminate\\Pipeline\\{closure}(Object(Illuminate\\Http\\Request))
#35 C:\\xampp\\htdocs\\final-project-nf\\prelovedcampus\\vendor\\laravel\\framework\\src\\Illuminate\\Foundation\\Http\\Middleware\\TrimStrings.php(51): Illuminate\\Foundation\\Http\\Middleware\\TransformsRequest->handle(Object(Illuminate\\Http\\Request), Object(Closure))
#36 C:\\xampp\\htdocs\\final-project-nf\\prelovedcampus\\vendor\\laravel\\framework\\src\\Illuminate\\Pipeline\\Pipeline.php(183): Illuminate\\Foundation\\Http\\Middleware\\TrimStrings->handle(Object(Illuminate\\Http\\Request), Object(Closure))
#37 C:\\xampp\\htdocs\\final-project-nf\\prelovedcampus\\vendor\\laravel\\framework\\src\\Illuminate\\Http\\Middleware\\ValidatePostSize.php(27): Illuminate\\Pipeline\\Pipeline->Illuminate\\Pipeline\\{closure}(Object(Illuminate\\Http\\Request))
#38 C:\\xampp\\htdocs\\final-project-nf\\prelovedcampus\\vendor\\laravel\\framework\\src\\Illuminate\\Pipeline\\Pipeline.php(183): Illuminate\\Http\\Middleware\\ValidatePostSize->handle(Object(Illuminate\\Http\\Request), Object(Closure))
#39 C:\\xampp\\htdocs\\final-project-nf\\prelovedcampus\\vendor\\laravel\\framework\\src\\Illuminate\\Foundation\\Http\\Middleware\\PreventRequestsDuringMaintenance.php(110): Illuminate\\Pipeline\\Pipeline->Illuminate\\Pipeline\\{closure}(Object(Illuminate\\Http\\Request))
#40 C:\\xampp\\htdocs\\final-project-nf\\prelovedcampus\\vendor\\laravel\\framework\\src\\Illuminate\\Pipeline\\Pipeline.php(183): Illuminate\\Foundation\\Http\\Middleware\\PreventRequestsDuringMaintenance->handle(Object(Illuminate\\Http\\Request), Object(Closure))
#41 C:\\xampp\\htdocs\\final-project-nf\\prelovedcampus\\vendor\\laravel\\framework\\src\\Illuminate\\Http\\Middleware\\HandleCors.php(62): Illuminate\\Pipeline\\Pipeline->Illuminate\\Pipeline\\{closure}(Object(Illuminate\\Http\\Request))
#42 C:\\xampp\\htdocs\\final-project-nf\\prelovedcampus\\vendor\\laravel\\framework\\src\\Illuminate\\Pipeline\\Pipeline.php(183): Illuminate\\Http\\Middleware\\HandleCors->handle(Object(Illuminate\\Http\\Request), Object(Closure))
#43 C:\\xampp\\htdocs\\final-project-nf\\prelovedcampus\\vendor\\laravel\\framework\\src\\Illuminate\\Http\\Middleware\\TrustProxies.php(58): Illuminate\\Pipeline\\Pipeline->Illuminate\\Pipeline\\{closure}(Object(Illuminate\\Http\\Request))
#44 C:\\xampp\\htdocs\\final-project-nf\\prelovedcampus\\vendor\\laravel\\framework\\src\\Illuminate\\Pipeline\\Pipeline.php(183): Illuminate\\Http\\Middleware\\TrustProxies->handle(Object(Illuminate\\Http\\Request), Object(Closure))
#45 C:\\xampp\\htdocs\\final-project-nf\\prelovedcampus\\vendor\\laravel\\framework\\src\\Illuminate\\Foundation\\Http\\Middleware\\InvokeDeferredCallbacks.php(22): Illuminate\\Pipeline\\Pipeline->Illuminate\\Pipeline\\{closure}(Object(Illuminate\\Http\\Request))
#46 C:\\xampp\\htdocs\\final-project-nf\\prelovedcampus\\vendor\\laravel\\framework\\src\\Illuminate\\Pipeline\\Pipeline.php(183): Illuminate\\Foundation\\Http\\Middleware\\InvokeDeferredCallbacks->handle(Object(Illuminate\\Http\\Request), Object(Closure))
#47 C:\\xampp\\htdocs\\final-project-nf\\prelovedcampus\\vendor\\laravel\\framework\\src\\Illuminate\\Pipeline\\Pipeline.php(119): Illuminate\\Pipeline\\Pipeline->Illuminate\\Pipeline\\{closure}(Object(Illuminate\\Http\\Request))
#48 C:\\xampp\\htdocs\\final-project-nf\\prelovedcampus\\vendor\\laravel\\framework\\src\\Illuminate\\Foundation\\Http\\Kernel.php(176): Illuminate\\Pipeline\\Pipeline->then(Object(Closure))
#49 C:\\xampp\\htdocs\\final-project-nf\\prelovedcampus\\vendor\\laravel\\framework\\src\\Illuminate\\Foundation\\Http\\Kernel.php(145): Illuminate\\Foundation\\Http\\Kernel->sendRequestThroughRouter(Object(Illuminate\\Http\\Request))
#50 C:\\xampp\\htdocs\\final-project-nf\\prelovedcampus\\vendor\\laravel\\framework\\src\\Illuminate\\Foundation\\Application.php(1188): Illuminate\\Foundation\\Http\\Kernel->handle(Object(Illuminate\\Http\\Request))
#51 C:\\xampp\\htdocs\\final-project-nf\\prelovedcampus\\public\\index.php(17): Illuminate\\Foundation\\Application->handleRequest(Object(Illuminate\\Http\\Request))
#52 C:\\xampp\\htdocs\\final-project-nf\\prelovedcampus\\vendor\\laravel\\framework\\src\\Illuminate\\Foundation\\resources\\server.php(23): require_once('C:\\\\xampp\\\\htdocs...')
#53 {main}
"} 
[2024-11-11 18:18:14] local.ERROR: SQLSTATE[22001]: String data, right truncated: 1406 Data too long for column 'password' at row 1 (Connection: mysql, SQL: insert into `user` (`nama`, `email`, `password`, `foto`, `no_hp`, `alamat`, `role_id`) values (Franky Delphi, franky@gmail.com, $2y$12$MzZ50c06Ey856jO6cbSzoe9.Bd9QPHx9E2fde.OmuJDMWLJuAumjy, franky.jpg, 43654365, Jl. Haji Rusdi No. 21, 2)) {"exception":"[object] (Illuminate\\Database\\QueryException(code: 22001): SQLSTATE[22001]: String data, right truncated: 1406 Data too long for column 'password' at row 1 (Connection: mysql, SQL: insert into `user` (`nama`, `email`, `password`, `foto`, `no_hp`, `alamat`, `role_id`) values (Franky Delphi, franky@gmail.com, $2y$12$MzZ50c06Ey856jO6cbSzoe9.Bd9QPHx9E2fde.OmuJDMWLJuAumjy, franky.jpg, 43654365, Jl. Haji Rusdi No. 21, 2)) at C:\\xampp\\htdocs\\final-project-nf\\prelovedcampus\\vendor\\laravel\\framework\\src\\Illuminate\\Database\\Connection.php:825)
[stacktrace]
#0 C:\\xampp\\htdocs\\final-project-nf\\prelovedcampus\\vendor\\laravel\\framework\\src\\Illuminate\\Database\\Connection.php(779): Illuminate\\Database\\Connection->runQueryCallback('insert into `us...', Array, Object(Closure))
#1 C:\\xampp\\htdocs\\final-project-nf\\prelovedcampus\\vendor\\laravel\\framework\\src\\Illuminate\\Database\\MySqlConnection.php(42): Illuminate\\Database\\Connection->run('insert into `us...', Array, Object(Closure))
#2 C:\\xampp\\htdocs\\final-project-nf\\prelovedcampus\\vendor\\laravel\\framework\\src\\Illuminate\\Database\\Query\\Processors\\MySqlProcessor.php(35): Illuminate\\Database\\MySqlConnection->insert('insert into `us...', Array, 'id')
#3 C:\\xampp\\htdocs\\final-project-nf\\prelovedcampus\\vendor\\laravel\\framework\\src\\Illuminate\\Database\\Query\\Builder.php(3798): Illuminate\\Database\\Query\\Processors\\MySqlProcessor->processInsertGetId(Object(Illuminate\\Database\\Query\\Builder), 'insert into `us...', Array, 'id')
#4 C:\\xampp\\htdocs\\final-project-nf\\prelovedcampus\\vendor\\laravel\\framework\\src\\Illuminate\\Database\\Eloquent\\Builder.php(2038): Illuminate\\Database\\Query\\Builder->insertGetId(Array, 'id')
#5 C:\\xampp\\htdocs\\final-project-nf\\prelovedcampus\\vendor\\laravel\\framework\\src\\Illuminate\\Database\\Eloquent\\Model.php(1358): Illuminate\\Database\\Eloquent\\Builder->__call('insertGetId', Array)
#6 C:\\xampp\\htdocs\\final-project-nf\\prelovedcampus\\vendor\\laravel\\framework\\src\\Illuminate\\Database\\Eloquent\\Model.php(1323): Illuminate\\Database\\Eloquent\\Model->insertAndSetId(Object(Illuminate\\Database\\Eloquent\\Builder), Array)
#7 C:\\xampp\\htdocs\\final-project-nf\\prelovedcampus\\vendor\\laravel\\framework\\src\\Illuminate\\Database\\Eloquent\\Model.php(1162): Illuminate\\Database\\Eloquent\\Model->performInsert(Object(Illuminate\\Database\\Eloquent\\Builder))
#8 C:\\xampp\\htdocs\\final-project-nf\\prelovedcampus\\vendor\\laravel\\framework\\src\\Illuminate\\Database\\Eloquent\\Builder.php(1079): Illuminate\\Database\\Eloquent\\Model->save()
#9 C:\\xampp\\htdocs\\final-project-nf\\prelovedcampus\\vendor\\laravel\\framework\\src\\Illuminate\\Support\\helpers.php(380): Illuminate\\Database\\Eloquent\\Builder->Illuminate\\Database\\Eloquent\\{closure}(Object(App\\Models\\User))
#10 C:\\xampp\\htdocs\\final-project-nf\\prelovedcampus\\vendor\\laravel\\framework\\src\\Illuminate\\Database\\Eloquent\\Builder.php(1078): tap(Object(App\\Models\\User), Object(Closure))
#11 C:\\xampp\\htdocs\\final-project-nf\\prelovedcampus\\vendor\\laravel\\framework\\src\\Illuminate\\Support\\Traits\\ForwardsCalls.php(23): Illuminate\\Database\\Eloquent\\Builder->create(Array)
#12 C:\\xampp\\htdocs\\final-project-nf\\prelovedcampus\\vendor\\laravel\\framework\\src\\Illuminate\\Database\\Eloquent\\Model.php(2367): Illuminate\\Database\\Eloquent\\Model->forwardCallTo(Object(Illuminate\\Database\\Eloquent\\Builder), 'create', Array)
#13 C:\\xampp\\htdocs\\final-project-nf\\prelovedcampus\\vendor\\laravel\\framework\\src\\Illuminate\\Database\\Eloquent\\Model.php(2379): Illuminate\\Database\\Eloquent\\Model->__call('create', Array)
#14 C:\\xampp\\htdocs\\final-project-nf\\prelovedcampus\\app\\Http\\Controllers\\UserController.php(51): Illuminate\\Database\\Eloquent\\Model::__callStatic('create', Array)
#15 C:\\xampp\\htdocs\\final-project-nf\\prelovedcampus\\vendor\\laravel\\framework\\src\\Illuminate\\Routing\\ControllerDispatcher.php(46): App\\Http\\Controllers\\UserController->store(Object(Illuminate\\Http\\Request))
#16 C:\\xampp\\htdocs\\final-project-nf\\prelovedcampus\\vendor\\laravel\\framework\\src\\Illuminate\\Routing\\Route.php(264): Illuminate\\Routing\\ControllerDispatcher->dispatch(Object(Illuminate\\Routing\\Route), Object(App\\Http\\Controllers\\UserController), 'store')
#17 C:\\xampp\\htdocs\\final-project-nf\\prelovedcampus\\vendor\\laravel\\framework\\src\\Illuminate\\Routing\\Route.php(210): Illuminate\\Routing\\Route->runController()
#18 C:\\xampp\\htdocs\\final-project-nf\\prelovedcampus\\vendor\\laravel\\framework\\src\\Illuminate\\Routing\\Router.php(808): Illuminate\\Routing\\Route->run()
#19 C:\\xampp\\htdocs\\final-project-nf\\prelovedcampus\\vendor\\laravel\\framework\\src\\Illuminate\\Pipeline\\Pipeline.php(144): Illuminate\\Routing\\Router->Illuminate\\Routing\\{closure}(Object(Illuminate\\Http\\Request))
#20 C:\\xampp\\htdocs\\final-project-nf\\prelovedcampus\\vendor\\laravel\\framework\\src\\Illuminate\\Routing\\Middleware\\SubstituteBindings.php(51): Illuminate\\Pipeline\\Pipeline->Illuminate\\Pipeline\\{closure}(Object(Illuminate\\Http\\Request))
#21 C:\\xampp\\htdocs\\final-project-nf\\prelovedcampus\\vendor\\laravel\\framework\\src\\Illuminate\\Pipeline\\Pipeline.php(183): Illuminate\\Routing\\Middleware\\SubstituteBindings->handle(Object(Illuminate\\Http\\Request), Object(Closure))
#22 C:\\xampp\\htdocs\\final-project-nf\\prelovedcampus\\vendor\\laravel\\framework\\src\\Illuminate\\Pipeline\\Pipeline.php(119): Illuminate\\Pipeline\\Pipeline->Illuminate\\Pipeline\\{closure}(Object(Illuminate\\Http\\Request))
#23 C:\\xampp\\htdocs\\final-project-nf\\prelovedcampus\\vendor\\laravel\\framework\\src\\Illuminate\\Routing\\Router.php(807): Illuminate\\Pipeline\\Pipeline->then(Object(Closure))
#24 C:\\xampp\\htdocs\\final-project-nf\\prelovedcampus\\vendor\\laravel\\framework\\src\\Illuminate\\Routing\\Router.php(786): Illuminate\\Routing\\Router->runRouteWithinStack(Object(Illuminate\\Routing\\Route), Object(Illuminate\\Http\\Request))
#25 C:\\xampp\\htdocs\\final-project-nf\\prelovedcampus\\vendor\\laravel\\framework\\src\\Illuminate\\Routing\\Router.php(750): Illuminate\\Routing\\Router->runRoute(Object(Illuminate\\Http\\Request), Object(Illuminate\\Routing\\Route))
#26 C:\\xampp\\htdocs\\final-project-nf\\prelovedcampus\\vendor\\laravel\\framework\\src\\Illuminate\\Routing\\Router.php(739): Illuminate\\Routing\\Router->dispatchToRoute(Object(Illuminate\\Http\\Request))
#27 C:\\xampp\\htdocs\\final-project-nf\\prelovedcampus\\vendor\\laravel\\framework\\src\\Illuminate\\Foundation\\Http\\Kernel.php(201): Illuminate\\Routing\\Router->dispatch(Object(Illuminate\\Http\\Request))
#28 C:\\xampp\\htdocs\\final-project-nf\\prelovedcampus\\vendor\\laravel\\framework\\src\\Illuminate\\Pipeline\\Pipeline.php(144): Illuminate\\Foundation\\Http\\Kernel->Illuminate\\Foundation\\Http\\{closure}(Object(Illuminate\\Http\\Request))
#29 C:\\xampp\\htdocs\\final-project-nf\\prelovedcampus\\vendor\\laravel\\framework\\src\\Illuminate\\Foundation\\Http\\Middleware\\TransformsRequest.php(21): Illuminate\\Pipeline\\Pipeline->Illuminate\\Pipeline\\{closure}(Object(Illuminate\\Http\\Request))
#30 C:\\xampp\\htdocs\\final-project-nf\\prelovedcampus\\vendor\\laravel\\framework\\src\\Illuminate\\Foundation\\Http\\Middleware\\ConvertEmptyStringsToNull.php(31): Illuminate\\Foundation\\Http\\Middleware\\TransformsRequest->handle(Object(Illuminate\\Http\\Request), Object(Closure))
#31 C:\\xampp\\htdocs\\final-project-nf\\prelovedcampus\\vendor\\laravel\\framework\\src\\Illuminate\\Pipeline\\Pipeline.php(183): Illuminate\\Foundation\\Http\\Middleware\\ConvertEmptyStringsToNull->handle(Object(Illuminate\\Http\\Request), Object(Closure))
#32 C:\\xampp\\htdocs\\final-project-nf\\prelovedcampus\\vendor\\laravel\\framework\\src\\Illuminate\\Foundation\\Http\\Middleware\\TransformsRequest.php(21): Illuminate\\Pipeline\\Pipeline->Illuminate\\Pipeline\\{closure}(Object(Illuminate\\Http\\Request))
#33 C:\\xampp\\htdocs\\final-project-nf\\prelovedcampus\\vendor\\laravel\\framework\\src\\Illuminate\\Foundation\\Http\\Middleware\\TrimStrings.php(51): Illuminate\\Foundation\\Http\\Middleware\\TransformsRequest->handle(Object(Illuminate\\Http\\Request), Object(Closure))
#34 C:\\xampp\\htdocs\\final-project-nf\\prelovedcampus\\vendor\\laravel\\framework\\src\\Illuminate\\Pipeline\\Pipeline.php(183): Illuminate\\Foundation\\Http\\Middleware\\TrimStrings->handle(Object(Illuminate\\Http\\Request), Object(Closure))
#35 C:\\xampp\\htdocs\\final-project-nf\\prelovedcampus\\vendor\\laravel\\framework\\src\\Illuminate\\Http\\Middleware\\ValidatePostSize.php(27): Illuminate\\Pipeline\\Pipeline->Illuminate\\Pipeline\\{closure}(Object(Illuminate\\Http\\Request))
#36 C:\\xampp\\htdocs\\final-project-nf\\prelovedcampus\\vendor\\laravel\\framework\\src\\Illuminate\\Pipeline\\Pipeline.php(183): Illuminate\\Http\\Middleware\\ValidatePostSize->handle(Object(Illuminate\\Http\\Request), Object(Closure))
#37 C:\\xampp\\htdocs\\final-project-nf\\prelovedcampus\\vendor\\laravel\\framework\\src\\Illuminate\\Foundation\\Http\\Middleware\\PreventRequestsDuringMaintenance.php(110): Illuminate\\Pipeline\\Pipeline->Illuminate\\Pipeline\\{closure}(Object(Illuminate\\Http\\Request))
#38 C:\\xampp\\htdocs\\final-project-nf\\prelovedcampus\\vendor\\laravel\\framework\\src\\Illuminate\\Pipeline\\Pipeline.php(183): Illuminate\\Foundation\\Http\\Middleware\\PreventRequestsDuringMaintenance->handle(Object(Illuminate\\Http\\Request), Object(Closure))
#39 C:\\xampp\\htdocs\\final-project-nf\\prelovedcampus\\vendor\\laravel\\framework\\src\\Illuminate\\Http\\Middleware\\HandleCors.php(62): Illuminate\\Pipeline\\Pipeline->Illuminate\\Pipeline\\{closure}(Object(Illuminate\\Http\\Request))
#40 C:\\xampp\\htdocs\\final-project-nf\\prelovedcampus\\vendor\\laravel\\framework\\src\\Illuminate\\Pipeline\\Pipeline.php(183): Illuminate\\Http\\Middleware\\HandleCors->handle(Object(Illuminate\\Http\\Request), Object(Closure))
#41 C:\\xampp\\htdocs\\final-project-nf\\prelovedcampus\\vendor\\laravel\\framework\\src\\Illuminate\\Http\\Middleware\\TrustProxies.php(58): Illuminate\\Pipeline\\Pipeline->Illuminate\\Pipeline\\{closure}(Object(Illuminate\\Http\\Request))
#42 C:\\xampp\\htdocs\\final-project-nf\\prelovedcampus\\vendor\\laravel\\framework\\src\\Illuminate\\Pipeline\\Pipeline.php(183): Illuminate\\Http\\Middleware\\TrustProxies->handle(Object(Illuminate\\Http\\Request), Object(Closure))
#43 C:\\xampp\\htdocs\\final-project-nf\\prelovedcampus\\vendor\\laravel\\framework\\src\\Illuminate\\Foundation\\Http\\Middleware\\InvokeDeferredCallbacks.php(22): Illuminate\\Pipeline\\Pipeline->Illuminate\\Pipeline\\{closure}(Object(Illuminate\\Http\\Request))
#44 C:\\xampp\\htdocs\\final-project-nf\\prelovedcampus\\vendor\\laravel\\framework\\src\\Illuminate\\Pipeline\\Pipeline.php(183): Illuminate\\Foundation\\Http\\Middleware\\InvokeDeferredCallbacks->handle(Object(Illuminate\\Http\\Request), Object(Closure))
#45 C:\\xampp\\htdocs\\final-project-nf\\prelovedcampus\\vendor\\laravel\\framework\\src\\Illuminate\\Pipeline\\Pipeline.php(119): Illuminate\\Pipeline\\Pipeline->Illuminate\\Pipeline\\{closure}(Object(Illuminate\\Http\\Request))
#46 C:\\xampp\\htdocs\\final-project-nf\\prelovedcampus\\vendor\\laravel\\framework\\src\\Illuminate\\Foundation\\Http\\Kernel.php(176): Illuminate\\Pipeline\\Pipeline->then(Object(Closure))
#47 C:\\xampp\\htdocs\\final-project-nf\\prelovedcampus\\vendor\\laravel\\framework\\src\\Illuminate\\Foundation\\Http\\Kernel.php(145): Illuminate\\Foundation\\Http\\Kernel->sendRequestThroughRouter(Object(Illuminate\\Http\\Request))
#48 C:\\xampp\\htdocs\\final-project-nf\\prelovedcampus\\vendor\\laravel\\framework\\src\\Illuminate\\Foundation\\Application.php(1188): Illuminate\\Foundation\\Http\\Kernel->handle(Object(Illuminate\\Http\\Request))
#49 C:\\xampp\\htdocs\\final-project-nf\\prelovedcampus\\public\\index.php(17): Illuminate\\Foundation\\Application->handleRequest(Object(Illuminate\\Http\\Request))
#50 C:\\xampp\\htdocs\\final-project-nf\\prelovedcampus\\vendor\\laravel\\framework\\src\\Illuminate\\Foundation\\resources\\server.php(23): require_once('C:\\\\xampp\\\\htdocs...')
#51 {main}

[previous exception] [object] (PDOException(code: 22001): SQLSTATE[22001]: String data, right truncated: 1406 Data too long for column 'password' at row 1 at C:\\xampp\\htdocs\\final-project-nf\\prelovedcampus\\vendor\\laravel\\framework\\src\\Illuminate\\Database\\MySqlConnection.php:53)
[stacktrace]
#0 C:\\xampp\\htdocs\\final-project-nf\\prelovedcampus\\vendor\\laravel\\framework\\src\\Illuminate\\Database\\MySqlConnection.php(53): PDOStatement->execute()
#1 C:\\xampp\\htdocs\\final-project-nf\\prelovedcampus\\vendor\\laravel\\framework\\src\\Illuminate\\Database\\Connection.php(812): Illuminate\\Database\\MySqlConnection->Illuminate\\Database\\{closure}('insert into `us...', Array)
#2 C:\\xampp\\htdocs\\final-project-nf\\prelovedcampus\\vendor\\laravel\\framework\\src\\Illuminate\\Database\\Connection.php(779): Illuminate\\Database\\Connection->runQueryCallback('insert into `us...', Array, Object(Closure))
#3 C:\\xampp\\htdocs\\final-project-nf\\prelovedcampus\\vendor\\laravel\\framework\\src\\Illuminate\\Database\\MySqlConnection.php(42): Illuminate\\Database\\Connection->run('insert into `us...', Array, Object(Closure))
#4 C:\\xampp\\htdocs\\final-project-nf\\prelovedcampus\\vendor\\laravel\\framework\\src\\Illuminate\\Database\\Query\\Processors\\MySqlProcessor.php(35): Illuminate\\Database\\MySqlConnection->insert('insert into `us...', Array, 'id')
#5 C:\\xampp\\htdocs\\final-project-nf\\prelovedcampus\\vendor\\laravel\\framework\\src\\Illuminate\\Database\\Query\\Builder.php(3798): Illuminate\\Database\\Query\\Processors\\MySqlProcessor->processInsertGetId(Object(Illuminate\\Database\\Query\\Builder), 'insert into `us...', Array, 'id')
#6 C:\\xampp\\htdocs\\final-project-nf\\prelovedcampus\\vendor\\laravel\\framework\\src\\Illuminate\\Database\\Eloquent\\Builder.php(2038): Illuminate\\Database\\Query\\Builder->insertGetId(Array, 'id')
#7 C:\\xampp\\htdocs\\final-project-nf\\prelovedcampus\\vendor\\laravel\\framework\\src\\Illuminate\\Database\\Eloquent\\Model.php(1358): Illuminate\\Database\\Eloquent\\Builder->__call('insertGetId', Array)
#8 C:\\xampp\\htdocs\\final-project-nf\\prelovedcampus\\vendor\\laravel\\framework\\src\\Illuminate\\Database\\Eloquent\\Model.php(1323): Illuminate\\Database\\Eloquent\\Model->insertAndSetId(Object(Illuminate\\Database\\Eloquent\\Builder), Array)
#9 C:\\xampp\\htdocs\\final-project-nf\\prelovedcampus\\vendor\\laravel\\framework\\src\\Illuminate\\Database\\Eloquent\\Model.php(1162): Illuminate\\Database\\Eloquent\\Model->performInsert(Object(Illuminate\\Database\\Eloquent\\Builder))
#10 C:\\xampp\\htdocs\\final-project-nf\\prelovedcampus\\vendor\\laravel\\framework\\src\\Illuminate\\Database\\Eloquent\\Builder.php(1079): Illuminate\\Database\\Eloquent\\Model->save()
#11 C:\\xampp\\htdocs\\final-project-nf\\prelovedcampus\\vendor\\laravel\\framework\\src\\Illuminate\\Support\\helpers.php(380): Illuminate\\Database\\Eloquent\\Builder->Illuminate\\Database\\Eloquent\\{closure}(Object(App\\Models\\User))
#12 C:\\xampp\\htdocs\\final-project-nf\\prelovedcampus\\vendor\\laravel\\framework\\src\\Illuminate\\Database\\Eloquent\\Builder.php(1078): tap(Object(App\\Models\\User), Object(Closure))
#13 C:\\xampp\\htdocs\\final-project-nf\\prelovedcampus\\vendor\\laravel\\framework\\src\\Illuminate\\Support\\Traits\\ForwardsCalls.php(23): Illuminate\\Database\\Eloquent\\Builder->create(Array)
#14 C:\\xampp\\htdocs\\final-project-nf\\prelovedcampus\\vendor\\laravel\\framework\\src\\Illuminate\\Database\\Eloquent\\Model.php(2367): Illuminate\\Database\\Eloquent\\Model->forwardCallTo(Object(Illuminate\\Database\\Eloquent\\Builder), 'create', Array)
#15 C:\\xampp\\htdocs\\final-project-nf\\prelovedcampus\\vendor\\laravel\\framework\\src\\Illuminate\\Database\\Eloquent\\Model.php(2379): Illuminate\\Database\\Eloquent\\Model->__call('create', Array)
#16 C:\\xampp\\htdocs\\final-project-nf\\prelovedcampus\\app\\Http\\Controllers\\UserController.php(51): Illuminate\\Database\\Eloquent\\Model::__callStatic('create', Array)
#17 C:\\xampp\\htdocs\\final-project-nf\\prelovedcampus\\vendor\\laravel\\framework\\src\\Illuminate\\Routing\\ControllerDispatcher.php(46): App\\Http\\Controllers\\UserController->store(Object(Illuminate\\Http\\Request))
#18 C:\\xampp\\htdocs\\final-project-nf\\prelovedcampus\\vendor\\laravel\\framework\\src\\Illuminate\\Routing\\Route.php(264): Illuminate\\Routing\\ControllerDispatcher->dispatch(Object(Illuminate\\Routing\\Route), Object(App\\Http\\Controllers\\UserController), 'store')
#19 C:\\xampp\\htdocs\\final-project-nf\\prelovedcampus\\vendor\\laravel\\framework\\src\\Illuminate\\Routing\\Route.php(210): Illuminate\\Routing\\Route->runController()
#20 C:\\xampp\\htdocs\\final-project-nf\\prelovedcampus\\vendor\\laravel\\framework\\src\\Illuminate\\Routing\\Router.php(808): Illuminate\\Routing\\Route->run()
#21 C:\\xampp\\htdocs\\final-project-nf\\prelovedcampus\\vendor\\laravel\\framework\\src\\Illuminate\\Pipeline\\Pipeline.php(144): Illuminate\\Routing\\Router->Illuminate\\Routing\\{closure}(Object(Illuminate\\Http\\Request))
#22 C:\\xampp\\htdocs\\final-project-nf\\prelovedcampus\\vendor\\laravel\\framework\\src\\Illuminate\\Routing\\Middleware\\SubstituteBindings.php(51): Illuminate\\Pipeline\\Pipeline->Illuminate\\Pipeline\\{closure}(Object(Illuminate\\Http\\Request))
#23 C:\\xampp\\htdocs\\final-project-nf\\prelovedcampus\\vendor\\laravel\\framework\\src\\Illuminate\\Pipeline\\Pipeline.php(183): Illuminate\\Routing\\Middleware\\SubstituteBindings->handle(Object(Illuminate\\Http\\Request), Object(Closure))
#24 C:\\xampp\\htdocs\\final-project-nf\\prelovedcampus\\vendor\\laravel\\framework\\src\\Illuminate\\Pipeline\\Pipeline.php(119): Illuminate\\Pipeline\\Pipeline->Illuminate\\Pipeline\\{closure}(Object(Illuminate\\Http\\Request))
#25 C:\\xampp\\htdocs\\final-project-nf\\prelovedcampus\\vendor\\laravel\\framework\\src\\Illuminate\\Routing\\Router.php(807): Illuminate\\Pipeline\\Pipeline->then(Object(Closure))
#26 C:\\xampp\\htdocs\\final-project-nf\\prelovedcampus\\vendor\\laravel\\framework\\src\\Illuminate\\Routing\\Router.php(786): Illuminate\\Routing\\Router->runRouteWithinStack(Object(Illuminate\\Routing\\Route), Object(Illuminate\\Http\\Request))
#27 C:\\xampp\\htdocs\\final-project-nf\\prelovedcampus\\vendor\\laravel\\framework\\src\\Illuminate\\Routing\\Router.php(750): Illuminate\\Routing\\Router->runRoute(Object(Illuminate\\Http\\Request), Object(Illuminate\\Routing\\Route))
#28 C:\\xampp\\htdocs\\final-project-nf\\prelovedcampus\\vendor\\laravel\\framework\\src\\Illuminate\\Routing\\Router.php(739): Illuminate\\Routing\\Router->dispatchToRoute(Object(Illuminate\\Http\\Request))
#29 C:\\xampp\\htdocs\\final-project-nf\\prelovedcampus\\vendor\\laravel\\framework\\src\\Illuminate\\Foundation\\Http\\Kernel.php(201): Illuminate\\Routing\\Router->dispatch(Object(Illuminate\\Http\\Request))
#30 C:\\xampp\\htdocs\\final-project-nf\\prelovedcampus\\vendor\\laravel\\framework\\src\\Illuminate\\Pipeline\\Pipeline.php(144): Illuminate\\Foundation\\Http\\Kernel->Illuminate\\Foundation\\Http\\{closure}(Object(Illuminate\\Http\\Request))
#31 C:\\xampp\\htdocs\\final-project-nf\\prelovedcampus\\vendor\\laravel\\framework\\src\\Illuminate\\Foundation\\Http\\Middleware\\TransformsRequest.php(21): Illuminate\\Pipeline\\Pipeline->Illuminate\\Pipeline\\{closure}(Object(Illuminate\\Http\\Request))
#32 C:\\xampp\\htdocs\\final-project-nf\\prelovedcampus\\vendor\\laravel\\framework\\src\\Illuminate\\Foundation\\Http\\Middleware\\ConvertEmptyStringsToNull.php(31): Illuminate\\Foundation\\Http\\Middleware\\TransformsRequest->handle(Object(Illuminate\\Http\\Request), Object(Closure))
#33 C:\\xampp\\htdocs\\final-project-nf\\prelovedcampus\\vendor\\laravel\\framework\\src\\Illuminate\\Pipeline\\Pipeline.php(183): Illuminate\\Foundation\\Http\\Middleware\\ConvertEmptyStringsToNull->handle(Object(Illuminate\\Http\\Request), Object(Closure))
#34 C:\\xampp\\htdocs\\final-project-nf\\prelovedcampus\\vendor\\laravel\\framework\\src\\Illuminate\\Foundation\\Http\\Middleware\\TransformsRequest.php(21): Illuminate\\Pipeline\\Pipeline->Illuminate\\Pipeline\\{closure}(Object(Illuminate\\Http\\Request))
#35 C:\\xampp\\htdocs\\final-project-nf\\prelovedcampus\\vendor\\laravel\\framework\\src\\Illuminate\\Foundation\\Http\\Middleware\\TrimStrings.php(51): Illuminate\\Foundation\\Http\\Middleware\\TransformsRequest->handle(Object(Illuminate\\Http\\Request), Object(Closure))
#36 C:\\xampp\\htdocs\\final-project-nf\\prelovedcampus\\vendor\\laravel\\framework\\src\\Illuminate\\Pipeline\\Pipeline.php(183): Illuminate\\Foundation\\Http\\Middleware\\TrimStrings->handle(Object(Illuminate\\Http\\Request), Object(Closure))
#37 C:\\xampp\\htdocs\\final-project-nf\\prelovedcampus\\vendor\\laravel\\framework\\src\\Illuminate\\Http\\Middleware\\ValidatePostSize.php(27): Illuminate\\Pipeline\\Pipeline->Illuminate\\Pipeline\\{closure}(Object(Illuminate\\Http\\Request))
#38 C:\\xampp\\htdocs\\final-project-nf\\prelovedcampus\\vendor\\laravel\\framework\\src\\Illuminate\\Pipeline\\Pipeline.php(183): Illuminate\\Http\\Middleware\\ValidatePostSize->handle(Object(Illuminate\\Http\\Request), Object(Closure))
#39 C:\\xampp\\htdocs\\final-project-nf\\prelovedcampus\\vendor\\laravel\\framework\\src\\Illuminate\\Foundation\\Http\\Middleware\\PreventRequestsDuringMaintenance.php(110): Illuminate\\Pipeline\\Pipeline->Illuminate\\Pipeline\\{closure}(Object(Illuminate\\Http\\Request))
#40 C:\\xampp\\htdocs\\final-project-nf\\prelovedcampus\\vendor\\laravel\\framework\\src\\Illuminate\\Pipeline\\Pipeline.php(183): Illuminate\\Foundation\\Http\\Middleware\\PreventRequestsDuringMaintenance->handle(Object(Illuminate\\Http\\Request), Object(Closure))
#41 C:\\xampp\\htdocs\\final-project-nf\\prelovedcampus\\vendor\\laravel\\framework\\src\\Illuminate\\Http\\Middleware\\HandleCors.php(62): Illuminate\\Pipeline\\Pipeline->Illuminate\\Pipeline\\{closure}(Object(Illuminate\\Http\\Request))
#42 C:\\xampp\\htdocs\\final-project-nf\\prelovedcampus\\vendor\\laravel\\framework\\src\\Illuminate\\Pipeline\\Pipeline.php(183): Illuminate\\Http\\Middleware\\HandleCors->handle(Object(Illuminate\\Http\\Request), Object(Closure))
#43 C:\\xampp\\htdocs\\final-project-nf\\prelovedcampus\\vendor\\laravel\\framework\\src\\Illuminate\\Http\\Middleware\\TrustProxies.php(58): Illuminate\\Pipeline\\Pipeline->Illuminate\\Pipeline\\{closure}(Object(Illuminate\\Http\\Request))
#44 C:\\xampp\\htdocs\\final-project-nf\\prelovedcampus\\vendor\\laravel\\framework\\src\\Illuminate\\Pipeline\\Pipeline.php(183): Illuminate\\Http\\Middleware\\TrustProxies->handle(Object(Illuminate\\Http\\Request), Object(Closure))
#45 C:\\xampp\\htdocs\\final-project-nf\\prelovedcampus\\vendor\\laravel\\framework\\src\\Illuminate\\Foundation\\Http\\Middleware\\InvokeDeferredCallbacks.php(22): Illuminate\\Pipeline\\Pipeline->Illuminate\\Pipeline\\{closure}(Object(Illuminate\\Http\\Request))
#46 C:\\xampp\\htdocs\\final-project-nf\\prelovedcampus\\vendor\\laravel\\framework\\src\\Illuminate\\Pipeline\\Pipeline.php(183): Illuminate\\Foundation\\Http\\Middleware\\InvokeDeferredCallbacks->handle(Object(Illuminate\\Http\\Request), Object(Closure))
#47 C:\\xampp\\htdocs\\final-project-nf\\prelovedcampus\\vendor\\laravel\\framework\\src\\Illuminate\\Pipeline\\Pipeline.php(119): Illuminate\\Pipeline\\Pipeline->Illuminate\\Pipeline\\{closure}(Object(Illuminate\\Http\\Request))
#48 C:\\xampp\\htdocs\\final-project-nf\\prelovedcampus\\vendor\\laravel\\framework\\src\\Illuminate\\Foundation\\Http\\Kernel.php(176): Illuminate\\Pipeline\\Pipeline->then(Object(Closure))
#49 C:\\xampp\\htdocs\\final-project-nf\\prelovedcampus\\vendor\\laravel\\framework\\src\\Illuminate\\Foundation\\Http\\Kernel.php(145): Illuminate\\Foundation\\Http\\Kernel->sendRequestThroughRouter(Object(Illuminate\\Http\\Request))
#50 C:\\xampp\\htdocs\\final-project-nf\\prelovedcampus\\vendor\\laravel\\framework\\src\\Illuminate\\Foundation\\Application.php(1188): Illuminate\\Foundation\\Http\\Kernel->handle(Object(Illuminate\\Http\\Request))
#51 C:\\xampp\\htdocs\\final-project-nf\\prelovedcampus\\public\\index.php(17): Illuminate\\Foundation\\Application->handleRequest(Object(Illuminate\\Http\\Request))
#52 C:\\xampp\\htdocs\\final-project-nf\\prelovedcampus\\vendor\\laravel\\framework\\src\\Illuminate\\Foundation\\resources\\server.php(23): require_once('C:\\\\xampp\\\\htdocs...')
#53 {main}
"} 
[2024-11-11 18:18:21] local.ERROR: SQLSTATE[23000]: Integrity constraint violation: 1048 Column 'password' cannot be null (Connection: mysql, SQL: insert into `user` (`nama`, `email`, `password`, `foto`, `no_hp`, `alamat`, `role_id`) values (Franky Delphi, franky@gmail.com, ?, franky.jpg, 43654365, Jl. Haji Rusdi No. 21, 2)) {"exception":"[object] (Illuminate\\Database\\QueryException(code: 23000): SQLSTATE[23000]: Integrity constraint violation: 1048 Column 'password' cannot be null (Connection: mysql, SQL: insert into `user` (`nama`, `email`, `password`, `foto`, `no_hp`, `alamat`, `role_id`) values (Franky Delphi, franky@gmail.com, ?, franky.jpg, 43654365, Jl. Haji Rusdi No. 21, 2)) at C:\\xampp\\htdocs\\final-project-nf\\prelovedcampus\\vendor\\laravel\\framework\\src\\Illuminate\\Database\\Connection.php:825)
[stacktrace]
#0 C:\\xampp\\htdocs\\final-project-nf\\prelovedcampus\\vendor\\laravel\\framework\\src\\Illuminate\\Database\\Connection.php(779): Illuminate\\Database\\Connection->runQueryCallback('insert into `us...', Array, Object(Closure))
#1 C:\\xampp\\htdocs\\final-project-nf\\prelovedcampus\\vendor\\laravel\\framework\\src\\Illuminate\\Database\\MySqlConnection.php(42): Illuminate\\Database\\Connection->run('insert into `us...', Array, Object(Closure))
#2 C:\\xampp\\htdocs\\final-project-nf\\prelovedcampus\\vendor\\laravel\\framework\\src\\Illuminate\\Database\\Query\\Processors\\MySqlProcessor.php(35): Illuminate\\Database\\MySqlConnection->insert('insert into `us...', Array, 'id')
#3 C:\\xampp\\htdocs\\final-project-nf\\prelovedcampus\\vendor\\laravel\\framework\\src\\Illuminate\\Database\\Query\\Builder.php(3798): Illuminate\\Database\\Query\\Processors\\MySqlProcessor->processInsertGetId(Object(Illuminate\\Database\\Query\\Builder), 'insert into `us...', Array, 'id')
#4 C:\\xampp\\htdocs\\final-project-nf\\prelovedcampus\\vendor\\laravel\\framework\\src\\Illuminate\\Database\\Eloquent\\Builder.php(2038): Illuminate\\Database\\Query\\Builder->insertGetId(Array, 'id')
#5 C:\\xampp\\htdocs\\final-project-nf\\prelovedcampus\\vendor\\laravel\\framework\\src\\Illuminate\\Database\\Eloquent\\Model.php(1358): Illuminate\\Database\\Eloquent\\Builder->__call('insertGetId', Array)
#6 C:\\xampp\\htdocs\\final-project-nf\\prelovedcampus\\vendor\\laravel\\framework\\src\\Illuminate\\Database\\Eloquent\\Model.php(1323): Illuminate\\Database\\Eloquent\\Model->insertAndSetId(Object(Illuminate\\Database\\Eloquent\\Builder), Array)
#7 C:\\xampp\\htdocs\\final-project-nf\\prelovedcampus\\vendor\\laravel\\framework\\src\\Illuminate\\Database\\Eloquent\\Model.php(1162): Illuminate\\Database\\Eloquent\\Model->performInsert(Object(Illuminate\\Database\\Eloquent\\Builder))
#8 C:\\xampp\\htdocs\\final-project-nf\\prelovedcampus\\vendor\\laravel\\framework\\src\\Illuminate\\Database\\Eloquent\\Builder.php(1079): Illuminate\\Database\\Eloquent\\Model->save()
#9 C:\\xampp\\htdocs\\final-project-nf\\prelovedcampus\\vendor\\laravel\\framework\\src\\Illuminate\\Support\\helpers.php(380): Illuminate\\Database\\Eloquent\\Builder->Illuminate\\Database\\Eloquent\\{closure}(Object(App\\Models\\User))
#10 C:\\xampp\\htdocs\\final-project-nf\\prelovedcampus\\vendor\\laravel\\framework\\src\\Illuminate\\Database\\Eloquent\\Builder.php(1078): tap(Object(App\\Models\\User), Object(Closure))
#11 C:\\xampp\\htdocs\\final-project-nf\\prelovedcampus\\vendor\\laravel\\framework\\src\\Illuminate\\Support\\Traits\\ForwardsCalls.php(23): Illuminate\\Database\\Eloquent\\Builder->create(Array)
#12 C:\\xampp\\htdocs\\final-project-nf\\prelovedcampus\\vendor\\laravel\\framework\\src\\Illuminate\\Database\\Eloquent\\Model.php(2367): Illuminate\\Database\\Eloquent\\Model->forwardCallTo(Object(Illuminate\\Database\\Eloquent\\Builder), 'create', Array)
#13 C:\\xampp\\htdocs\\final-project-nf\\prelovedcampus\\vendor\\laravel\\framework\\src\\Illuminate\\Database\\Eloquent\\Model.php(2379): Illuminate\\Database\\Eloquent\\Model->__call('create', Array)
#14 C:\\xampp\\htdocs\\final-project-nf\\prelovedcampus\\app\\Http\\Controllers\\UserController.php(51): Illuminate\\Database\\Eloquent\\Model::__callStatic('create', Array)
#15 C:\\xampp\\htdocs\\final-project-nf\\prelovedcampus\\vendor\\laravel\\framework\\src\\Illuminate\\Routing\\ControllerDispatcher.php(46): App\\Http\\Controllers\\UserController->store(Object(Illuminate\\Http\\Request))
#16 C:\\xampp\\htdocs\\final-project-nf\\prelovedcampus\\vendor\\laravel\\framework\\src\\Illuminate\\Routing\\Route.php(264): Illuminate\\Routing\\ControllerDispatcher->dispatch(Object(Illuminate\\Routing\\Route), Object(App\\Http\\Controllers\\UserController), 'store')
#17 C:\\xampp\\htdocs\\final-project-nf\\prelovedcampus\\vendor\\laravel\\framework\\src\\Illuminate\\Routing\\Route.php(210): Illuminate\\Routing\\Route->runController()
#18 C:\\xampp\\htdocs\\final-project-nf\\prelovedcampus\\vendor\\laravel\\framework\\src\\Illuminate\\Routing\\Router.php(808): Illuminate\\Routing\\Route->run()
#19 C:\\xampp\\htdocs\\final-project-nf\\prelovedcampus\\vendor\\laravel\\framework\\src\\Illuminate\\Pipeline\\Pipeline.php(144): Illuminate\\Routing\\Router->Illuminate\\Routing\\{closure}(Object(Illuminate\\Http\\Request))
#20 C:\\xampp\\htdocs\\final-project-nf\\prelovedcampus\\vendor\\laravel\\framework\\src\\Illuminate\\Routing\\Middleware\\SubstituteBindings.php(51): Illuminate\\Pipeline\\Pipeline->Illuminate\\Pipeline\\{closure}(Object(Illuminate\\Http\\Request))
#21 C:\\xampp\\htdocs\\final-project-nf\\prelovedcampus\\vendor\\laravel\\framework\\src\\Illuminate\\Pipeline\\Pipeline.php(183): Illuminate\\Routing\\Middleware\\SubstituteBindings->handle(Object(Illuminate\\Http\\Request), Object(Closure))
#22 C:\\xampp\\htdocs\\final-project-nf\\prelovedcampus\\vendor\\laravel\\framework\\src\\Illuminate\\Pipeline\\Pipeline.php(119): Illuminate\\Pipeline\\Pipeline->Illuminate\\Pipeline\\{closure}(Object(Illuminate\\Http\\Request))
#23 C:\\xampp\\htdocs\\final-project-nf\\prelovedcampus\\vendor\\laravel\\framework\\src\\Illuminate\\Routing\\Router.php(807): Illuminate\\Pipeline\\Pipeline->then(Object(Closure))
#24 C:\\xampp\\htdocs\\final-project-nf\\prelovedcampus\\vendor\\laravel\\framework\\src\\Illuminate\\Routing\\Router.php(786): Illuminate\\Routing\\Router->runRouteWithinStack(Object(Illuminate\\Routing\\Route), Object(Illuminate\\Http\\Request))
#25 C:\\xampp\\htdocs\\final-project-nf\\prelovedcampus\\vendor\\laravel\\framework\\src\\Illuminate\\Routing\\Router.php(750): Illuminate\\Routing\\Router->runRoute(Object(Illuminate\\Http\\Request), Object(Illuminate\\Routing\\Route))
#26 C:\\xampp\\htdocs\\final-project-nf\\prelovedcampus\\vendor\\laravel\\framework\\src\\Illuminate\\Routing\\Router.php(739): Illuminate\\Routing\\Router->dispatchToRoute(Object(Illuminate\\Http\\Request))
#27 C:\\xampp\\htdocs\\final-project-nf\\prelovedcampus\\vendor\\laravel\\framework\\src\\Illuminate\\Foundation\\Http\\Kernel.php(201): Illuminate\\Routing\\Router->dispatch(Object(Illuminate\\Http\\Request))
#28 C:\\xampp\\htdocs\\final-project-nf\\prelovedcampus\\vendor\\laravel\\framework\\src\\Illuminate\\Pipeline\\Pipeline.php(144): Illuminate\\Foundation\\Http\\Kernel->Illuminate\\Foundation\\Http\\{closure}(Object(Illuminate\\Http\\Request))
#29 C:\\xampp\\htdocs\\final-project-nf\\prelovedcampus\\vendor\\laravel\\framework\\src\\Illuminate\\Foundation\\Http\\Middleware\\TransformsRequest.php(21): Illuminate\\Pipeline\\Pipeline->Illuminate\\Pipeline\\{closure}(Object(Illuminate\\Http\\Request))
#30 C:\\xampp\\htdocs\\final-project-nf\\prelovedcampus\\vendor\\laravel\\framework\\src\\Illuminate\\Foundation\\Http\\Middleware\\ConvertEmptyStringsToNull.php(31): Illuminate\\Foundation\\Http\\Middleware\\TransformsRequest->handle(Object(Illuminate\\Http\\Request), Object(Closure))
#31 C:\\xampp\\htdocs\\final-project-nf\\prelovedcampus\\vendor\\laravel\\framework\\src\\Illuminate\\Pipeline\\Pipeline.php(183): Illuminate\\Foundation\\Http\\Middleware\\ConvertEmptyStringsToNull->handle(Object(Illuminate\\Http\\Request), Object(Closure))
#32 C:\\xampp\\htdocs\\final-project-nf\\prelovedcampus\\vendor\\laravel\\framework\\src\\Illuminate\\Foundation\\Http\\Middleware\\TransformsRequest.php(21): Illuminate\\Pipeline\\Pipeline->Illuminate\\Pipeline\\{closure}(Object(Illuminate\\Http\\Request))
#33 C:\\xampp\\htdocs\\final-project-nf\\prelovedcampus\\vendor\\laravel\\framework\\src\\Illuminate\\Foundation\\Http\\Middleware\\TrimStrings.php(51): Illuminate\\Foundation\\Http\\Middleware\\TransformsRequest->handle(Object(Illuminate\\Http\\Request), Object(Closure))
#34 C:\\xampp\\htdocs\\final-project-nf\\prelovedcampus\\vendor\\laravel\\framework\\src\\Illuminate\\Pipeline\\Pipeline.php(183): Illuminate\\Foundation\\Http\\Middleware\\TrimStrings->handle(Object(Illuminate\\Http\\Request), Object(Closure))
#35 C:\\xampp\\htdocs\\final-project-nf\\prelovedcampus\\vendor\\laravel\\framework\\src\\Illuminate\\Http\\Middleware\\ValidatePostSize.php(27): Illuminate\\Pipeline\\Pipeline->Illuminate\\Pipeline\\{closure}(Object(Illuminate\\Http\\Request))
#36 C:\\xampp\\htdocs\\final-project-nf\\prelovedcampus\\vendor\\laravel\\framework\\src\\Illuminate\\Pipeline\\Pipeline.php(183): Illuminate\\Http\\Middleware\\ValidatePostSize->handle(Object(Illuminate\\Http\\Request), Object(Closure))
#37 C:\\xampp\\htdocs\\final-project-nf\\prelovedcampus\\vendor\\laravel\\framework\\src\\Illuminate\\Foundation\\Http\\Middleware\\PreventRequestsDuringMaintenance.php(110): Illuminate\\Pipeline\\Pipeline->Illuminate\\Pipeline\\{closure}(Object(Illuminate\\Http\\Request))
#38 C:\\xampp\\htdocs\\final-project-nf\\prelovedcampus\\vendor\\laravel\\framework\\src\\Illuminate\\Pipeline\\Pipeline.php(183): Illuminate\\Foundation\\Http\\Middleware\\PreventRequestsDuringMaintenance->handle(Object(Illuminate\\Http\\Request), Object(Closure))
#39 C:\\xampp\\htdocs\\final-project-nf\\prelovedcampus\\vendor\\laravel\\framework\\src\\Illuminate\\Http\\Middleware\\HandleCors.php(62): Illuminate\\Pipeline\\Pipeline->Illuminate\\Pipeline\\{closure}(Object(Illuminate\\Http\\Request))
#40 C:\\xampp\\htdocs\\final-project-nf\\prelovedcampus\\vendor\\laravel\\framework\\src\\Illuminate\\Pipeline\\Pipeline.php(183): Illuminate\\Http\\Middleware\\HandleCors->handle(Object(Illuminate\\Http\\Request), Object(Closure))
#41 C:\\xampp\\htdocs\\final-project-nf\\prelovedcampus\\vendor\\laravel\\framework\\src\\Illuminate\\Http\\Middleware\\TrustProxies.php(58): Illuminate\\Pipeline\\Pipeline->Illuminate\\Pipeline\\{closure}(Object(Illuminate\\Http\\Request))
#42 C:\\xampp\\htdocs\\final-project-nf\\prelovedcampus\\vendor\\laravel\\framework\\src\\Illuminate\\Pipeline\\Pipeline.php(183): Illuminate\\Http\\Middleware\\TrustProxies->handle(Object(Illuminate\\Http\\Request), Object(Closure))
#43 C:\\xampp\\htdocs\\final-project-nf\\prelovedcampus\\vendor\\laravel\\framework\\src\\Illuminate\\Foundation\\Http\\Middleware\\InvokeDeferredCallbacks.php(22): Illuminate\\Pipeline\\Pipeline->Illuminate\\Pipeline\\{closure}(Object(Illuminate\\Http\\Request))
#44 C:\\xampp\\htdocs\\final-project-nf\\prelovedcampus\\vendor\\laravel\\framework\\src\\Illuminate\\Pipeline\\Pipeline.php(183): Illuminate\\Foundation\\Http\\Middleware\\InvokeDeferredCallbacks->handle(Object(Illuminate\\Http\\Request), Object(Closure))
#45 C:\\xampp\\htdocs\\final-project-nf\\prelovedcampus\\vendor\\laravel\\framework\\src\\Illuminate\\Pipeline\\Pipeline.php(119): Illuminate\\Pipeline\\Pipeline->Illuminate\\Pipeline\\{closure}(Object(Illuminate\\Http\\Request))
#46 C:\\xampp\\htdocs\\final-project-nf\\prelovedcampus\\vendor\\laravel\\framework\\src\\Illuminate\\Foundation\\Http\\Kernel.php(176): Illuminate\\Pipeline\\Pipeline->then(Object(Closure))
#47 C:\\xampp\\htdocs\\final-project-nf\\prelovedcampus\\vendor\\laravel\\framework\\src\\Illuminate\\Foundation\\Http\\Kernel.php(145): Illuminate\\Foundation\\Http\\Kernel->sendRequestThroughRouter(Object(Illuminate\\Http\\Request))
#48 C:\\xampp\\htdocs\\final-project-nf\\prelovedcampus\\vendor\\laravel\\framework\\src\\Illuminate\\Foundation\\Application.php(1188): Illuminate\\Foundation\\Http\\Kernel->handle(Object(Illuminate\\Http\\Request))
#49 C:\\xampp\\htdocs\\final-project-nf\\prelovedcampus\\public\\index.php(17): Illuminate\\Foundation\\Application->handleRequest(Object(Illuminate\\Http\\Request))
#50 C:\\xampp\\htdocs\\final-project-nf\\prelovedcampus\\vendor\\laravel\\framework\\src\\Illuminate\\Foundation\\resources\\server.php(23): require_once('C:\\\\xampp\\\\htdocs...')
#51 {main}

[previous exception] [object] (PDOException(code: 23000): SQLSTATE[23000]: Integrity constraint violation: 1048 Column 'password' cannot be null at C:\\xampp\\htdocs\\final-project-nf\\prelovedcampus\\vendor\\laravel\\framework\\src\\Illuminate\\Database\\MySqlConnection.php:53)
[stacktrace]
#0 C:\\xampp\\htdocs\\final-project-nf\\prelovedcampus\\vendor\\laravel\\framework\\src\\Illuminate\\Database\\MySqlConnection.php(53): PDOStatement->execute()
#1 C:\\xampp\\htdocs\\final-project-nf\\prelovedcampus\\vendor\\laravel\\framework\\src\\Illuminate\\Database\\Connection.php(812): Illuminate\\Database\\MySqlConnection->Illuminate\\Database\\{closure}('insert into `us...', Array)
#2 C:\\xampp\\htdocs\\final-project-nf\\prelovedcampus\\vendor\\laravel\\framework\\src\\Illuminate\\Database\\Connection.php(779): Illuminate\\Database\\Connection->runQueryCallback('insert into `us...', Array, Object(Closure))
#3 C:\\xampp\\htdocs\\final-project-nf\\prelovedcampus\\vendor\\laravel\\framework\\src\\Illuminate\\Database\\MySqlConnection.php(42): Illuminate\\Database\\Connection->run('insert into `us...', Array, Object(Closure))
#4 C:\\xampp\\htdocs\\final-project-nf\\prelovedcampus\\vendor\\laravel\\framework\\src\\Illuminate\\Database\\Query\\Processors\\MySqlProcessor.php(35): Illuminate\\Database\\MySqlConnection->insert('insert into `us...', Array, 'id')
#5 C:\\xampp\\htdocs\\final-project-nf\\prelovedcampus\\vendor\\laravel\\framework\\src\\Illuminate\\Database\\Query\\Builder.php(3798): Illuminate\\Database\\Query\\Processors\\MySqlProcessor->processInsertGetId(Object(Illuminate\\Database\\Query\\Builder), 'insert into `us...', Array, 'id')
#6 C:\\xampp\\htdocs\\final-project-nf\\prelovedcampus\\vendor\\laravel\\framework\\src\\Illuminate\\Database\\Eloquent\\Builder.php(2038): Illuminate\\Database\\Query\\Builder->insertGetId(Array, 'id')
#7 C:\\xampp\\htdocs\\final-project-nf\\prelovedcampus\\vendor\\laravel\\framework\\src\\Illuminate\\Database\\Eloquent\\Model.php(1358): Illuminate\\Database\\Eloquent\\Builder->__call('insertGetId', Array)
#8 C:\\xampp\\htdocs\\final-project-nf\\prelovedcampus\\vendor\\laravel\\framework\\src\\Illuminate\\Database\\Eloquent\\Model.php(1323): Illuminate\\Database\\Eloquent\\Model->insertAndSetId(Object(Illuminate\\Database\\Eloquent\\Builder), Array)
#9 C:\\xampp\\htdocs\\final-project-nf\\prelovedcampus\\vendor\\laravel\\framework\\src\\Illuminate\\Database\\Eloquent\\Model.php(1162): Illuminate\\Database\\Eloquent\\Model->performInsert(Object(Illuminate\\Database\\Eloquent\\Builder))
#10 C:\\xampp\\htdocs\\final-project-nf\\prelovedcampus\\vendor\\laravel\\framework\\src\\Illuminate\\Database\\Eloquent\\Builder.php(1079): Illuminate\\Database\\Eloquent\\Model->save()
#11 C:\\xampp\\htdocs\\final-project-nf\\prelovedcampus\\vendor\\laravel\\framework\\src\\Illuminate\\Support\\helpers.php(380): Illuminate\\Database\\Eloquent\\Builder->Illuminate\\Database\\Eloquent\\{closure}(Object(App\\Models\\User))
#12 C:\\xampp\\htdocs\\final-project-nf\\prelovedcampus\\vendor\\laravel\\framework\\src\\Illuminate\\Database\\Eloquent\\Builder.php(1078): tap(Object(App\\Models\\User), Object(Closure))
#13 C:\\xampp\\htdocs\\final-project-nf\\prelovedcampus\\vendor\\laravel\\framework\\src\\Illuminate\\Support\\Traits\\ForwardsCalls.php(23): Illuminate\\Database\\Eloquent\\Builder->create(Array)
#14 C:\\xampp\\htdocs\\final-project-nf\\prelovedcampus\\vendor\\laravel\\framework\\src\\Illuminate\\Database\\Eloquent\\Model.php(2367): Illuminate\\Database\\Eloquent\\Model->forwardCallTo(Object(Illuminate\\Database\\Eloquent\\Builder), 'create', Array)
#15 C:\\xampp\\htdocs\\final-project-nf\\prelovedcampus\\vendor\\laravel\\framework\\src\\Illuminate\\Database\\Eloquent\\Model.php(2379): Illuminate\\Database\\Eloquent\\Model->__call('create', Array)
#16 C:\\xampp\\htdocs\\final-project-nf\\prelovedcampus\\app\\Http\\Controllers\\UserController.php(51): Illuminate\\Database\\Eloquent\\Model::__callStatic('create', Array)
#17 C:\\xampp\\htdocs\\final-project-nf\\prelovedcampus\\vendor\\laravel\\framework\\src\\Illuminate\\Routing\\ControllerDispatcher.php(46): App\\Http\\Controllers\\UserController->store(Object(Illuminate\\Http\\Request))
#18 C:\\xampp\\htdocs\\final-project-nf\\prelovedcampus\\vendor\\laravel\\framework\\src\\Illuminate\\Routing\\Route.php(264): Illuminate\\Routing\\ControllerDispatcher->dispatch(Object(Illuminate\\Routing\\Route), Object(App\\Http\\Controllers\\UserController), 'store')
#19 C:\\xampp\\htdocs\\final-project-nf\\prelovedcampus\\vendor\\laravel\\framework\\src\\Illuminate\\Routing\\Route.php(210): Illuminate\\Routing\\Route->runController()
#20 C:\\xampp\\htdocs\\final-project-nf\\prelovedcampus\\vendor\\laravel\\framework\\src\\Illuminate\\Routing\\Router.php(808): Illuminate\\Routing\\Route->run()
#21 C:\\xampp\\htdocs\\final-project-nf\\prelovedcampus\\vendor\\laravel\\framework\\src\\Illuminate\\Pipeline\\Pipeline.php(144): Illuminate\\Routing\\Router->Illuminate\\Routing\\{closure}(Object(Illuminate\\Http\\Request))
#22 C:\\xampp\\htdocs\\final-project-nf\\prelovedcampus\\vendor\\laravel\\framework\\src\\Illuminate\\Routing\\Middleware\\SubstituteBindings.php(51): Illuminate\\Pipeline\\Pipeline->Illuminate\\Pipeline\\{closure}(Object(Illuminate\\Http\\Request))
#23 C:\\xampp\\htdocs\\final-project-nf\\prelovedcampus\\vendor\\laravel\\framework\\src\\Illuminate\\Pipeline\\Pipeline.php(183): Illuminate\\Routing\\Middleware\\SubstituteBindings->handle(Object(Illuminate\\Http\\Request), Object(Closure))
#24 C:\\xampp\\htdocs\\final-project-nf\\prelovedcampus\\vendor\\laravel\\framework\\src\\Illuminate\\Pipeline\\Pipeline.php(119): Illuminate\\Pipeline\\Pipeline->Illuminate\\Pipeline\\{closure}(Object(Illuminate\\Http\\Request))
#25 C:\\xampp\\htdocs\\final-project-nf\\prelovedcampus\\vendor\\laravel\\framework\\src\\Illuminate\\Routing\\Router.php(807): Illuminate\\Pipeline\\Pipeline->then(Object(Closure))
#26 C:\\xampp\\htdocs\\final-project-nf\\prelovedcampus\\vendor\\laravel\\framework\\src\\Illuminate\\Routing\\Router.php(786): Illuminate\\Routing\\Router->runRouteWithinStack(Object(Illuminate\\Routing\\Route), Object(Illuminate\\Http\\Request))
#27 C:\\xampp\\htdocs\\final-project-nf\\prelovedcampus\\vendor\\laravel\\framework\\src\\Illuminate\\Routing\\Router.php(750): Illuminate\\Routing\\Router->runRoute(Object(Illuminate\\Http\\Request), Object(Illuminate\\Routing\\Route))
#28 C:\\xampp\\htdocs\\final-project-nf\\prelovedcampus\\vendor\\laravel\\framework\\src\\Illuminate\\Routing\\Router.php(739): Illuminate\\Routing\\Router->dispatchToRoute(Object(Illuminate\\Http\\Request))
#29 C:\\xampp\\htdocs\\final-project-nf\\prelovedcampus\\vendor\\laravel\\framework\\src\\Illuminate\\Foundation\\Http\\Kernel.php(201): Illuminate\\Routing\\Router->dispatch(Object(Illuminate\\Http\\Request))
#30 C:\\xampp\\htdocs\\final-project-nf\\prelovedcampus\\vendor\\laravel\\framework\\src\\Illuminate\\Pipeline\\Pipeline.php(144): Illuminate\\Foundation\\Http\\Kernel->Illuminate\\Foundation\\Http\\{closure}(Object(Illuminate\\Http\\Request))
#31 C:\\xampp\\htdocs\\final-project-nf\\prelovedcampus\\vendor\\laravel\\framework\\src\\Illuminate\\Foundation\\Http\\Middleware\\TransformsRequest.php(21): Illuminate\\Pipeline\\Pipeline->Illuminate\\Pipeline\\{closure}(Object(Illuminate\\Http\\Request))
#32 C:\\xampp\\htdocs\\final-project-nf\\prelovedcampus\\vendor\\laravel\\framework\\src\\Illuminate\\Foundation\\Http\\Middleware\\ConvertEmptyStringsToNull.php(31): Illuminate\\Foundation\\Http\\Middleware\\TransformsRequest->handle(Object(Illuminate\\Http\\Request), Object(Closure))
#33 C:\\xampp\\htdocs\\final-project-nf\\prelovedcampus\\vendor\\laravel\\framework\\src\\Illuminate\\Pipeline\\Pipeline.php(183): Illuminate\\Foundation\\Http\\Middleware\\ConvertEmptyStringsToNull->handle(Object(Illuminate\\Http\\Request), Object(Closure))
#34 C:\\xampp\\htdocs\\final-project-nf\\prelovedcampus\\vendor\\laravel\\framework\\src\\Illuminate\\Foundation\\Http\\Middleware\\TransformsRequest.php(21): Illuminate\\Pipeline\\Pipeline->Illuminate\\Pipeline\\{closure}(Object(Illuminate\\Http\\Request))
#35 C:\\xampp\\htdocs\\final-project-nf\\prelovedcampus\\vendor\\laravel\\framework\\src\\Illuminate\\Foundation\\Http\\Middleware\\TrimStrings.php(51): Illuminate\\Foundation\\Http\\Middleware\\TransformsRequest->handle(Object(Illuminate\\Http\\Request), Object(Closure))
#36 C:\\xampp\\htdocs\\final-project-nf\\prelovedcampus\\vendor\\laravel\\framework\\src\\Illuminate\\Pipeline\\Pipeline.php(183): Illuminate\\Foundation\\Http\\Middleware\\TrimStrings->handle(Object(Illuminate\\Http\\Request), Object(Closure))
#37 C:\\xampp\\htdocs\\final-project-nf\\prelovedcampus\\vendor\\laravel\\framework\\src\\Illuminate\\Http\\Middleware\\ValidatePostSize.php(27): Illuminate\\Pipeline\\Pipeline->Illuminate\\Pipeline\\{closure}(Object(Illuminate\\Http\\Request))
#38 C:\\xampp\\htdocs\\final-project-nf\\prelovedcampus\\vendor\\laravel\\framework\\src\\Illuminate\\Pipeline\\Pipeline.php(183): Illuminate\\Http\\Middleware\\ValidatePostSize->handle(Object(Illuminate\\Http\\Request), Object(Closure))
#39 C:\\xampp\\htdocs\\final-project-nf\\prelovedcampus\\vendor\\laravel\\framework\\src\\Illuminate\\Foundation\\Http\\Middleware\\PreventRequestsDuringMaintenance.php(110): Illuminate\\Pipeline\\Pipeline->Illuminate\\Pipeline\\{closure}(Object(Illuminate\\Http\\Request))
#40 C:\\xampp\\htdocs\\final-project-nf\\prelovedcampus\\vendor\\laravel\\framework\\src\\Illuminate\\Pipeline\\Pipeline.php(183): Illuminate\\Foundation\\Http\\Middleware\\PreventRequestsDuringMaintenance->handle(Object(Illuminate\\Http\\Request), Object(Closure))
#41 C:\\xampp\\htdocs\\final-project-nf\\prelovedcampus\\vendor\\laravel\\framework\\src\\Illuminate\\Http\\Middleware\\HandleCors.php(62): Illuminate\\Pipeline\\Pipeline->Illuminate\\Pipeline\\{closure}(Object(Illuminate\\Http\\Request))
#42 C:\\xampp\\htdocs\\final-project-nf\\prelovedcampus\\vendor\\laravel\\framework\\src\\Illuminate\\Pipeline\\Pipeline.php(183): Illuminate\\Http\\Middleware\\HandleCors->handle(Object(Illuminate\\Http\\Request), Object(Closure))
#43 C:\\xampp\\htdocs\\final-project-nf\\prelovedcampus\\vendor\\laravel\\framework\\src\\Illuminate\\Http\\Middleware\\TrustProxies.php(58): Illuminate\\Pipeline\\Pipeline->Illuminate\\Pipeline\\{closure}(Object(Illuminate\\Http\\Request))
#44 C:\\xampp\\htdocs\\final-project-nf\\prelovedcampus\\vendor\\laravel\\framework\\src\\Illuminate\\Pipeline\\Pipeline.php(183): Illuminate\\Http\\Middleware\\TrustProxies->handle(Object(Illuminate\\Http\\Request), Object(Closure))
#45 C:\\xampp\\htdocs\\final-project-nf\\prelovedcampus\\vendor\\laravel\\framework\\src\\Illuminate\\Foundation\\Http\\Middleware\\InvokeDeferredCallbacks.php(22): Illuminate\\Pipeline\\Pipeline->Illuminate\\Pipeline\\{closure}(Object(Illuminate\\Http\\Request))
#46 C:\\xampp\\htdocs\\final-project-nf\\prelovedcampus\\vendor\\laravel\\framework\\src\\Illuminate\\Pipeline\\Pipeline.php(183): Illuminate\\Foundation\\Http\\Middleware\\InvokeDeferredCallbacks->handle(Object(Illuminate\\Http\\Request), Object(Closure))
#47 C:\\xampp\\htdocs\\final-project-nf\\prelovedcampus\\vendor\\laravel\\framework\\src\\Illuminate\\Pipeline\\Pipeline.php(119): Illuminate\\Pipeline\\Pipeline->Illuminate\\Pipeline\\{closure}(Object(Illuminate\\Http\\Request))
#48 C:\\xampp\\htdocs\\final-project-nf\\prelovedcampus\\vendor\\laravel\\framework\\src\\Illuminate\\Foundation\\Http\\Kernel.php(176): Illuminate\\Pipeline\\Pipeline->then(Object(Closure))
#49 C:\\xampp\\htdocs\\final-project-nf\\prelovedcampus\\vendor\\laravel\\framework\\src\\Illuminate\\Foundation\\Http\\Kernel.php(145): Illuminate\\Foundation\\Http\\Kernel->sendRequestThroughRouter(Object(Illuminate\\Http\\Request))
#50 C:\\xampp\\htdocs\\final-project-nf\\prelovedcampus\\vendor\\laravel\\framework\\src\\Illuminate\\Foundation\\Application.php(1188): Illuminate\\Foundation\\Http\\Kernel->handle(Object(Illuminate\\Http\\Request))
#51 C:\\xampp\\htdocs\\final-project-nf\\prelovedcampus\\public\\index.php(17): Illuminate\\Foundation\\Application->handleRequest(Object(Illuminate\\Http\\Request))
#52 C:\\xampp\\htdocs\\final-project-nf\\prelovedcampus\\vendor\\laravel\\framework\\src\\Illuminate\\Foundation\\resources\\server.php(23): require_once('C:\\\\xampp\\\\htdocs...')
#53 {main}
"} 
[2024-11-11 18:18:32] local.ERROR: SQLSTATE[22001]: String data, right truncated: 1406 Data too long for column 'password' at row 1 (Connection: mysql, SQL: insert into `user` (`nama`, `email`, `password`, `foto`, `no_hp`, `alamat`, `role_id`) values (Franky Delphi, franky@gmail.com, $2y$12$jnBiBLpIl5nMbVLvMRpxlOHFjIi8r9Pup0uiqqoqjYO8ls6XIQncy, franky.jpg, 43654365, Jl. Haji Rusdi No. 21, 2)) {"exception":"[object] (Illuminate\\Database\\QueryException(code: 22001): SQLSTATE[22001]: String data, right truncated: 1406 Data too long for column 'password' at row 1 (Connection: mysql, SQL: insert into `user` (`nama`, `email`, `password`, `foto`, `no_hp`, `alamat`, `role_id`) values (Franky Delphi, franky@gmail.com, $2y$12$jnBiBLpIl5nMbVLvMRpxlOHFjIi8r9Pup0uiqqoqjYO8ls6XIQncy, franky.jpg, 43654365, Jl. Haji Rusdi No. 21, 2)) at C:\\xampp\\htdocs\\final-project-nf\\prelovedcampus\\vendor\\laravel\\framework\\src\\Illuminate\\Database\\Connection.php:825)
[stacktrace]
#0 C:\\xampp\\htdocs\\final-project-nf\\prelovedcampus\\vendor\\laravel\\framework\\src\\Illuminate\\Database\\Connection.php(779): Illuminate\\Database\\Connection->runQueryCallback('insert into `us...', Array, Object(Closure))
#1 C:\\xampp\\htdocs\\final-project-nf\\prelovedcampus\\vendor\\laravel\\framework\\src\\Illuminate\\Database\\MySqlConnection.php(42): Illuminate\\Database\\Connection->run('insert into `us...', Array, Object(Closure))
#2 C:\\xampp\\htdocs\\final-project-nf\\prelovedcampus\\vendor\\laravel\\framework\\src\\Illuminate\\Database\\Query\\Processors\\MySqlProcessor.php(35): Illuminate\\Database\\MySqlConnection->insert('insert into `us...', Array, 'id')
#3 C:\\xampp\\htdocs\\final-project-nf\\prelovedcampus\\vendor\\laravel\\framework\\src\\Illuminate\\Database\\Query\\Builder.php(3798): Illuminate\\Database\\Query\\Processors\\MySqlProcessor->processInsertGetId(Object(Illuminate\\Database\\Query\\Builder), 'insert into `us...', Array, 'id')
#4 C:\\xampp\\htdocs\\final-project-nf\\prelovedcampus\\vendor\\laravel\\framework\\src\\Illuminate\\Database\\Eloquent\\Builder.php(2038): Illuminate\\Database\\Query\\Builder->insertGetId(Array, 'id')
#5 C:\\xampp\\htdocs\\final-project-nf\\prelovedcampus\\vendor\\laravel\\framework\\src\\Illuminate\\Database\\Eloquent\\Model.php(1358): Illuminate\\Database\\Eloquent\\Builder->__call('insertGetId', Array)
#6 C:\\xampp\\htdocs\\final-project-nf\\prelovedcampus\\vendor\\laravel\\framework\\src\\Illuminate\\Database\\Eloquent\\Model.php(1323): Illuminate\\Database\\Eloquent\\Model->insertAndSetId(Object(Illuminate\\Database\\Eloquent\\Builder), Array)
#7 C:\\xampp\\htdocs\\final-project-nf\\prelovedcampus\\vendor\\laravel\\framework\\src\\Illuminate\\Database\\Eloquent\\Model.php(1162): Illuminate\\Database\\Eloquent\\Model->performInsert(Object(Illuminate\\Database\\Eloquent\\Builder))
#8 C:\\xampp\\htdocs\\final-project-nf\\prelovedcampus\\vendor\\laravel\\framework\\src\\Illuminate\\Database\\Eloquent\\Builder.php(1079): Illuminate\\Database\\Eloquent\\Model->save()
#9 C:\\xampp\\htdocs\\final-project-nf\\prelovedcampus\\vendor\\laravel\\framework\\src\\Illuminate\\Support\\helpers.php(380): Illuminate\\Database\\Eloquent\\Builder->Illuminate\\Database\\Eloquent\\{closure}(Object(App\\Models\\User))
#10 C:\\xampp\\htdocs\\final-project-nf\\prelovedcampus\\vendor\\laravel\\framework\\src\\Illuminate\\Database\\Eloquent\\Builder.php(1078): tap(Object(App\\Models\\User), Object(Closure))
#11 C:\\xampp\\htdocs\\final-project-nf\\prelovedcampus\\vendor\\laravel\\framework\\src\\Illuminate\\Support\\Traits\\ForwardsCalls.php(23): Illuminate\\Database\\Eloquent\\Builder->create(Array)
#12 C:\\xampp\\htdocs\\final-project-nf\\prelovedcampus\\vendor\\laravel\\framework\\src\\Illuminate\\Database\\Eloquent\\Model.php(2367): Illuminate\\Database\\Eloquent\\Model->forwardCallTo(Object(Illuminate\\Database\\Eloquent\\Builder), 'create', Array)
#13 C:\\xampp\\htdocs\\final-project-nf\\prelovedcampus\\vendor\\laravel\\framework\\src\\Illuminate\\Database\\Eloquent\\Model.php(2379): Illuminate\\Database\\Eloquent\\Model->__call('create', Array)
#14 C:\\xampp\\htdocs\\final-project-nf\\prelovedcampus\\app\\Http\\Controllers\\UserController.php(51): Illuminate\\Database\\Eloquent\\Model::__callStatic('create', Array)
#15 C:\\xampp\\htdocs\\final-project-nf\\prelovedcampus\\vendor\\laravel\\framework\\src\\Illuminate\\Routing\\ControllerDispatcher.php(46): App\\Http\\Controllers\\UserController->store(Object(Illuminate\\Http\\Request))
#16 C:\\xampp\\htdocs\\final-project-nf\\prelovedcampus\\vendor\\laravel\\framework\\src\\Illuminate\\Routing\\Route.php(264): Illuminate\\Routing\\ControllerDispatcher->dispatch(Object(Illuminate\\Routing\\Route), Object(App\\Http\\Controllers\\UserController), 'store')
#17 C:\\xampp\\htdocs\\final-project-nf\\prelovedcampus\\vendor\\laravel\\framework\\src\\Illuminate\\Routing\\Route.php(210): Illuminate\\Routing\\Route->runController()
#18 C:\\xampp\\htdocs\\final-project-nf\\prelovedcampus\\vendor\\laravel\\framework\\src\\Illuminate\\Routing\\Router.php(808): Illuminate\\Routing\\Route->run()
#19 C:\\xampp\\htdocs\\final-project-nf\\prelovedcampus\\vendor\\laravel\\framework\\src\\Illuminate\\Pipeline\\Pipeline.php(144): Illuminate\\Routing\\Router->Illuminate\\Routing\\{closure}(Object(Illuminate\\Http\\Request))
#20 C:\\xampp\\htdocs\\final-project-nf\\prelovedcampus\\vendor\\laravel\\framework\\src\\Illuminate\\Routing\\Middleware\\SubstituteBindings.php(51): Illuminate\\Pipeline\\Pipeline->Illuminate\\Pipeline\\{closure}(Object(Illuminate\\Http\\Request))
#21 C:\\xampp\\htdocs\\final-project-nf\\prelovedcampus\\vendor\\laravel\\framework\\src\\Illuminate\\Pipeline\\Pipeline.php(183): Illuminate\\Routing\\Middleware\\SubstituteBindings->handle(Object(Illuminate\\Http\\Request), Object(Closure))
#22 C:\\xampp\\htdocs\\final-project-nf\\prelovedcampus\\vendor\\laravel\\framework\\src\\Illuminate\\Pipeline\\Pipeline.php(119): Illuminate\\Pipeline\\Pipeline->Illuminate\\Pipeline\\{closure}(Object(Illuminate\\Http\\Request))
#23 C:\\xampp\\htdocs\\final-project-nf\\prelovedcampus\\vendor\\laravel\\framework\\src\\Illuminate\\Routing\\Router.php(807): Illuminate\\Pipeline\\Pipeline->then(Object(Closure))
#24 C:\\xampp\\htdocs\\final-project-nf\\prelovedcampus\\vendor\\laravel\\framework\\src\\Illuminate\\Routing\\Router.php(786): Illuminate\\Routing\\Router->runRouteWithinStack(Object(Illuminate\\Routing\\Route), Object(Illuminate\\Http\\Request))
#25 C:\\xampp\\htdocs\\final-project-nf\\prelovedcampus\\vendor\\laravel\\framework\\src\\Illuminate\\Routing\\Router.php(750): Illuminate\\Routing\\Router->runRoute(Object(Illuminate\\Http\\Request), Object(Illuminate\\Routing\\Route))
#26 C:\\xampp\\htdocs\\final-project-nf\\prelovedcampus\\vendor\\laravel\\framework\\src\\Illuminate\\Routing\\Router.php(739): Illuminate\\Routing\\Router->dispatchToRoute(Object(Illuminate\\Http\\Request))
#27 C:\\xampp\\htdocs\\final-project-nf\\prelovedcampus\\vendor\\laravel\\framework\\src\\Illuminate\\Foundation\\Http\\Kernel.php(201): Illuminate\\Routing\\Router->dispatch(Object(Illuminate\\Http\\Request))
#28 C:\\xampp\\htdocs\\final-project-nf\\prelovedcampus\\vendor\\laravel\\framework\\src\\Illuminate\\Pipeline\\Pipeline.php(144): Illuminate\\Foundation\\Http\\Kernel->Illuminate\\Foundation\\Http\\{closure}(Object(Illuminate\\Http\\Request))
#29 C:\\xampp\\htdocs\\final-project-nf\\prelovedcampus\\vendor\\laravel\\framework\\src\\Illuminate\\Foundation\\Http\\Middleware\\TransformsRequest.php(21): Illuminate\\Pipeline\\Pipeline->Illuminate\\Pipeline\\{closure}(Object(Illuminate\\Http\\Request))
#30 C:\\xampp\\htdocs\\final-project-nf\\prelovedcampus\\vendor\\laravel\\framework\\src\\Illuminate\\Foundation\\Http\\Middleware\\ConvertEmptyStringsToNull.php(31): Illuminate\\Foundation\\Http\\Middleware\\TransformsRequest->handle(Object(Illuminate\\Http\\Request), Object(Closure))
#31 C:\\xampp\\htdocs\\final-project-nf\\prelovedcampus\\vendor\\laravel\\framework\\src\\Illuminate\\Pipeline\\Pipeline.php(183): Illuminate\\Foundation\\Http\\Middleware\\ConvertEmptyStringsToNull->handle(Object(Illuminate\\Http\\Request), Object(Closure))
#32 C:\\xampp\\htdocs\\final-project-nf\\prelovedcampus\\vendor\\laravel\\framework\\src\\Illuminate\\Foundation\\Http\\Middleware\\TransformsRequest.php(21): Illuminate\\Pipeline\\Pipeline->Illuminate\\Pipeline\\{closure}(Object(Illuminate\\Http\\Request))
#33 C:\\xampp\\htdocs\\final-project-nf\\prelovedcampus\\vendor\\laravel\\framework\\src\\Illuminate\\Foundation\\Http\\Middleware\\TrimStrings.php(51): Illuminate\\Foundation\\Http\\Middleware\\TransformsRequest->handle(Object(Illuminate\\Http\\Request), Object(Closure))
#34 C:\\xampp\\htdocs\\final-project-nf\\prelovedcampus\\vendor\\laravel\\framework\\src\\Illuminate\\Pipeline\\Pipeline.php(183): Illuminate\\Foundation\\Http\\Middleware\\TrimStrings->handle(Object(Illuminate\\Http\\Request), Object(Closure))
#35 C:\\xampp\\htdocs\\final-project-nf\\prelovedcampus\\vendor\\laravel\\framework\\src\\Illuminate\\Http\\Middleware\\ValidatePostSize.php(27): Illuminate\\Pipeline\\Pipeline->Illuminate\\Pipeline\\{closure}(Object(Illuminate\\Http\\Request))
#36 C:\\xampp\\htdocs\\final-project-nf\\prelovedcampus\\vendor\\laravel\\framework\\src\\Illuminate\\Pipeline\\Pipeline.php(183): Illuminate\\Http\\Middleware\\ValidatePostSize->handle(Object(Illuminate\\Http\\Request), Object(Closure))
#37 C:\\xampp\\htdocs\\final-project-nf\\prelovedcampus\\vendor\\laravel\\framework\\src\\Illuminate\\Foundation\\Http\\Middleware\\PreventRequestsDuringMaintenance.php(110): Illuminate\\Pipeline\\Pipeline->Illuminate\\Pipeline\\{closure}(Object(Illuminate\\Http\\Request))
#38 C:\\xampp\\htdocs\\final-project-nf\\prelovedcampus\\vendor\\laravel\\framework\\src\\Illuminate\\Pipeline\\Pipeline.php(183): Illuminate\\Foundation\\Http\\Middleware\\PreventRequestsDuringMaintenance->handle(Object(Illuminate\\Http\\Request), Object(Closure))
#39 C:\\xampp\\htdocs\\final-project-nf\\prelovedcampus\\vendor\\laravel\\framework\\src\\Illuminate\\Http\\Middleware\\HandleCors.php(62): Illuminate\\Pipeline\\Pipeline->Illuminate\\Pipeline\\{closure}(Object(Illuminate\\Http\\Request))
#40 C:\\xampp\\htdocs\\final-project-nf\\prelovedcampus\\vendor\\laravel\\framework\\src\\Illuminate\\Pipeline\\Pipeline.php(183): Illuminate\\Http\\Middleware\\HandleCors->handle(Object(Illuminate\\Http\\Request), Object(Closure))
#41 C:\\xampp\\htdocs\\final-project-nf\\prelovedcampus\\vendor\\laravel\\framework\\src\\Illuminate\\Http\\Middleware\\TrustProxies.php(58): Illuminate\\Pipeline\\Pipeline->Illuminate\\Pipeline\\{closure}(Object(Illuminate\\Http\\Request))
#42 C:\\xampp\\htdocs\\final-project-nf\\prelovedcampus\\vendor\\laravel\\framework\\src\\Illuminate\\Pipeline\\Pipeline.php(183): Illuminate\\Http\\Middleware\\TrustProxies->handle(Object(Illuminate\\Http\\Request), Object(Closure))
#43 C:\\xampp\\htdocs\\final-project-nf\\prelovedcampus\\vendor\\laravel\\framework\\src\\Illuminate\\Foundation\\Http\\Middleware\\InvokeDeferredCallbacks.php(22): Illuminate\\Pipeline\\Pipeline->Illuminate\\Pipeline\\{closure}(Object(Illuminate\\Http\\Request))
#44 C:\\xampp\\htdocs\\final-project-nf\\prelovedcampus\\vendor\\laravel\\framework\\src\\Illuminate\\Pipeline\\Pipeline.php(183): Illuminate\\Foundation\\Http\\Middleware\\InvokeDeferredCallbacks->handle(Object(Illuminate\\Http\\Request), Object(Closure))
#45 C:\\xampp\\htdocs\\final-project-nf\\prelovedcampus\\vendor\\laravel\\framework\\src\\Illuminate\\Pipeline\\Pipeline.php(119): Illuminate\\Pipeline\\Pipeline->Illuminate\\Pipeline\\{closure}(Object(Illuminate\\Http\\Request))
#46 C:\\xampp\\htdocs\\final-project-nf\\prelovedcampus\\vendor\\laravel\\framework\\src\\Illuminate\\Foundation\\Http\\Kernel.php(176): Illuminate\\Pipeline\\Pipeline->then(Object(Closure))
#47 C:\\xampp\\htdocs\\final-project-nf\\prelovedcampus\\vendor\\laravel\\framework\\src\\Illuminate\\Foundation\\Http\\Kernel.php(145): Illuminate\\Foundation\\Http\\Kernel->sendRequestThroughRouter(Object(Illuminate\\Http\\Request))
#48 C:\\xampp\\htdocs\\final-project-nf\\prelovedcampus\\vendor\\laravel\\framework\\src\\Illuminate\\Foundation\\Application.php(1188): Illuminate\\Foundation\\Http\\Kernel->handle(Object(Illuminate\\Http\\Request))
#49 C:\\xampp\\htdocs\\final-project-nf\\prelovedcampus\\public\\index.php(17): Illuminate\\Foundation\\Application->handleRequest(Object(Illuminate\\Http\\Request))
#50 C:\\xampp\\htdocs\\final-project-nf\\prelovedcampus\\vendor\\laravel\\framework\\src\\Illuminate\\Foundation\\resources\\server.php(23): require_once('C:\\\\xampp\\\\htdocs...')
#51 {main}

[previous exception] [object] (PDOException(code: 22001): SQLSTATE[22001]: String data, right truncated: 1406 Data too long for column 'password' at row 1 at C:\\xampp\\htdocs\\final-project-nf\\prelovedcampus\\vendor\\laravel\\framework\\src\\Illuminate\\Database\\MySqlConnection.php:53)
[stacktrace]
#0 C:\\xampp\\htdocs\\final-project-nf\\prelovedcampus\\vendor\\laravel\\framework\\src\\Illuminate\\Database\\MySqlConnection.php(53): PDOStatement->execute()
#1 C:\\xampp\\htdocs\\final-project-nf\\prelovedcampus\\vendor\\laravel\\framework\\src\\Illuminate\\Database\\Connection.php(812): Illuminate\\Database\\MySqlConnection->Illuminate\\Database\\{closure}('insert into `us...', Array)
#2 C:\\xampp\\htdocs\\final-project-nf\\prelovedcampus\\vendor\\laravel\\framework\\src\\Illuminate\\Database\\Connection.php(779): Illuminate\\Database\\Connection->runQueryCallback('insert into `us...', Array, Object(Closure))
#3 C:\\xampp\\htdocs\\final-project-nf\\prelovedcampus\\vendor\\laravel\\framework\\src\\Illuminate\\Database\\MySqlConnection.php(42): Illuminate\\Database\\Connection->run('insert into `us...', Array, Object(Closure))
#4 C:\\xampp\\htdocs\\final-project-nf\\prelovedcampus\\vendor\\laravel\\framework\\src\\Illuminate\\Database\\Query\\Processors\\MySqlProcessor.php(35): Illuminate\\Database\\MySqlConnection->insert('insert into `us...', Array, 'id')
#5 C:\\xampp\\htdocs\\final-project-nf\\prelovedcampus\\vendor\\laravel\\framework\\src\\Illuminate\\Database\\Query\\Builder.php(3798): Illuminate\\Database\\Query\\Processors\\MySqlProcessor->processInsertGetId(Object(Illuminate\\Database\\Query\\Builder), 'insert into `us...', Array, 'id')
#6 C:\\xampp\\htdocs\\final-project-nf\\prelovedcampus\\vendor\\laravel\\framework\\src\\Illuminate\\Database\\Eloquent\\Builder.php(2038): Illuminate\\Database\\Query\\Builder->insertGetId(Array, 'id')
#7 C:\\xampp\\htdocs\\final-project-nf\\prelovedcampus\\vendor\\laravel\\framework\\src\\Illuminate\\Database\\Eloquent\\Model.php(1358): Illuminate\\Database\\Eloquent\\Builder->__call('insertGetId', Array)
#8 C:\\xampp\\htdocs\\final-project-nf\\prelovedcampus\\vendor\\laravel\\framework\\src\\Illuminate\\Database\\Eloquent\\Model.php(1323): Illuminate\\Database\\Eloquent\\Model->insertAndSetId(Object(Illuminate\\Database\\Eloquent\\Builder), Array)
#9 C:\\xampp\\htdocs\\final-project-nf\\prelovedcampus\\vendor\\laravel\\framework\\src\\Illuminate\\Database\\Eloquent\\Model.php(1162): Illuminate\\Database\\Eloquent\\Model->performInsert(Object(Illuminate\\Database\\Eloquent\\Builder))
#10 C:\\xampp\\htdocs\\final-project-nf\\prelovedcampus\\vendor\\laravel\\framework\\src\\Illuminate\\Database\\Eloquent\\Builder.php(1079): Illuminate\\Database\\Eloquent\\Model->save()
#11 C:\\xampp\\htdocs\\final-project-nf\\prelovedcampus\\vendor\\laravel\\framework\\src\\Illuminate\\Support\\helpers.php(380): Illuminate\\Database\\Eloquent\\Builder->Illuminate\\Database\\Eloquent\\{closure}(Object(App\\Models\\User))
#12 C:\\xampp\\htdocs\\final-project-nf\\prelovedcampus\\vendor\\laravel\\framework\\src\\Illuminate\\Database\\Eloquent\\Builder.php(1078): tap(Object(App\\Models\\User), Object(Closure))
#13 C:\\xampp\\htdocs\\final-project-nf\\prelovedcampus\\vendor\\laravel\\framework\\src\\Illuminate\\Support\\Traits\\ForwardsCalls.php(23): Illuminate\\Database\\Eloquent\\Builder->create(Array)
#14 C:\\xampp\\htdocs\\final-project-nf\\prelovedcampus\\vendor\\laravel\\framework\\src\\Illuminate\\Database\\Eloquent\\Model.php(2367): Illuminate\\Database\\Eloquent\\Model->forwardCallTo(Object(Illuminate\\Database\\Eloquent\\Builder), 'create', Array)
#15 C:\\xampp\\htdocs\\final-project-nf\\prelovedcampus\\vendor\\laravel\\framework\\src\\Illuminate\\Database\\Eloquent\\Model.php(2379): Illuminate\\Database\\Eloquent\\Model->__call('create', Array)
#16 C:\\xampp\\htdocs\\final-project-nf\\prelovedcampus\\app\\Http\\Controllers\\UserController.php(51): Illuminate\\Database\\Eloquent\\Model::__callStatic('create', Array)
#17 C:\\xampp\\htdocs\\final-project-nf\\prelovedcampus\\vendor\\laravel\\framework\\src\\Illuminate\\Routing\\ControllerDispatcher.php(46): App\\Http\\Controllers\\UserController->store(Object(Illuminate\\Http\\Request))
#18 C:\\xampp\\htdocs\\final-project-nf\\prelovedcampus\\vendor\\laravel\\framework\\src\\Illuminate\\Routing\\Route.php(264): Illuminate\\Routing\\ControllerDispatcher->dispatch(Object(Illuminate\\Routing\\Route), Object(App\\Http\\Controllers\\UserController), 'store')
#19 C:\\xampp\\htdocs\\final-project-nf\\prelovedcampus\\vendor\\laravel\\framework\\src\\Illuminate\\Routing\\Route.php(210): Illuminate\\Routing\\Route->runController()
#20 C:\\xampp\\htdocs\\final-project-nf\\prelovedcampus\\vendor\\laravel\\framework\\src\\Illuminate\\Routing\\Router.php(808): Illuminate\\Routing\\Route->run()
#21 C:\\xampp\\htdocs\\final-project-nf\\prelovedcampus\\vendor\\laravel\\framework\\src\\Illuminate\\Pipeline\\Pipeline.php(144): Illuminate\\Routing\\Router->Illuminate\\Routing\\{closure}(Object(Illuminate\\Http\\Request))
#22 C:\\xampp\\htdocs\\final-project-nf\\prelovedcampus\\vendor\\laravel\\framework\\src\\Illuminate\\Routing\\Middleware\\SubstituteBindings.php(51): Illuminate\\Pipeline\\Pipeline->Illuminate\\Pipeline\\{closure}(Object(Illuminate\\Http\\Request))
#23 C:\\xampp\\htdocs\\final-project-nf\\prelovedcampus\\vendor\\laravel\\framework\\src\\Illuminate\\Pipeline\\Pipeline.php(183): Illuminate\\Routing\\Middleware\\SubstituteBindings->handle(Object(Illuminate\\Http\\Request), Object(Closure))
#24 C:\\xampp\\htdocs\\final-project-nf\\prelovedcampus\\vendor\\laravel\\framework\\src\\Illuminate\\Pipeline\\Pipeline.php(119): Illuminate\\Pipeline\\Pipeline->Illuminate\\Pipeline\\{closure}(Object(Illuminate\\Http\\Request))
#25 C:\\xampp\\htdocs\\final-project-nf\\prelovedcampus\\vendor\\laravel\\framework\\src\\Illuminate\\Routing\\Router.php(807): Illuminate\\Pipeline\\Pipeline->then(Object(Closure))
#26 C:\\xampp\\htdocs\\final-project-nf\\prelovedcampus\\vendor\\laravel\\framework\\src\\Illuminate\\Routing\\Router.php(786): Illuminate\\Routing\\Router->runRouteWithinStack(Object(Illuminate\\Routing\\Route), Object(Illuminate\\Http\\Request))
#27 C:\\xampp\\htdocs\\final-project-nf\\prelovedcampus\\vendor\\laravel\\framework\\src\\Illuminate\\Routing\\Router.php(750): Illuminate\\Routing\\Router->runRoute(Object(Illuminate\\Http\\Request), Object(Illuminate\\Routing\\Route))
#28 C:\\xampp\\htdocs\\final-project-nf\\prelovedcampus\\vendor\\laravel\\framework\\src\\Illuminate\\Routing\\Router.php(739): Illuminate\\Routing\\Router->dispatchToRoute(Object(Illuminate\\Http\\Request))
#29 C:\\xampp\\htdocs\\final-project-nf\\prelovedcampus\\vendor\\laravel\\framework\\src\\Illuminate\\Foundation\\Http\\Kernel.php(201): Illuminate\\Routing\\Router->dispatch(Object(Illuminate\\Http\\Request))
#30 C:\\xampp\\htdocs\\final-project-nf\\prelovedcampus\\vendor\\laravel\\framework\\src\\Illuminate\\Pipeline\\Pipeline.php(144): Illuminate\\Foundation\\Http\\Kernel->Illuminate\\Foundation\\Http\\{closure}(Object(Illuminate\\Http\\Request))
#31 C:\\xampp\\htdocs\\final-project-nf\\prelovedcampus\\vendor\\laravel\\framework\\src\\Illuminate\\Foundation\\Http\\Middleware\\TransformsRequest.php(21): Illuminate\\Pipeline\\Pipeline->Illuminate\\Pipeline\\{closure}(Object(Illuminate\\Http\\Request))
#32 C:\\xampp\\htdocs\\final-project-nf\\prelovedcampus\\vendor\\laravel\\framework\\src\\Illuminate\\Foundation\\Http\\Middleware\\ConvertEmptyStringsToNull.php(31): Illuminate\\Foundation\\Http\\Middleware\\TransformsRequest->handle(Object(Illuminate\\Http\\Request), Object(Closure))
#33 C:\\xampp\\htdocs\\final-project-nf\\prelovedcampus\\vendor\\laravel\\framework\\src\\Illuminate\\Pipeline\\Pipeline.php(183): Illuminate\\Foundation\\Http\\Middleware\\ConvertEmptyStringsToNull->handle(Object(Illuminate\\Http\\Request), Object(Closure))
#34 C:\\xampp\\htdocs\\final-project-nf\\prelovedcampus\\vendor\\laravel\\framework\\src\\Illuminate\\Foundation\\Http\\Middleware\\TransformsRequest.php(21): Illuminate\\Pipeline\\Pipeline->Illuminate\\Pipeline\\{closure}(Object(Illuminate\\Http\\Request))
#35 C:\\xampp\\htdocs\\final-project-nf\\prelovedcampus\\vendor\\laravel\\framework\\src\\Illuminate\\Foundation\\Http\\Middleware\\TrimStrings.php(51): Illuminate\\Foundation\\Http\\Middleware\\TransformsRequest->handle(Object(Illuminate\\Http\\Request), Object(Closure))
#36 C:\\xampp\\htdocs\\final-project-nf\\prelovedcampus\\vendor\\laravel\\framework\\src\\Illuminate\\Pipeline\\Pipeline.php(183): Illuminate\\Foundation\\Http\\Middleware\\TrimStrings->handle(Object(Illuminate\\Http\\Request), Object(Closure))
#37 C:\\xampp\\htdocs\\final-project-nf\\prelovedcampus\\vendor\\laravel\\framework\\src\\Illuminate\\Http\\Middleware\\ValidatePostSize.php(27): Illuminate\\Pipeline\\Pipeline->Illuminate\\Pipeline\\{closure}(Object(Illuminate\\Http\\Request))
#38 C:\\xampp\\htdocs\\final-project-nf\\prelovedcampus\\vendor\\laravel\\framework\\src\\Illuminate\\Pipeline\\Pipeline.php(183): Illuminate\\Http\\Middleware\\ValidatePostSize->handle(Object(Illuminate\\Http\\Request), Object(Closure))
#39 C:\\xampp\\htdocs\\final-project-nf\\prelovedcampus\\vendor\\laravel\\framework\\src\\Illuminate\\Foundation\\Http\\Middleware\\PreventRequestsDuringMaintenance.php(110): Illuminate\\Pipeline\\Pipeline->Illuminate\\Pipeline\\{closure}(Object(Illuminate\\Http\\Request))
#40 C:\\xampp\\htdocs\\final-project-nf\\prelovedcampus\\vendor\\laravel\\framework\\src\\Illuminate\\Pipeline\\Pipeline.php(183): Illuminate\\Foundation\\Http\\Middleware\\PreventRequestsDuringMaintenance->handle(Object(Illuminate\\Http\\Request), Object(Closure))
#41 C:\\xampp\\htdocs\\final-project-nf\\prelovedcampus\\vendor\\laravel\\framework\\src\\Illuminate\\Http\\Middleware\\HandleCors.php(62): Illuminate\\Pipeline\\Pipeline->Illuminate\\Pipeline\\{closure}(Object(Illuminate\\Http\\Request))
#42 C:\\xampp\\htdocs\\final-project-nf\\prelovedcampus\\vendor\\laravel\\framework\\src\\Illuminate\\Pipeline\\Pipeline.php(183): Illuminate\\Http\\Middleware\\HandleCors->handle(Object(Illuminate\\Http\\Request), Object(Closure))
#43 C:\\xampp\\htdocs\\final-project-nf\\prelovedcampus\\vendor\\laravel\\framework\\src\\Illuminate\\Http\\Middleware\\TrustProxies.php(58): Illuminate\\Pipeline\\Pipeline->Illuminate\\Pipeline\\{closure}(Object(Illuminate\\Http\\Request))
#44 C:\\xampp\\htdocs\\final-project-nf\\prelovedcampus\\vendor\\laravel\\framework\\src\\Illuminate\\Pipeline\\Pipeline.php(183): Illuminate\\Http\\Middleware\\TrustProxies->handle(Object(Illuminate\\Http\\Request), Object(Closure))
#45 C:\\xampp\\htdocs\\final-project-nf\\prelovedcampus\\vendor\\laravel\\framework\\src\\Illuminate\\Foundation\\Http\\Middleware\\InvokeDeferredCallbacks.php(22): Illuminate\\Pipeline\\Pipeline->Illuminate\\Pipeline\\{closure}(Object(Illuminate\\Http\\Request))
#46 C:\\xampp\\htdocs\\final-project-nf\\prelovedcampus\\vendor\\laravel\\framework\\src\\Illuminate\\Pipeline\\Pipeline.php(183): Illuminate\\Foundation\\Http\\Middleware\\InvokeDeferredCallbacks->handle(Object(Illuminate\\Http\\Request), Object(Closure))
#47 C:\\xampp\\htdocs\\final-project-nf\\prelovedcampus\\vendor\\laravel\\framework\\src\\Illuminate\\Pipeline\\Pipeline.php(119): Illuminate\\Pipeline\\Pipeline->Illuminate\\Pipeline\\{closure}(Object(Illuminate\\Http\\Request))
#48 C:\\xampp\\htdocs\\final-project-nf\\prelovedcampus\\vendor\\laravel\\framework\\src\\Illuminate\\Foundation\\Http\\Kernel.php(176): Illuminate\\Pipeline\\Pipeline->then(Object(Closure))
#49 C:\\xampp\\htdocs\\final-project-nf\\prelovedcampus\\vendor\\laravel\\framework\\src\\Illuminate\\Foundation\\Http\\Kernel.php(145): Illuminate\\Foundation\\Http\\Kernel->sendRequestThroughRouter(Object(Illuminate\\Http\\Request))
#50 C:\\xampp\\htdocs\\final-project-nf\\prelovedcampus\\vendor\\laravel\\framework\\src\\Illuminate\\Foundation\\Application.php(1188): Illuminate\\Foundation\\Http\\Kernel->handle(Object(Illuminate\\Http\\Request))
#51 C:\\xampp\\htdocs\\final-project-nf\\prelovedcampus\\public\\index.php(17): Illuminate\\Foundation\\Application->handleRequest(Object(Illuminate\\Http\\Request))
#52 C:\\xampp\\htdocs\\final-project-nf\\prelovedcampus\\vendor\\laravel\\framework\\src\\Illuminate\\Foundation\\resources\\server.php(23): require_once('C:\\\\xampp\\\\htdocs...')
#53 {main}
"} 
[2024-12-10 08:12:23] local.ERROR: The "--columns" option does not exist. {"exception":"[object] (Symfony\\Component\\Console\\Exception\\RuntimeException(code: 0): The \"--columns\" option does not exist. at C:\\xampp\\htdocs\\final-project-nf\\prelovedcampus\\vendor\\symfony\\console\\Input\\ArgvInput.php:220)
[stacktrace]
#0 C:\\xampp\\htdocs\\final-project-nf\\prelovedcampus\\vendor\\symfony\\console\\Input\\ArgvInput.php(147): Symfony\\Component\\Console\\Input\\ArgvInput->addLongOption('columns', 'uri,name,action...')
#1 C:\\xampp\\htdocs\\final-project-nf\\prelovedcampus\\vendor\\symfony\\console\\Input\\ArgvInput.php(82): Symfony\\Component\\Console\\Input\\ArgvInput->parseLongOption('--columns=uri,n...')
#2 C:\\xampp\\htdocs\\final-project-nf\\prelovedcampus\\vendor\\symfony\\console\\Input\\ArgvInput.php(71): Symfony\\Component\\Console\\Input\\ArgvInput->parseToken('--columns=uri,n...', true)
#3 C:\\xampp\\htdocs\\final-project-nf\\prelovedcampus\\vendor\\symfony\\console\\Input\\Input.php(53): Symfony\\Component\\Console\\Input\\ArgvInput->parse()
#4 C:\\xampp\\htdocs\\final-project-nf\\prelovedcampus\\vendor\\symfony\\console\\Command\\Command.php(238): Symfony\\Component\\Console\\Input\\Input->bind(Object(Symfony\\Component\\Console\\Input\\InputDefinition))
#5 C:\\xampp\\htdocs\\final-project-nf\\prelovedcampus\\vendor\\laravel\\framework\\src\\Illuminate\\Console\\Command.php(182): Symfony\\Component\\Console\\Command\\Command->run(Object(Symfony\\Component\\Console\\Input\\ArgvInput), Object(Illuminate\\Console\\OutputStyle))
#6 C:\\xampp\\htdocs\\final-project-nf\\prelovedcampus\\vendor\\symfony\\console\\Application.php(1047): Illuminate\\Console\\Command->run(Object(Symfony\\Component\\Console\\Input\\ArgvInput), Object(Symfony\\Component\\Console\\Output\\ConsoleOutput))
#7 C:\\xampp\\htdocs\\final-project-nf\\prelovedcampus\\vendor\\symfony\\console\\Application.php(316): Symfony\\Component\\Console\\Application->doRunCommand(Object(Illuminate\\Foundation\\Console\\RouteListCommand), Object(Symfony\\Component\\Console\\Input\\ArgvInput), Object(Symfony\\Component\\Console\\Output\\ConsoleOutput))
#8 C:\\xampp\\htdocs\\final-project-nf\\prelovedcampus\\vendor\\symfony\\console\\Application.php(167): Symfony\\Component\\Console\\Application->doRun(Object(Symfony\\Component\\Console\\Input\\ArgvInput), Object(Symfony\\Component\\Console\\Output\\ConsoleOutput))
#9 C:\\xampp\\htdocs\\final-project-nf\\prelovedcampus\\vendor\\laravel\\framework\\src\\Illuminate\\Foundation\\Console\\Kernel.php(197): Symfony\\Component\\Console\\Application->run(Object(Symfony\\Component\\Console\\Input\\ArgvInput), Object(Symfony\\Component\\Console\\Output\\ConsoleOutput))
#10 C:\\xampp\\htdocs\\final-project-nf\\prelovedcampus\\vendor\\laravel\\framework\\src\\Illuminate\\Foundation\\Application.php(1203): Illuminate\\Foundation\\Console\\Kernel->handle(Object(Symfony\\Component\\Console\\Input\\ArgvInput), Object(Symfony\\Component\\Console\\Output\\ConsoleOutput))
#11 C:\\xampp\\htdocs\\final-project-nf\\prelovedcampus\\artisan(13): Illuminate\\Foundation\\Application->handleCommand(Object(Symfony\\Component\\Console\\Input\\ArgvInput))
#12 {main}
"} 
[2024-12-10 08:12:26] local.ERROR: The "--columns" option does not exist. {"exception":"[object] (Symfony\\Component\\Console\\Exception\\RuntimeException(code: 0): The \"--columns\" option does not exist. at C:\\xampp\\htdocs\\final-project-nf\\prelovedcampus\\vendor\\symfony\\console\\Input\\ArgvInput.php:220)
[stacktrace]
#0 C:\\xampp\\htdocs\\final-project-nf\\prelovedcampus\\vendor\\symfony\\console\\Input\\ArgvInput.php(147): Symfony\\Component\\Console\\Input\\ArgvInput->addLongOption('columns', 'uri,name,action...')
#1 C:\\xampp\\htdocs\\final-project-nf\\prelovedcampus\\vendor\\symfony\\console\\Input\\ArgvInput.php(82): Symfony\\Component\\Console\\Input\\ArgvInput->parseLongOption('--columns=uri,n...')
#2 C:\\xampp\\htdocs\\final-project-nf\\prelovedcampus\\vendor\\symfony\\console\\Input\\ArgvInput.php(71): Symfony\\Component\\Console\\Input\\ArgvInput->parseToken('--columns=uri,n...', true)
#3 C:\\xampp\\htdocs\\final-project-nf\\prelovedcampus\\vendor\\symfony\\console\\Input\\Input.php(53): Symfony\\Component\\Console\\Input\\ArgvInput->parse()
#4 C:\\xampp\\htdocs\\final-project-nf\\prelovedcampus\\vendor\\symfony\\console\\Command\\Command.php(238): Symfony\\Component\\Console\\Input\\Input->bind(Object(Symfony\\Component\\Console\\Input\\InputDefinition))
#5 C:\\xampp\\htdocs\\final-project-nf\\prelovedcampus\\vendor\\laravel\\framework\\src\\Illuminate\\Console\\Command.php(182): Symfony\\Component\\Console\\Command\\Command->run(Object(Symfony\\Component\\Console\\Input\\ArgvInput), Object(Illuminate\\Console\\OutputStyle))
#6 C:\\xampp\\htdocs\\final-project-nf\\prelovedcampus\\vendor\\symfony\\console\\Application.php(1047): Illuminate\\Console\\Command->run(Object(Symfony\\Component\\Console\\Input\\ArgvInput), Object(Symfony\\Component\\Console\\Output\\ConsoleOutput))
#7 C:\\xampp\\htdocs\\final-project-nf\\prelovedcampus\\vendor\\symfony\\console\\Application.php(316): Symfony\\Component\\Console\\Application->doRunCommand(Object(Illuminate\\Foundation\\Console\\RouteListCommand), Object(Symfony\\Component\\Console\\Input\\ArgvInput), Object(Symfony\\Component\\Console\\Output\\ConsoleOutput))
#8 C:\\xampp\\htdocs\\final-project-nf\\prelovedcampus\\vendor\\symfony\\console\\Application.php(167): Symfony\\Component\\Console\\Application->doRun(Object(Symfony\\Component\\Console\\Input\\ArgvInput), Object(Symfony\\Component\\Console\\Output\\ConsoleOutput))
#9 C:\\xampp\\htdocs\\final-project-nf\\prelovedcampus\\vendor\\laravel\\framework\\src\\Illuminate\\Foundation\\Console\\Kernel.php(197): Symfony\\Component\\Console\\Application->run(Object(Symfony\\Component\\Console\\Input\\ArgvInput), Object(Symfony\\Component\\Console\\Output\\ConsoleOutput))
#10 C:\\xampp\\htdocs\\final-project-nf\\prelovedcampus\\vendor\\laravel\\framework\\src\\Illuminate\\Foundation\\Application.php(1203): Illuminate\\Foundation\\Console\\Kernel->handle(Object(Symfony\\Component\\Console\\Input\\ArgvInput), Object(Symfony\\Component\\Console\\Output\\ConsoleOutput))
#11 C:\\xampp\\htdocs\\final-project-nf\\prelovedcampus\\artisan(13): Illuminate\\Foundation\\Application->handleCommand(Object(Symfony\\Component\\Console\\Input\\ArgvInput))
#12 {main}
"} 
[2024-12-10 08:12:29] local.ERROR: The "--columns" option does not exist. {"exception":"[object] (Symfony\\Component\\Console\\Exception\\RuntimeException(code: 0): The \"--columns\" option does not exist. at C:\\xampp\\htdocs\\final-project-nf\\prelovedcampus\\vendor\\symfony\\console\\Input\\ArgvInput.php:220)
[stacktrace]
#0 C:\\xampp\\htdocs\\final-project-nf\\prelovedcampus\\vendor\\symfony\\console\\Input\\ArgvInput.php(147): Symfony\\Component\\Console\\Input\\ArgvInput->addLongOption('columns', 'uri,name,action...')
#1 C:\\xampp\\htdocs\\final-project-nf\\prelovedcampus\\vendor\\symfony\\console\\Input\\ArgvInput.php(82): Symfony\\Component\\Console\\Input\\ArgvInput->parseLongOption('--columns=uri,n...')
#2 C:\\xampp\\htdocs\\final-project-nf\\prelovedcampus\\vendor\\symfony\\console\\Input\\ArgvInput.php(71): Symfony\\Component\\Console\\Input\\ArgvInput->parseToken('--columns=uri,n...', true)
#3 C:\\xampp\\htdocs\\final-project-nf\\prelovedcampus\\vendor\\symfony\\console\\Input\\Input.php(53): Symfony\\Component\\Console\\Input\\ArgvInput->parse()
#4 C:\\xampp\\htdocs\\final-project-nf\\prelovedcampus\\vendor\\symfony\\console\\Command\\Command.php(238): Symfony\\Component\\Console\\Input\\Input->bind(Object(Symfony\\Component\\Console\\Input\\InputDefinition))
#5 C:\\xampp\\htdocs\\final-project-nf\\prelovedcampus\\vendor\\laravel\\framework\\src\\Illuminate\\Console\\Command.php(182): Symfony\\Component\\Console\\Command\\Command->run(Object(Symfony\\Component\\Console\\Input\\ArgvInput), Object(Illuminate\\Console\\OutputStyle))
#6 C:\\xampp\\htdocs\\final-project-nf\\prelovedcampus\\vendor\\symfony\\console\\Application.php(1047): Illuminate\\Console\\Command->run(Object(Symfony\\Component\\Console\\Input\\ArgvInput), Object(Symfony\\Component\\Console\\Output\\ConsoleOutput))
#7 C:\\xampp\\htdocs\\final-project-nf\\prelovedcampus\\vendor\\symfony\\console\\Application.php(316): Symfony\\Component\\Console\\Application->doRunCommand(Object(Illuminate\\Foundation\\Console\\RouteListCommand), Object(Symfony\\Component\\Console\\Input\\ArgvInput), Object(Symfony\\Component\\Console\\Output\\ConsoleOutput))
#8 C:\\xampp\\htdocs\\final-project-nf\\prelovedcampus\\vendor\\symfony\\console\\Application.php(167): Symfony\\Component\\Console\\Application->doRun(Object(Symfony\\Component\\Console\\Input\\ArgvInput), Object(Symfony\\Component\\Console\\Output\\ConsoleOutput))
#9 C:\\xampp\\htdocs\\final-project-nf\\prelovedcampus\\vendor\\laravel\\framework\\src\\Illuminate\\Foundation\\Console\\Kernel.php(197): Symfony\\Component\\Console\\Application->run(Object(Symfony\\Component\\Console\\Input\\ArgvInput), Object(Symfony\\Component\\Console\\Output\\ConsoleOutput))
#10 C:\\xampp\\htdocs\\final-project-nf\\prelovedcampus\\vendor\\laravel\\framework\\src\\Illuminate\\Foundation\\Application.php(1203): Illuminate\\Foundation\\Console\\Kernel->handle(Object(Symfony\\Component\\Console\\Input\\ArgvInput), Object(Symfony\\Component\\Console\\Output\\ConsoleOutput))
#11 C:\\xampp\\htdocs\\final-project-nf\\prelovedcampus\\artisan(13): Illuminate\\Foundation\\Application->handleCommand(Object(Symfony\\Component\\Console\\Input\\ArgvInput))
#12 {main}
"} 
